表,食谱,状态,原料,原料类型,营养档案,改前,改后,处理说明
正式食谱,小米山药猪肉,PUBLIC,花椰菜,FOOD,,去老梗、焯水后称重、打碎、充分搅拌,去老梗、焯水、沥干后称重、打碎、充分搅拌,自由文本归一
正式食谱,小米鳕鱼鸡胸,PUBLIC,小米,FOOD,熟,生重、打碎、充分搅拌,熟重、打碎、充分搅拌,熟档案：生重→熟重
正式食谱,创伤恢复+红胡子(牛肉版),DRAFT,小麦胚芽油,FOOD,油脂,dd27baa4-36cb-4405-9092-0eb37e6160fa、af4c8a9c-98bf-4f91-ab07-4927aae2c4c2,充分搅拌,机器码还原、油/粉/补剂：删除口径词
正式食谱,小豆 的鲜食食谱 08/29,PRIVATE_CUSTOM,紫薯,FOOD,生,去皮、煮熟后称重,去皮、生重,生档案：熟制称重→生重
正式食谱,创伤恢复+红胡子(牛肉版),DRAFT,鸡蛋壳粉,SUPPLEMENT,浓缩补剂,dd27baa4-36cb-4405-9092-0eb37e6160fa、af4c8a9c-98bf-4f91-ab07-4927aae2c4c2,充分搅拌,机器码还原、油/粉/补剂：删除口径词
正式食谱,帽帽 的鲜食食谱 07/10,PRIVATE_CUSTOM,山药,FOOD,生,去皮、煮熟后称重、打碎、充分搅拌,去皮、生重、打碎、充分搅拌,生档案：熟制称重→生重
正式食谱,帽帽 的鲜食食谱 07/10,PRIVATE_CUSTOM,南瓜,FOOD,生,去瓤、去皮、煮熟后沥水、称重、打碎、充分搅拌,去瓤、去皮、生重、打碎、充分搅拌,自由文本归一、生档案：熟制称重→生重、去掉多余称重
正式食谱,帽帽 的鲜食食谱 07/10,PRIVATE_CUSTOM,西兰花,FOOD,生,打碎、静置30分钟、焯水沥干、称重、充分搅拌,打碎、静置30分钟、焯水、沥干后称重、充分搅拌,自由文本归一、去掉多余称重
正式食谱,帽帽 的鲜食食谱 07/10,PRIVATE_CUSTOM,小米,FOOD,生,煮熟后称重、充分搅拌,生重、充分搅拌,生档案：熟制称重→生重
正式食谱,derder 夏季鲜食食谱,PRIVATE_CUSTOM,小米,FOOD,生,煮熟后称重、充分搅拌,生重、充分搅拌,生档案：熟制称重→生重
正式食谱,布丁定制食谱,PRIVATE_CUSTOM,大米,FOOD,生,煮熟后称重、打碎、充分搅拌,生重、打碎、充分搅拌,生档案：熟制称重→生重
正式食谱,布丁定制食谱,PRIVATE_CUSTOM,姜黄粉,FOOD,粉,生重、充分搅拌,充分搅拌,油/粉/补剂：删除口径词
正式食谱,猪里脊青花鱼藜麦小米,PUBLIC,四季豆,FOOD,,煮熟后沥水称重、打碎后充分搅拌,煮熟后称重、打碎、充分搅拌,自由文本归一
正式食谱,猪里脊青花鱼藜麦小米,PUBLIC,亚麻籽,FOOD,,打粉后充分搅拌,打粉、充分搅拌,自由文本归一
正式食谱,（咖喱定制）创伤恢复+红胡子,PRIVATE_CUSTOM,猪里脊,FOOD,,"a6409a79-402b-41d1-bfe1-031a67da0876, dd27baa4-36cb-4405-9092-0eb37e6160fa, 7aa01a87-e4d5-4e3b-b4cf-e4634b303853, af4c8a9c-98bf-4f91-ab07-4927aae2c4c2",去油、生重、打碎、充分搅拌,机器码还原
正式食谱,（咖喱定制）创伤恢复+红胡子,PRIVATE_CUSTOM,鸡蛋,FOOD,,"e7f1e345-6aee-4274-9c81-b2463dae82df, 81263f8d-49db-4f56-8607-fe9d1c6e61ce, dd27baa4-36cb-4405-9092-0eb37e6160fa, af4c8a9c-98bf-4f91-ab07-4927aae2c4c2",去壳、全蛋、生重、充分搅拌,机器码还原
正式食谱,黑米鳕鱼鸡胸,DRAFT,红薯,FOOD,熟,去皮、生重、打碎、充分搅拌,去皮、熟重、打碎、充分搅拌,熟档案：生重→熟重
正式食谱,（咖喱定制）创伤恢复+红胡子 (新版本),PRIVATE_CUSTOM,花椰菜,FOOD,熟,去老梗、焯水后称重、打碎、充分搅拌,去老梗、焯水、沥干后称重、打碎、充分搅拌,自由文本归一
正式食谱,糙米三文鱼鸭肉,PRIVATE_CUSTOM,豌豆,FOOD,,煮熟、打碎、充分搅拌,煮熟后称重、打碎、充分搅拌,自由文本归一
正式食谱,（咖喱定制）创伤恢复+红胡子 (新版本),PRIVATE_CUSTOM,小麦胚芽油,FOOD,油脂,生重、充分搅拌,充分搅拌,油/粉/补剂：删除口径词
正式食谱,（咖喱定制）创伤恢复+红胡子 (新版本),PRIVATE_CUSTOM,碳酸钙粉,SUPPLEMENT,浓缩补剂,生重、充分搅拌,充分搅拌,油/粉/补剂：删除口径词
正式食谱,糙米三文鱼猪里脊(烟花),PRIVATE_CUSTOM,小麦胚芽油,FOOD,油脂,生重、充分搅拌,充分搅拌,油/粉/补剂：删除口径词
正式食谱,秋菊 的鲜食食谱 06/28,PRIVATE_CUSTOM,兔里脊,FOOD,熟,去油、生重、打碎、充分搅拌,去油、熟重、打碎、充分搅拌,熟档案：生重→熟重
正式食谱,秋菊 的鲜食食谱 06/28,PRIVATE_CUSTOM,牛心,FOOD,熟,去油、生重、打碎、充分搅拌,去油、熟重、打碎、充分搅拌,熟档案：生重→熟重
正式食谱,秋菊 的鲜食食谱 06/28,PRIVATE_CUSTOM,青花鱼,FOOD,熟,去骨、生重、打碎、充分搅拌,去骨、熟重、打碎、充分搅拌,熟档案：生重→熟重
正式食谱,秋菊 的鲜食食谱 06/28,PRIVATE_CUSTOM,小麦胚芽油,FOOD,油脂,生重、充分搅拌,充分搅拌,油/粉/补剂：删除口径词
正式食谱,秋菊 的鲜食食谱 06/28,PRIVATE_CUSTOM,青口贝,FOOD,熟,去壳、生重、打碎、充分搅拌,去壳、熟重、打碎、充分搅拌,熟档案：生重→熟重
正式食谱,秋菊 的鲜食食谱 06/28,PRIVATE_CUSTOM,碳酸钙粉,SUPPLEMENT,浓缩补剂,生重、充分搅拌,充分搅拌,油/粉/补剂：删除口径词
正式食谱,秋菊 的鲜食食谱 06/28,PRIVATE_CUSTOM,亚麻籽,FOOD,干,打粉后充分搅拌,打粉、充分搅拌,自由文本归一
正式食谱,当前名称：排敏：鸡肉7.2-7.6,PRIVATE_CUSTOM,鸡胸,FOOD,熟,去油、去皮、生重、打碎、充分搅拌,去油、去皮、熟重、打碎、充分搅拌,熟档案：生重→熟重
正式食谱,当前名称：排敏：鸡肉7.2-7.6,PRIVATE_CUSTOM,胡萝卜,FOOD,熟,生重、打碎、充分搅拌,熟重、打碎、充分搅拌,熟档案：生重→熟重
正式食谱,当前名称：排敏：鸡肉7.2-7.6,PRIVATE_CUSTOM,上海青,FOOD,熟,水煮或焯水后沥干、称重、打碎、充分搅拌,焯水、沥干后称重、熟重、打碎、充分搅拌,自由文本归一、熟档案：补熟重、去掉多余称重
正式食谱,当前名称：排敏：鸡肉7.2-7.6,PRIVATE_CUSTOM,鲜香菇,FOOD,熟,生重、打碎、充分搅拌,熟重、打碎、充分搅拌,熟档案：生重→熟重
正式食谱,当前名称：排敏：鸡肉7.2-7.6,PRIVATE_CUSTOM,鸡蛋,FOOD,熟,去壳、全蛋、生重、充分搅拌,去壳、全蛋、熟重、充分搅拌,熟档案：生重→熟重
正式食谱,（咖喱定制）创伤恢复+红胡子,PRIVATE_CUSTOM,三文鱼,FOOD,,"a8f50f30-16f8-4c18-a216-e9ed0a6d4f65, a8ba4629-0933-4427-a537-5febbee5ed48, dd27baa4-36cb-4405-9092-0eb37e6160fa, 7aa01a87-e4d5-4e3b-b4cf-e4634b303853, af4c8a9c-98bf-4f91-ab07-4927aae2c4c2",去骨、去皮、生重、打碎、充分搅拌,机器码还原
正式食谱,（咖喱定制）创伤恢复+红胡子,PRIVATE_CUSTOM,牛肝,FOOD,,"a6409a79-402b-41d1-bfe1-031a67da0876, dd27baa4-36cb-4405-9092-0eb37e6160fa, 7aa01a87-e4d5-4e3b-b4cf-e4634b303853, af4c8a9c-98bf-4f91-ab07-4927aae2c4c2",去油、生重、打碎、充分搅拌,机器码还原
正式食谱,（咖喱定制）创伤恢复+红胡子,PRIVATE_CUSTOM,糙米,FOOD,,"39b36568-24f1-4b20-b8ef-61ce023d568d, af4c8a9c-98bf-4f91-ab07-4927aae2c4c2",煮熟后称重、充分搅拌,机器码还原
正式食谱,（咖喱定制）创伤恢复+红胡子,PRIVATE_CUSTOM,燕麦,FOOD,,"dd27baa4-36cb-4405-9092-0eb37e6160fa, df60590f-a697-4897-ab08-1322e2287268, af4c8a9c-98bf-4f91-ab07-4927aae2c4c2",生重、打粉、充分搅拌,机器码还原
正式食谱,（咖喱定制）创伤恢复+红胡子,PRIVATE_CUSTOM,红薯,FOOD,,"a8ba4629-0933-4427-a537-5febbee5ed48, 39b36568-24f1-4b20-b8ef-61ce023d568d, 7aa01a87-e4d5-4e3b-b4cf-e4634b303853, af4c8a9c-98bf-4f91-ab07-4927aae2c4c2",去皮、煮熟后称重、打碎、充分搅拌,机器码还原
正式食谱,（咖喱定制）创伤恢复+红胡子,PRIVATE_CUSTOM,胡萝卜,FOOD,,"39b36568-24f1-4b20-b8ef-61ce023d568d, 7aa01a87-e4d5-4e3b-b4cf-e4634b303853, af4c8a9c-98bf-4f91-ab07-4927aae2c4c2",煮熟后称重、打碎、充分搅拌,机器码还原
正式食谱,（咖喱定制）创伤恢复+红胡子,PRIVATE_CUSTOM,西兰花,FOOD,,"5faa5c79-f01f-4f45-876c-57cceb1b9db0, a54a1be3-e846-4439-a316-95d77b4a016a, 7aa01a87-e4d5-4e3b-b4cf-e4634b303853, af4c8a9c-98bf-4f91-ab07-4927aae2c4c2",盐水/小苏打浸泡30分钟、煮熟（不软）后称重、打碎、充分搅拌,机器码还原
正式食谱,（咖喱定制）创伤恢复+红胡子,PRIVATE_CUSTOM,白蘑菇,FOOD,,"dd27baa4-36cb-4405-9092-0eb37e6160fa, 7aa01a87-e4d5-4e3b-b4cf-e4634b303853, af4c8a9c-98bf-4f91-ab07-4927aae2c4c2",生重、打碎、充分搅拌,机器码还原
正式食谱,（咖喱定制）创伤恢复+红胡子,PRIVATE_CUSTOM,小麦胚芽油,FOOD,,"dd27baa4-36cb-4405-9092-0eb37e6160fa, af4c8a9c-98bf-4f91-ab07-4927aae2c4c2",生重、充分搅拌,机器码还原
正式食谱,（咖喱定制）创伤恢复+红胡子,PRIVATE_CUSTOM,姜黄粉,FOOD,,"dd27baa4-36cb-4405-9092-0eb37e6160fa, af4c8a9c-98bf-4f91-ab07-4927aae2c4c2",生重、充分搅拌,机器码还原
正式食谱,（咖喱定制）创伤恢复+红胡子,PRIVATE_CUSTOM,食用盐,FOOD,,"dd27baa4-36cb-4405-9092-0eb37e6160fa, af4c8a9c-98bf-4f91-ab07-4927aae2c4c2",生重、充分搅拌,机器码还原
正式食谱,（咖喱定制）创伤恢复+红胡子,PRIVATE_CUSTOM,鸡蛋壳粉,SUPPLEMENT,,"dd27baa4-36cb-4405-9092-0eb37e6160fa, af4c8a9c-98bf-4f91-ab07-4927aae2c4c2",生重、充分搅拌,机器码还原
正式食谱,小瓜 的鲜食食谱 07/02,PRIVATE_CUSTOM,小米,FOOD,生,浸泡60分钟、煮熟后称重、充分搅拌,浸泡60分钟、生重、充分搅拌,生档案：熟制称重→生重
正式食谱,小瓜 的鲜食食谱 07/02,PRIVATE_CUSTOM,鸡蛋,FOOD,熟,去壳、全蛋、生重、充分搅拌,去壳、全蛋、熟重、充分搅拌,熟档案：生重→熟重
正式食谱,（咖喱定制）创伤恢复+红胡子,PRIVATE_CUSTOM,海藻粉,SUPPLEMENT,,af4c8a9c-98bf-4f91-ab07-4927aae2c4c2,充分搅拌,机器码还原
正式食谱,小瓜 的鲜食食谱 07/02,PRIVATE_CUSTOM,菠菜,FOOD,熟,焯水、沥干后称重、打碎、充分搅拌,焯水、沥干后称重、熟重、打碎、充分搅拌,熟档案：补熟重
正式食谱,好久 的鲜食食谱 09/06,PRIVATE_CUSTOM,南瓜,FOOD,生,去皮、去瓤、煮熟后称重、充分搅拌,去皮、去瓤、生重、充分搅拌,生档案：熟制称重→生重
正式食谱,小瓜 的鲜食食谱 07/02,PRIVATE_CUSTOM,亚麻籽,FOOD,干,打粉后充分搅拌,打粉、充分搅拌,自由文本归一
正式食谱,好久 的鲜食食谱 09/06,PRIVATE_CUSTOM,西兰花,FOOD,生,打碎、静置30分钟、焯水沥干、称重、充分搅拌,打碎、静置30分钟、焯水、沥干后称重、充分搅拌,自由文本归一、去掉多余称重
正式食谱,好久 的鲜食食谱 09/06,PRIVATE_CUSTOM,胡萝卜,FOOD,生,煮熟后称重、打碎、充分搅拌,生重、打碎、充分搅拌,生档案：熟制称重→生重
正式食谱,好久 的鲜食食谱 09/06,PRIVATE_CUSTOM,糙米,FOOD,生,煮熟后称重、打碎、充分搅拌,生重、打碎、充分搅拌,生档案：熟制称重→生重
正式食谱,好久 的鲜食食谱 09/06,PRIVATE_CUSTOM,红薯,FOOD,生,去皮、煮熟后称重、打碎、充分搅拌,去皮、生重、打碎、充分搅拌,生档案：熟制称重→生重
正式食谱,好久 的鲜食食谱 09/06,PRIVATE_CUSTOM,小麦胚芽油,FOOD,油脂,生重、充分搅拌,充分搅拌,油/粉/补剂：删除口径词
正式食谱,燕麦鳕鱼猪肉,PUBLIC,西兰花,FOOD,熟,生重、打碎、充分搅拌,熟重、打碎、充分搅拌,熟档案：生重→熟重
正式食谱,土豆大米鳕鱼火鸡胸,PRIVATE_CUSTOM,大米,FOOD,生,煮熟后称重、打碎、充分搅拌,生重、打碎、充分搅拌,生档案：熟制称重→生重
正式食谱,土豆大米鳕鱼火鸡胸,PRIVATE_CUSTOM,土豆,FOOD,生,去皮、煮熟后称重、打碎、充分搅拌,去皮、生重、打碎、充分搅拌,生档案：熟制称重→生重
正式食谱,Lucky 定制食谱,PRIVATE_CUSTOM,猪里脊,FOOD,,"a6409a79-402b-41d1-bfe1-031a67da0876, dd27baa4-36cb-4405-9092-0eb37e6160fa, 7aa01a87-e4d5-4e3b-b4cf-e4634b303853, af4c8a9c-98bf-4f91-ab07-4927aae2c4c2",去油、生重、打碎、充分搅拌,机器码还原
正式食谱,Lucky 定制食谱,PRIVATE_CUSTOM,猪肝,FOOD,,"a6409a79-402b-41d1-bfe1-031a67da0876, dd27baa4-36cb-4405-9092-0eb37e6160fa, 7ac2b49e-63fc-4cfa-b48d-6e0b0681958d, 7aa01a87-e4d5-4e3b-b4cf-e4634b303853, af4c8a9c-98bf-4f91-ab07-4927aae2c4c2",去油、生重、焯水、打碎、充分搅拌,机器码还原
正式食谱,Lucky 定制食谱,PRIVATE_CUSTOM,青花鱼,FOOD,,"a8f50f30-16f8-4c18-a216-e9ed0a6d4f65, dd27baa4-36cb-4405-9092-0eb37e6160fa, 7aa01a87-e4d5-4e3b-b4cf-e4634b303853, af4c8a9c-98bf-4f91-ab07-4927aae2c4c2",去骨、生重、打碎、充分搅拌,机器码还原
正式食谱,Lucky 定制食谱,PRIVATE_CUSTOM,生蚝,FOOD,,"e7f1e345-6aee-4274-9c81-b2463dae82df, dd27baa4-36cb-4405-9092-0eb37e6160fa, 7ac2b49e-63fc-4cfa-b48d-6e0b0681958d, 7aa01a87-e4d5-4e3b-b4cf-e4634b303853, af4c8a9c-98bf-4f91-ab07-4927aae2c4c2",去壳、生重、焯水、打碎、充分搅拌,机器码还原
正式食谱,Lucky 定制食谱,PRIVATE_CUSTOM,小米,FOOD,,"d7700de4-1e3a-4c63-a95a-f2b7f86cc4f2, 39b36568-24f1-4b20-b8ef-61ce023d568d, af4c8a9c-98bf-4f91-ab07-4927aae2c4c2",浸泡60分钟、煮熟后称重、充分搅拌,机器码还原
正式食谱,Lucky 定制食谱,PRIVATE_CUSTOM,山药,FOOD,,"a8ba4629-0933-4427-a537-5febbee5ed48, 39b36568-24f1-4b20-b8ef-61ce023d568d, 7aa01a87-e4d5-4e3b-b4cf-e4634b303853, af4c8a9c-98bf-4f91-ab07-4927aae2c4c2",去皮、煮熟后称重、打碎、充分搅拌,机器码还原
正式食谱,Lucky 定制食谱,PRIVATE_CUSTOM,燕麦,FOOD,,"7aa01a87-e4d5-4e3b-b4cf-e4634b303853, af4c8a9c-98bf-4f91-ab07-4927aae2c4c2",打碎、充分搅拌,机器码还原
正式食谱,Lucky 定制食谱,PRIVATE_CUSTOM,生菜,FOOD,,"dd27baa4-36cb-4405-9092-0eb37e6160fa, 7ac2b49e-63fc-4cfa-b48d-6e0b0681958d, 7aa01a87-e4d5-4e3b-b4cf-e4634b303853, af4c8a9c-98bf-4f91-ab07-4927aae2c4c2",生重、焯水、打碎、充分搅拌,机器码还原
正式食谱,Lucky 定制食谱,PRIVATE_CUSTOM,小麦胚芽油,FOOD,,af4c8a9c-98bf-4f91-ab07-4927aae2c4c2,充分搅拌,机器码还原
正式食谱,Lucky 定制食谱,PRIVATE_CUSTOM,食用盐,FOOD,,af4c8a9c-98bf-4f91-ab07-4927aae2c4c2,充分搅拌,机器码还原
正式食谱,Lucky 定制食谱,PRIVATE_CUSTOM,西兰花,FOOD,,"5faa5c79-f01f-4f45-876c-57cceb1b9db0, 39b36568-24f1-4b20-b8ef-61ce023d568d, 7aa01a87-e4d5-4e3b-b4cf-e4634b303853, af4c8a9c-98bf-4f91-ab07-4927aae2c4c2",盐水/小苏打浸泡30分钟、煮熟后称重、打碎、充分搅拌,机器码还原
正式食谱,Lucky 定制食谱,PRIVATE_CUSTOM,牛磺酸胶囊,SUPPLEMENT,,af4c8a9c-98bf-4f91-ab07-4927aae2c4c2,充分搅拌,机器码还原
正式食谱,Lucky 的易消化简餐,PRIVATE_CUSTOM,西兰花,FOOD,,打碎、静置30分钟、焯水沥干、称重、充分搅拌,打碎、静置30分钟、焯水、沥干后称重、充分搅拌,自由文本归一、去掉多余称重
正式食谱,Lucky 定制食谱,PRIVATE_CUSTOM,鸡蛋壳粉,SUPPLEMENT,,af4c8a9c-98bf-4f91-ab07-4927aae2c4c2,充分搅拌,机器码还原
正式食谱,Lucky 定制食谱,PRIVATE_CUSTOM,海藻粉,SUPPLEMENT,,af4c8a9c-98bf-4f91-ab07-4927aae2c4c2,充分搅拌,机器码还原
正式食谱,Lucky 定制食谱,PRIVATE_CUSTOM,胆碱片,SUPPLEMENT,,"df60590f-a697-4897-ab08-1322e2287268, af4c8a9c-98bf-4f91-ab07-4927aae2c4c2",打粉、充分搅拌,机器码还原
正式食谱,财宝定制,PRIVATE_CUSTOM,西兰花,FOOD,,打碎、静置30分钟、焯水沥干、称重、充分搅拌,打碎、静置30分钟、焯水、沥干后称重、充分搅拌,自由文本归一、去掉多余称重
正式食谱,紫薯黑米猪里脊,DRAFT,上海青,FOOD,熟,水煮或焯水后沥干、称重、打碎、充分搅拌,焯水、沥干后称重、熟重、打碎、充分搅拌,自由文本归一、熟档案：补熟重、去掉多余称重
正式食谱,鸡胸牛里脊三文鱼,PRIVATE_CUSTOM,牛肝,FOOD,生,去油去血管、生重、打碎、充分搅拌,去油、生重、打碎、充分搅拌,自由文本归一
正式食谱,鸡胸牛里脊三文鱼,PRIVATE_CUSTOM,牛脾,FOOD,生,去油去血管、生重、打碎、充分搅拌,去油、生重、打碎、充分搅拌,自由文本归一
正式食谱,鸡胸牛里脊三文鱼,PRIVATE_CUSTOM,生蚝,FOOD,生,去壳、焯水后称重、打碎、充分搅拌,去壳、焯水、沥干后称重、打碎、充分搅拌,自由文本归一
正式食谱,鸡胸牛里脊三文鱼,PRIVATE_CUSTOM,红薯,FOOD,生,去皮、煮/蒸熟后沥水称重、打碎、充分搅拌,去皮、生重、打碎、充分搅拌,自由文本归一、生档案：熟制称重→生重
正式食谱,鸡胸牛里脊三文鱼,PRIVATE_CUSTOM,上海青,FOOD,生,水煮或焯水后沥干、称重、打碎、充分搅拌,焯水、沥干后称重、打碎、充分搅拌,自由文本归一、去掉多余称重
正式食谱,鸡胸牛里脊三文鱼,PRIVATE_CUSTOM,胡萝卜,FOOD,生,留皮、煮熟后称重、打碎、充分搅拌,留皮、生重、打碎、充分搅拌,生档案：熟制称重→生重
正式食谱,鸡胸牛里脊三文鱼,PRIVATE_CUSTOM,白蘑菇,FOOD,生,煮/蒸熟后称重、打碎、充分搅拌,生重、打碎、充分搅拌,自由文本归一、生档案：熟制称重→生重
正式食谱,鸡胸牛里脊三文鱼,PRIVATE_CUSTOM,亚麻籽,FOOD,干,生重、称重后研磨、充分搅拌,生重、打粉、充分搅拌,自由文本归一
正式食谱,鸡胸牛里脊三文鱼,PRIVATE_CUSTOM,小麦胚芽油,FOOD,油脂,生重、充分搅拌,充分搅拌,油/粉/补剂：删除口径词
正式食谱,排敏：猪肉7.7-12,PRIVATE_CUSTOM,小米,FOOD,生,煮熟后称重、充分搅拌,生重、充分搅拌,生档案：熟制称重→生重
正式食谱,（咖喱定制）创伤恢复+红胡子,PRIVATE_CUSTOM,葡萄糖酸锌片,SUPPLEMENT,,"df60590f-a697-4897-ab08-1322e2287268, af4c8a9c-98bf-4f91-ab07-4927aae2c4c2",打粉、充分搅拌,机器码还原
正式食谱,排敏：猪肉7.7-12,PRIVATE_CUSTOM,白蘑菇,FOOD,熟,生重、打碎、充分搅拌,熟重、打碎、充分搅拌,熟档案：生重→熟重
正式食谱,排敏：猪肉7.7-12,PRIVATE_CUSTOM,娃娃菜,FOOD,熟,生重、打碎、充分搅拌,熟重、打碎、充分搅拌,熟档案：生重→熟重
正式食谱,排敏：猪肉7.7-12,PRIVATE_CUSTOM,鸡蛋,FOOD,熟,去壳、全蛋、生重、充分搅拌,去壳、全蛋、熟重、充分搅拌,熟档案：生重→熟重
正式食谱,鸭,PRIVATE_CUSTOM,西兰花,FOOD,生,打碎、静置30分钟、焯水沥干、称重、充分搅拌,打碎、静置30分钟、焯水、沥干后称重、充分搅拌,自由文本归一、去掉多余称重
正式食谱,大米红薯兔里脊,PRIVATE_CUSTOM,红薯,FOOD,熟,去皮、生重、打碎、充分搅拌,去皮、熟重、打碎、充分搅拌,熟档案：生重→熟重
正式食谱,大米红薯兔里脊,PRIVATE_CUSTOM,西兰花,FOOD,熟,打碎、静置30分钟、焯水沥干、称重、充分搅拌,熟重、打碎、静置30分钟、焯水、沥干后称重、充分搅拌,自由文本归一、熟档案：补熟重、去掉多余称重
正式食谱,大米红薯兔里脊,PRIVATE_CUSTOM,羽衣甘蓝,FOOD,熟,焯水、沥干后称重、打碎,焯水、沥干后称重、熟重、打碎,熟档案：补熟重
正式食谱,derder 夏季鲜食食谱,PRIVATE_CUSTOM,橄榄油,FOOD,油脂,生重、充分搅拌,充分搅拌,油/粉/补剂：删除口径词
正式食谱,大米红薯兔里脊,PRIVATE_CUSTOM,红甜椒,FOOD,生,去籽、煮熟后称重、打碎、充分搅拌,去籽、生重、打碎、充分搅拌,生档案：熟制称重→生重
正式食谱,Lucky的最新兔肉食谱,DRAFT,碳酸钙粉,SUPPLEMENT,浓缩补剂,生重、充分搅拌,充分搅拌,油/粉/补剂：删除口径词
正式食谱,Dobby 的鲜食食谱 06/15,PRIVATE_CUSTOM,南瓜,FOOD,生,去瓤、去皮、煮熟后沥水、称重、打碎、充分搅拌,去瓤、去皮、生重、打碎、充分搅拌,自由文本归一、生档案：熟制称重→生重、去掉多余称重
正式食谱,嗨皮 的鲜食食谱 08/01,PRIVATE_CUSTOM,菠菜,FOOD,熟,焯水、沥干后称重、打碎、充分搅拌,焯水、沥干后称重、熟重、打碎、充分搅拌,熟档案：补熟重
正式食谱,嗨皮 的鲜食食谱 08/01,PRIVATE_CUSTOM,红甜椒,FOOD,生,去籽、煮熟后称重、打碎、充分搅拌,去籽、生重、打碎、充分搅拌,生档案：熟制称重→生重
正式食谱,TT 的鲜食食谱 07/05,PRIVATE_CUSTOM,西兰花,FOOD,生,打碎、静置30分钟、焯水沥干、称重、充分搅拌,打碎、静置30分钟、焯水、沥干后称重、充分搅拌,自由文本归一、去掉多余称重
正式食谱,TT 的鲜食食谱 07/05,PRIVATE_CUSTOM,鸡肝,FOOD,熟,去油、生重、打碎、充分搅拌,去油、熟重、打碎、充分搅拌,熟档案：生重→熟重
正式食谱,嗨皮 的鲜食食谱 08/01,PRIVATE_CUSTOM,南瓜,FOOD,熟,去皮、去瓤、生重、打碎、充分搅拌,去皮、去瓤、熟重、打碎、充分搅拌,熟档案：生重→熟重
正式食谱,十字花科全谷物三文鱼鸡肉,PUBLIC,糙米,FOOD,生,煮熟后称重、打碎、充分搅拌,生重、打碎、充分搅拌,生档案：熟制称重→生重
正式食谱,十字花科全谷物三文鱼鸡肉,PUBLIC,红薯,FOOD,生,去皮、煮熟后称重、打碎、充分搅拌,去皮、生重、打碎、充分搅拌,生档案：熟制称重→生重
正式食谱,马肉兔肉白米土豆,PRIVATE_CUSTOM,大米,FOOD,生,煮熟后称重、打碎、充分搅拌,生重、打碎、充分搅拌,生档案：熟制称重→生重
正式食谱,马肉兔肉白米土豆,PRIVATE_CUSTOM,土豆,FOOD,生,去皮、煮熟后称重、打碎、充分搅拌,去皮、生重、打碎、充分搅拌,生档案：熟制称重→生重
正式食谱,马肉兔肉白米土豆,PRIVATE_CUSTOM,南瓜,FOOD,生,去瓤、去皮、煮熟后沥水、称重、打碎、充分搅拌,去瓤、去皮、生重、打碎、充分搅拌,自由文本归一、生档案：熟制称重→生重、去掉多余称重
正式食谱,马肉兔肉白米土豆,PRIVATE_CUSTOM,橄榄油,FOOD,油脂,生重、充分搅拌,充分搅拌,油/粉/补剂：删除口径词
正式食谱,犇犇 的鲜食食谱 08/03,PRIVATE_CUSTOM,南瓜,FOOD,生,去皮、去瓤、煮熟后称重、打碎、充分搅拌,去皮、去瓤、生重、打碎、充分搅拌,生档案：熟制称重→生重
正式食谱,燕麦米青花鱼鸭肉(财宝),PRIVATE_CUSTOM,紫甘蓝,FOOD,熟,生重、打碎、充分搅拌,熟重、打碎、充分搅拌,熟档案：生重→熟重
正式食谱,糙米三文鱼鸭胸鹿腿,PUBLIC,西兰花,FOOD,熟,生重、打碎、充分搅拌,熟重、打碎、充分搅拌,熟档案：生重→熟重
正式食谱,Lucky 的易消化简餐,PRIVATE_CUSTOM,西兰花,FOOD,,打碎、静置30分钟、焯水沥干、称重、充分搅拌,打碎、静置30分钟、焯水、沥干后称重、充分搅拌,自由文本归一、去掉多余称重
正式食谱,土豆大米鳕鱼火鸡胸,PUBLIC,火鸡胸,FOOD,,"a8ba4629-0933-4427-a537-5febbee5ed48, a8f50f30-16f8-4c18-a216-e9ed0a6d4f65, dd27baa4-36cb-4405-9092-0eb37e6160fa, 7aa01a87-e4d5-4e3b-b4cf-e4634b303853, af4c8a9c-98bf-4f91-ab07-4927aae2c4c2",去皮、去骨、生重、打碎、充分搅拌,机器码还原
正式食谱,土豆大米鳕鱼火鸡胸,PUBLIC,狭鳕鱼柳,FOOD,,"dd27baa4-36cb-4405-9092-0eb37e6160fa, 7aa01a87-e4d5-4e3b-b4cf-e4634b303853, af4c8a9c-98bf-4f91-ab07-4927aae2c4c2",生重、打碎、充分搅拌,机器码还原
正式食谱,土豆大米鳕鱼火鸡胸,PUBLIC,牛肝,FOOD,,"a6409a79-402b-41d1-bfe1-031a67da0876, dd27baa4-36cb-4405-9092-0eb37e6160fa, 7aa01a87-e4d5-4e3b-b4cf-e4634b303853, af4c8a9c-98bf-4f91-ab07-4927aae2c4c2",去油、生重、打碎、充分搅拌,机器码还原
正式食谱,土豆大米鳕鱼火鸡胸,PUBLIC,鸡蛋,FOOD,,"e7f1e345-6aee-4274-9c81-b2463dae82df, 81263f8d-49db-4f56-8607-fe9d1c6e61ce, dd27baa4-36cb-4405-9092-0eb37e6160fa, af4c8a9c-98bf-4f91-ab07-4927aae2c4c2",去壳、全蛋、生重、充分搅拌,机器码还原
正式食谱,土豆大米鳕鱼火鸡胸,PUBLIC,大米,FOOD,,"39b36568-24f1-4b20-b8ef-61ce023d568d, 7aa01a87-e4d5-4e3b-b4cf-e4634b303853, af4c8a9c-98bf-4f91-ab07-4927aae2c4c2",煮熟后称重、打碎、充分搅拌,机器码还原
正式食谱,土豆大米鳕鱼火鸡胸,PUBLIC,土豆,FOOD,,"a8ba4629-0933-4427-a537-5febbee5ed48, 39b36568-24f1-4b20-b8ef-61ce023d568d, 7aa01a87-e4d5-4e3b-b4cf-e4634b303853, af4c8a9c-98bf-4f91-ab07-4927aae2c4c2",去皮、煮熟后称重、打碎、充分搅拌,机器码还原
正式食谱,土豆大米鳕鱼火鸡胸,PUBLIC,南瓜,FOOD,,"a8ba4629-0933-4427-a537-5febbee5ed48, 70de9668-660e-4f3e-91aa-79506f12f4d0, dd27baa4-36cb-4405-9092-0eb37e6160fa, 7aa01a87-e4d5-4e3b-b4cf-e4634b303853, af4c8a9c-98bf-4f91-ab07-4927aae2c4c2",去皮、去瓤、生重、打碎、充分搅拌,机器码还原
正式食谱,土豆大米鳕鱼火鸡胸,PUBLIC,胡萝卜,FOOD,,"dd27baa4-36cb-4405-9092-0eb37e6160fa, 7aa01a87-e4d5-4e3b-b4cf-e4634b303853, af4c8a9c-98bf-4f91-ab07-4927aae2c4c2",生重、打碎、充分搅拌,机器码还原
正式食谱,土豆大米鳕鱼火鸡胸,PUBLIC,小麦胚芽油,FOOD,,af4c8a9c-98bf-4f91-ab07-4927aae2c4c2,充分搅拌,机器码还原
正式食谱,土豆大米鳕鱼火鸡胸,PUBLIC,生南瓜籽仁,FOOD,,"dd27baa4-36cb-4405-9092-0eb37e6160fa, 7aa01a87-e4d5-4e3b-b4cf-e4634b303853, af4c8a9c-98bf-4f91-ab07-4927aae2c4c2",生重、打碎、充分搅拌,机器码还原
正式食谱,土豆大米鳕鱼火鸡胸,PUBLIC,鸡蛋壳粉,SUPPLEMENT,,af4c8a9c-98bf-4f91-ab07-4927aae2c4c2,充分搅拌,机器码还原
正式食谱,土豆大米鳕鱼火鸡胸,PUBLIC,营养酵母粉,SUPPLEMENT,,af4c8a9c-98bf-4f91-ab07-4927aae2c4c2,充分搅拌,机器码还原
正式食谱,土豆大米鳕鱼火鸡胸,PUBLIC,双甘氨酸亚铁胶囊,SUPPLEMENT,,"df60590f-a697-4897-ab08-1322e2287268, af4c8a9c-98bf-4f91-ab07-4927aae2c4c2",打粉、充分搅拌,机器码还原
正式食谱,土豆大米鳕鱼火鸡胸,PUBLIC,葡萄糖酸锌片,SUPPLEMENT,,"df60590f-a697-4897-ab08-1322e2287268, af4c8a9c-98bf-4f91-ab07-4927aae2c4c2",打粉、充分搅拌,机器码还原
正式食谱,土豆大米鳕鱼火鸡胸,PUBLIC,海藻粉,SUPPLEMENT,,af4c8a9c-98bf-4f91-ab07-4927aae2c4c2,充分搅拌,机器码还原
正式食谱,土豆大米鳕鱼火鸡胸,PUBLIC,甘氨酸锰片,SUPPLEMENT,,"df60590f-a697-4897-ab08-1322e2287268, af4c8a9c-98bf-4f91-ab07-4927aae2c4c2",打粉、充分搅拌,机器码还原
正式食谱,土豆大米鳕鱼火鸡胸,PUBLIC,鱼油胶囊,SUPPLEMENT,,af4c8a9c-98bf-4f91-ab07-4927aae2c4c2,充分搅拌,机器码还原
正式食谱,（咖喱定制）创伤恢复+红胡子 (新版本),PRIVATE_CUSTOM,花椰菜,FOOD,熟,去老梗、焯水后称重、打碎、充分搅拌,去老梗、焯水、沥干后称重、打碎、充分搅拌,自由文本归一
正式食谱,（咖喱定制）创伤恢复+红胡子 (新版本),PRIVATE_CUSTOM,小麦胚芽油,FOOD,油脂,生重、充分搅拌,充分搅拌,油/粉/补剂：删除口径词
正式食谱,（咖喱定制）创伤恢复+红胡子 (新版本),PRIVATE_CUSTOM,碳酸钙粉,SUPPLEMENT,浓缩补剂,生重、充分搅拌,充分搅拌,油/粉/补剂：删除口径词
正式食谱,Lucky 定制食谱,PRIVATE_CUSTOM,猪里脊,FOOD,,"a6409a79-402b-41d1-bfe1-031a67da0876, dd27baa4-36cb-4405-9092-0eb37e6160fa, 7aa01a87-e4d5-4e3b-b4cf-e4634b303853, af4c8a9c-98bf-4f91-ab07-4927aae2c4c2",去油、生重、打碎、充分搅拌,机器码还原
正式食谱,Lucky 定制食谱,PRIVATE_CUSTOM,猪肝,FOOD,,"a6409a79-402b-41d1-bfe1-031a67da0876, dd27baa4-36cb-4405-9092-0eb37e6160fa, 7ac2b49e-63fc-4cfa-b48d-6e0b0681958d, 7aa01a87-e4d5-4e3b-b4cf-e4634b303853, af4c8a9c-98bf-4f91-ab07-4927aae2c4c2",去油、生重、焯水、打碎、充分搅拌,机器码还原
正式食谱,Lucky 定制食谱,PRIVATE_CUSTOM,青花鱼,FOOD,,"a8f50f30-16f8-4c18-a216-e9ed0a6d4f65, dd27baa4-36cb-4405-9092-0eb37e6160fa, 7aa01a87-e4d5-4e3b-b4cf-e4634b303853, af4c8a9c-98bf-4f91-ab07-4927aae2c4c2",去骨、生重、打碎、充分搅拌,机器码还原
正式食谱,Lucky 定制食谱,PRIVATE_CUSTOM,生蚝,FOOD,,"e7f1e345-6aee-4274-9c81-b2463dae82df, dd27baa4-36cb-4405-9092-0eb37e6160fa, 7ac2b49e-63fc-4cfa-b48d-6e0b0681958d, 7aa01a87-e4d5-4e3b-b4cf-e4634b303853, af4c8a9c-98bf-4f91-ab07-4927aae2c4c2",去壳、生重、焯水、打碎、充分搅拌,机器码还原
正式食谱,Lucky 定制食谱,PRIVATE_CUSTOM,小米,FOOD,,"d7700de4-1e3a-4c63-a95a-f2b7f86cc4f2, 39b36568-24f1-4b20-b8ef-61ce023d568d, af4c8a9c-98bf-4f91-ab07-4927aae2c4c2",浸泡60分钟、煮熟后称重、充分搅拌,机器码还原
正式食谱,Lucky 定制食谱,PRIVATE_CUSTOM,山药,FOOD,,"a8ba4629-0933-4427-a537-5febbee5ed48, 39b36568-24f1-4b20-b8ef-61ce023d568d, 7aa01a87-e4d5-4e3b-b4cf-e4634b303853, af4c8a9c-98bf-4f91-ab07-4927aae2c4c2",去皮、煮熟后称重、打碎、充分搅拌,机器码还原
正式食谱,Lucky 定制食谱,PRIVATE_CUSTOM,燕麦,FOOD,,"7aa01a87-e4d5-4e3b-b4cf-e4634b303853, af4c8a9c-98bf-4f91-ab07-4927aae2c4c2",打碎、充分搅拌,机器码还原
正式食谱,Lucky 定制食谱,PRIVATE_CUSTOM,生菜,FOOD,,"dd27baa4-36cb-4405-9092-0eb37e6160fa, 7ac2b49e-63fc-4cfa-b48d-6e0b0681958d, 7aa01a87-e4d5-4e3b-b4cf-e4634b303853, af4c8a9c-98bf-4f91-ab07-4927aae2c4c2",生重、焯水、打碎、充分搅拌,机器码还原
正式食谱,Lucky 定制食谱,PRIVATE_CUSTOM,西兰花,FOOD,,"5faa5c79-f01f-4f45-876c-57cceb1b9db0, 39b36568-24f1-4b20-b8ef-61ce023d568d, 7aa01a87-e4d5-4e3b-b4cf-e4634b303853, af4c8a9c-98bf-4f91-ab07-4927aae2c4c2",盐水/小苏打浸泡30分钟、煮熟后称重、打碎、充分搅拌,机器码还原
正式食谱,Lucky 定制食谱,PRIVATE_CUSTOM,小麦胚芽油,FOOD,,af4c8a9c-98bf-4f91-ab07-4927aae2c4c2,充分搅拌,机器码还原
正式食谱,Lucky 定制食谱,PRIVATE_CUSTOM,食用盐,FOOD,,af4c8a9c-98bf-4f91-ab07-4927aae2c4c2,充分搅拌,机器码还原
正式食谱,Lucky 定制食谱,PRIVATE_CUSTOM,鸡蛋壳粉,SUPPLEMENT,,af4c8a9c-98bf-4f91-ab07-4927aae2c4c2,充分搅拌,机器码还原
正式食谱,Lucky 定制食谱,PRIVATE_CUSTOM,海藻粉,SUPPLEMENT,,af4c8a9c-98bf-4f91-ab07-4927aae2c4c2,充分搅拌,机器码还原
正式食谱,Lucky 定制食谱,PRIVATE_CUSTOM,胆碱片,SUPPLEMENT,,"df60590f-a697-4897-ab08-1322e2287268, af4c8a9c-98bf-4f91-ab07-4927aae2c4c2",打粉、充分搅拌,机器码还原
正式食谱,Lucky 定制食谱,PRIVATE_CUSTOM,牛磺酸胶囊,SUPPLEMENT,,af4c8a9c-98bf-4f91-ab07-4927aae2c4c2,充分搅拌,机器码还原
正式食谱,鸡蛋鱼虾鸭胸(路宝),DRAFT,南瓜,FOOD,熟,去瓤、去皮、煮熟后沥水、称重、打碎、充分搅拌,去瓤、去皮、煮熟后称重、打碎、充分搅拌,自由文本归一、去掉多余称重
正式食谱,土豆大米兔,PRIVATE_CUSTOM,紫甘蓝,FOOD,熟,生重、打碎、充分搅拌,熟重、打碎、充分搅拌,熟档案：生重→熟重
正式食谱,燕麦鳕鱼猪肉,PUBLIC,红薯,FOOD,熟,去皮、生重、打碎、充分搅拌,去皮、熟重、打碎、充分搅拌,熟档案：生重→熟重
正式食谱,十字花科全谷物三文鱼鸡肉,PUBLIC,白萝卜,FOOD,熟,去皮、生重、打碎、充分搅拌,去皮、熟重、打碎、充分搅拌,熟档案：生重→熟重
正式食谱,迪迪 的鲜食食谱 06/27,PRIVATE_CUSTOM,小米,FOOD,生,煮熟后称重、充分搅拌,生重、充分搅拌,生档案：熟制称重→生重
正式食谱,迪迪 的鲜食食谱 06/27,PRIVATE_CUSTOM,花椰菜,FOOD,生,去老梗、焯水后称重、打碎、充分搅拌,去老梗、焯水、沥干后称重、打碎、充分搅拌,自由文本归一
正式食谱,迪迪 的鲜食食谱 06/27,PRIVATE_CUSTOM,西兰花,FOOD,生,打碎、静置30分钟、焯水沥干、称重、充分搅拌,打碎、静置30分钟、焯水、沥干后称重、充分搅拌,自由文本归一、去掉多余称重
正式食谱,迪迪 的鲜食食谱 06/27,PRIVATE_CUSTOM,胡萝卜,FOOD,生,煮熟后称重、打碎、充分搅拌,生重、打碎、充分搅拌,生档案：熟制称重→生重
正式食谱,十字花科全谷物三文鱼鸡肉,PUBLIC,糙米,FOOD,生,煮熟后称重、打碎、充分搅拌,生重、打碎、充分搅拌,生档案：熟制称重→生重
正式食谱,十字花科全谷物三文鱼鸡肉,PUBLIC,红薯,FOOD,生,去皮、煮熟后称重、打碎、充分搅拌,去皮、生重、打碎、充分搅拌,生档案：熟制称重→生重
正式食谱,猪里脊青花鱼藜麦小米,PUBLIC,四季豆,FOOD,,煮熟后沥水称重、打碎后充分搅拌,煮熟后称重、打碎、充分搅拌,自由文本归一
正式食谱,猪里脊青花鱼藜麦小米,PUBLIC,亚麻籽,FOOD,,打粉后充分搅拌,打粉、充分搅拌,自由文本归一
正式食谱,小米山药猪肉,PUBLIC,花椰菜,FOOD,,去老梗、焯水后称重、打碎、充分搅拌,去老梗、焯水、沥干后称重、打碎、充分搅拌,自由文本归一
正式食谱,马肉兔肉白米土豆,PRIVATE_CUSTOM,大米,FOOD,生,煮熟后称重、打碎、充分搅拌,生重、打碎、充分搅拌,生档案：熟制称重→生重
正式食谱,马肉兔肉白米土豆,PRIVATE_CUSTOM,土豆,FOOD,生,去皮、煮熟后称重、打碎、充分搅拌,去皮、生重、打碎、充分搅拌,生档案：熟制称重→生重
正式食谱,马肉兔肉白米土豆,PRIVATE_CUSTOM,南瓜,FOOD,生,去瓤、去皮、煮熟后沥水、称重、打碎、充分搅拌,去瓤、去皮、生重、打碎、充分搅拌,自由文本归一、生档案：熟制称重→生重、去掉多余称重
正式食谱,马肉兔肉白米土豆,PRIVATE_CUSTOM,橄榄油,FOOD,油脂,生重、充分搅拌,充分搅拌,油/粉/补剂：删除口径词
正式食谱,Lucky 定制食谱,PRIVATE_CUSTOM,洋车前子壳粉,SUPPLEMENT,,af4c8a9c-98bf-4f91-ab07-4927aae2c4c2,充分搅拌,机器码还原
正式食谱,Lucky 定制食谱,PRIVATE_CUSTOM,洋车前子壳粉,SUPPLEMENT,,af4c8a9c-98bf-4f91-ab07-4927aae2c4c2,充分搅拌,机器码还原
正式食谱,小米山药猪肉 (副本),PRIVATE_CUSTOM,小米,FOOD,生,浸泡60分钟、煮熟后称重、充分搅拌,浸泡60分钟、生重、充分搅拌,生档案：熟制称重→生重
正式食谱,小米山药猪肉 (副本),PRIVATE_CUSTOM,山药,FOOD,生,去皮、煮熟后称重、打碎、充分搅拌,去皮、生重、打碎、充分搅拌,生档案：熟制称重→生重
正式食谱,小米山药猪肉 (副本),PRIVATE_CUSTOM,花椰菜,FOOD,生,"d43edd90-867d-4e11-8662-a5b68da1a4fc, 76b12041-3a5e-4aaf-b605-6f2648275ad1, ee521572-239b-46a9-a206-bed5b5246433, 5faa5c79-f01f-4f45-876c-57cceb1b9db0, a54a1be3-e846-4439-a316-95d77b4a016a, 7aa01a87-e4d5-4e3b-b4cf-e4634b303853, af4c8a9c-98bf-4f91-ab07-4927aae2c4c2",去老梗、76b12041-3a5e-4aaf-b605-6f2648275ad1、流水冲洗、盐水/小苏打浸泡30分钟、生重、打碎、充分搅拌,机器码还原、机器码无法还原、生档案：熟制称重→生重
正式食谱,小米山药猪肉 (副本),PRIVATE_CUSTOM,小米,FOOD,生,浸泡60分钟、煮熟后称重、充分搅拌,浸泡60分钟、生重、充分搅拌,生档案：熟制称重→生重
正式食谱,小米山药猪肉 (副本),PRIVATE_CUSTOM,山药,FOOD,生,去皮、煮熟后称重、打碎、充分搅拌,去皮、生重、打碎、充分搅拌,生档案：熟制称重→生重
正式食谱,小米山药猪肉 (副本),PRIVATE_CUSTOM,花椰菜,FOOD,生,"d43edd90-867d-4e11-8662-a5b68da1a4fc, 76b12041-3a5e-4aaf-b605-6f2648275ad1, ee521572-239b-46a9-a206-bed5b5246433, 5faa5c79-f01f-4f45-876c-57cceb1b9db0, a54a1be3-e846-4439-a316-95d77b4a016a, 7aa01a87-e4d5-4e3b-b4cf-e4634b303853, af4c8a9c-98bf-4f91-ab07-4927aae2c4c2",去老梗、76b12041-3a5e-4aaf-b605-6f2648275ad1、流水冲洗、盐水/小苏打浸泡30分钟、生重、打碎、充分搅拌,机器码还原、机器码无法还原、生档案：熟制称重→生重
正式食谱,Seven 的测试食谱 副本,PRIVATE_CUSTOM,南瓜,FOOD,熟,去瓤、去皮、煮熟后沥水、称重、打碎、充分搅拌,去瓤、去皮、煮熟后称重、打碎、充分搅拌,自由文本归一、去掉多余称重
正式食谱,Seven 的测试食谱 副本,PRIVATE_CUSTOM,小麦胚芽油,FOOD,油脂,生重、充分搅拌,充分搅拌,油/粉/补剂：删除口径词
正式食谱,红薯鳕鱼鸭胸,DRAFT,青口贝,FOOD,熟,去壳、生重、打碎、充分搅拌,去壳、熟重、打碎、充分搅拌,熟档案：生重→熟重
正式食谱,红薯鳕鱼鸭胸,DRAFT,红薯,FOOD,熟,去皮、生重、打碎、充分搅拌,去皮、熟重、打碎、充分搅拌,熟档案：生重→熟重
正式食谱,红薯鳕鱼鸭胸,DRAFT,四季豆,FOOD,熟,煮熟后沥水称重、打碎后充分搅拌,煮熟后称重、打碎、充分搅拌,自由文本归一
正式食谱,红薯鳕鱼鸭胸,DRAFT,白蘑菇,FOOD,熟,生重、打碎、充分搅拌,熟重、打碎、充分搅拌,熟档案：生重→熟重
正式食谱,小米鳕鱼鸡胸,PUBLIC,小米,FOOD,熟,生重、打碎、充分搅拌,熟重、打碎、充分搅拌,熟档案：生重→熟重
正式食谱,小米鳕鱼鸡胸,PUBLIC,红薯,FOOD,熟,去皮、生重、打碎、充分搅拌,去皮、熟重、打碎、充分搅拌,熟档案：生重→熟重
正式食谱,小米鳕鱼鸡胸,PUBLIC,秋葵,FOOD,熟,生重、打碎、充分搅拌,熟重、打碎、充分搅拌,熟档案：生重→熟重
正式食谱,好久 的鲜食食谱 09/06,PRIVATE_CUSTOM,南瓜,FOOD,生,去皮、去瓤、煮熟后称重、充分搅拌,去皮、去瓤、生重、充分搅拌,生档案：熟制称重→生重
正式食谱,小米鳕鱼鸡胸,PUBLIC,红薯,FOOD,熟,去皮、生重、打碎、充分搅拌,去皮、熟重、打碎、充分搅拌,熟档案：生重→熟重
正式食谱,小米鳕鱼鸡胸,PUBLIC,秋葵,FOOD,熟,生重、打碎、充分搅拌,熟重、打碎、充分搅拌,熟档案：生重→熟重
正式食谱,大米燕麦三文鱼兔里脊,PUBLIC,西兰花,FOOD,熟,生重、打碎、充分搅拌,熟重、打碎、充分搅拌,熟档案：生重→熟重
正式食谱,小米鳕鱼鸡胸,PUBLIC,小米,FOOD,熟,生重、打碎、充分搅拌,熟重、打碎、充分搅拌,熟档案：生重→熟重
正式食谱,小米鳕鱼鸡胸,PUBLIC,红薯,FOOD,熟,去皮、生重、打碎、充分搅拌,去皮、熟重、打碎、充分搅拌,熟档案：生重→熟重
正式食谱,小米鳕鱼鸡胸,PUBLIC,小米,FOOD,熟,生重、打碎、充分搅拌,熟重、打碎、充分搅拌,熟档案：生重→熟重
正式食谱,小米鳕鱼鸡胸,PUBLIC,红薯,FOOD,熟,去皮、生重、打碎、充分搅拌,去皮、熟重、打碎、充分搅拌,熟档案：生重→熟重
正式食谱,小米鳕鱼鸡胸,PUBLIC,秋葵,FOOD,熟,生重、打碎、充分搅拌,熟重、打碎、充分搅拌,熟档案：生重→熟重
正式食谱,小米鳕鱼鸡胸,PUBLIC,小米,FOOD,熟,生重、打碎、充分搅拌,熟重、打碎、充分搅拌,熟档案：生重→熟重
正式食谱,小米鳕鱼鸡胸,PUBLIC,红薯,FOOD,熟,去皮、生重、打碎、充分搅拌,去皮、熟重、打碎、充分搅拌,熟档案：生重→熟重
正式食谱,derder 的鲜食食谱 07/21,PRIVATE_CUSTOM,西兰花,FOOD,生,打碎、静置30分钟、焯水沥干、称重、充分搅拌,打碎、静置30分钟、焯水、沥干后称重、充分搅拌,自由文本归一、去掉多余称重
正式食谱,525 的鲜食食谱 06/16,PRIVATE_CUSTOM,玉米油,FOOD,油脂,生重、充分混匀。,充分搅拌,自由文本归一、油/粉/补剂：删除口径词
正式食谱,好久 的鲜食食谱 06/15,PRIVATE_CUSTOM,上海青,FOOD,生,水煮或焯水后沥干、称重、打碎、充分搅拌,焯水、沥干后称重、打碎、充分搅拌,自由文本归一、去掉多余称重
正式食谱,好久 的鲜食食谱 06/15,PRIVATE_CUSTOM,亚麻籽,FOOD,干,打粉后充分搅拌,打粉、充分搅拌,自由文本归一
正式食谱,xz 的鲜食食谱 07/08 副本,PRIVATE_CUSTOM,红小豆,FOOD,熟,生重、打碎、充分搅拌,熟重、打碎、充分搅拌,熟档案：生重→熟重
正式食谱,xz 的鲜食食谱 07/08 副本,PRIVATE_CUSTOM,西兰花,FOOD,生,打碎、静置30分钟、焯水沥干、称重、充分搅拌,打碎、静置30分钟、焯水、沥干后称重、充分搅拌,自由文本归一、去掉多余称重
正式食谱,牛牛定制食谱,DRAFT,西兰花,FOOD,熟,打碎、静置30分钟、焯水沥干、称重、充分搅拌,熟重、打碎、静置30分钟、焯水、沥干后称重、充分搅拌,自由文本归一、熟档案：补熟重、去掉多余称重
正式食谱,牛牛定制食谱,DRAFT,姜黄粉,FOOD,粉,生重、充分搅拌,充分搅拌,油/粉/补剂：删除口径词
正式食谱,Seven 的测试食谱,PRIVATE_CUSTOM,南瓜,FOOD,熟,去瓤、去皮、煮熟后沥水、称重、打碎、充分搅拌,去瓤、去皮、煮熟后称重、打碎、充分搅拌,自由文本归一、去掉多余称重
正式食谱,Seven 的测试食谱,PRIVATE_CUSTOM,小麦胚芽油,FOOD,油脂,生重、充分搅拌,充分搅拌,油/粉/补剂：删除口径词
正式食谱,花卷 的鲜食食谱 06/27,PRIVATE_CUSTOM,鸡心,FOOD,熟,去油、生重、打碎、充分搅拌,去油、熟重、打碎、充分搅拌,熟档案：生重→熟重
正式食谱,花卷 的鲜食食谱 06/27,PRIVATE_CUSTOM,三文鱼,FOOD,熟,去皮、去骨、生重、打碎、充分搅拌,去皮、去骨、熟重、打碎、充分搅拌,熟档案：生重→熟重
正式食谱,花卷 的鲜食食谱 06/27,PRIVATE_CUSTOM,亚麻籽,FOOD,干,打粉后充分搅拌,打粉、充分搅拌,自由文本归一
正式食谱,花卷 的鲜食食谱 06/27,PRIVATE_CUSTOM,鸡胸,FOOD,熟,去皮、去骨、生重、打碎、充分搅拌,去皮、去骨、熟重、打碎、充分搅拌,熟档案：生重→熟重
正式食谱,花卷 的鲜食食谱 06/27,PRIVATE_CUSTOM,鸡肝,FOOD,熟,生重、打碎、充分搅拌,熟重、打碎、充分搅拌,熟档案：生重→熟重
正式食谱,derder 的鲜食食谱 07/21,PRIVATE_CUSTOM,小米,FOOD,生,煮熟后称重、充分搅拌,生重、充分搅拌,生档案：熟制称重→生重
正式食谱,derder 的鲜食食谱 07/21,PRIVATE_CUSTOM,碳酸钙粉,SUPPLEMENT,浓缩补剂,生重、充分搅拌,充分搅拌,油/粉/补剂：删除口径词
正式食谱,小米三文鱼猪里脊(幺鸡),PRIVATE_CUSTOM,紫薯,FOOD,熟,去皮，煮熟后称重,去皮、煮熟后称重,
正式食谱,xz 的鲜食食谱 07/15,PRIVATE_CUSTOM,红小豆,FOOD,熟,生重、打碎、充分搅拌,熟重、打碎、充分搅拌,熟档案：生重→熟重
正式食谱,xz 的鲜食食谱 07/15,PRIVATE_CUSTOM,西兰花,FOOD,生,打碎、静置30分钟、焯水沥干、称重、充分搅拌,打碎、静置30分钟、焯水、沥干后称重、充分搅拌,自由文本归一、去掉多余称重
正式食谱,咘咘 的鲜食食谱 08/06,PRIVATE_CUSTOM,鸡胸,FOOD,熟,去皮、去骨、生重、打碎、充分搅拌,去皮、去骨、熟重、打碎、充分搅拌,熟档案：生重→熟重
正式食谱,小米三文鱼猪里脊(幺鸡),PRIVATE_CUSTOM,小麦胚芽油,FOOD,油脂,生重、充分搅拌,充分搅拌,油/粉/补剂：删除口径词
正式食谱,创伤恢复+红胡子(牛肉版),DRAFT,红薯,FOOD,生,去皮、煮熟后称重、打碎、充分搅拌,去皮、生重、打碎、充分搅拌,生档案：熟制称重→生重
正式食谱,创伤恢复+红胡子(牛肉版),DRAFT,胡萝卜,FOOD,生,煮熟后称重、打碎、充分搅拌,生重、打碎、充分搅拌,生档案：熟制称重→生重
正式食谱,创伤恢复+红胡子(牛肉版),DRAFT,西兰花,FOOD,生,盐水/小苏打浸泡30分钟、煮熟（不软）后称重、打碎、充分搅拌,盐水/小苏打浸泡30分钟、生重、打碎、充分搅拌,生档案：熟制称重→生重
正式食谱,创伤恢复+红胡子(牛肉版),DRAFT,姜黄粉,FOOD,粉,dd27baa4-36cb-4405-9092-0eb37e6160fa、af4c8a9c-98bf-4f91-ab07-4927aae2c4c2,充分搅拌,机器码还原、油/粉/补剂：删除口径词
正式食谱,创伤恢复+红胡子(牛肉版),DRAFT,食用盐,FOOD,干,dd27baa4-36cb-4405-9092-0eb37e6160fa、af4c8a9c-98bf-4f91-ab07-4927aae2c4c2,生重、充分搅拌,机器码还原
正式食谱,创伤恢复+红胡子(牛肉版),DRAFT,葡萄糖酸锌片,SUPPLEMENT,浓缩补剂,df60590f-a697-4897-ab08-1322e2287268、af4c8a9c-98bf-4f91-ab07-4927aae2c4c2,打粉、充分搅拌,机器码还原
正式食谱,创伤恢复+红胡子(牛肉版),DRAFT,海藻粉,SUPPLEMENT,浓缩补剂,af4c8a9c-98bf-4f91-ab07-4927aae2c4c2,充分搅拌,机器码还原
正式食谱,牛牛的定制食谱（牛）20260914,PRIVATE_CUSTOM,紫甘蓝,FOOD,熟,生重、打碎、充分搅拌,熟重、打碎、充分搅拌,熟档案：生重→熟重
正式食谱,牛牛的定制食谱（牛）20260914,PRIVATE_CUSTOM,红甜椒,FOOD,熟,去瓤、生重、打碎、充分搅拌,去瓤、熟重、打碎、充分搅拌,熟档案：生重→熟重
正式食谱,牛牛的定制食谱（牛）20260914,PRIVATE_CUSTOM,南瓜,FOOD,熟,去皮、去瓤、生重、打碎、充分搅拌,去皮、去瓤、熟重、打碎、充分搅拌,熟档案：生重→熟重
正式食谱,牛牛的定制食谱（牛）20260914,PRIVATE_CUSTOM,白蘑菇,FOOD,熟,生重、打碎、充分搅拌,熟重、打碎、充分搅拌,熟档案：生重→熟重
正式食谱,鳕鱼鸡蛋牛肉(路宝),PRIVATE_CUSTOM,燕麦米,FOOD,生/干,生重打成粉后、搅拌均匀。,生重、打粉、充分搅拌,自由文本归一
正式食谱,鳕鱼鸡蛋牛肉(路宝),PRIVATE_CUSTOM,紫甘蓝,FOOD,熟,煮熟后沥水、打碎、充分搅拌,煮熟后称重、打碎、充分搅拌,自由文本归一
正式食谱,鳕鱼鸡蛋牛肉(路宝),PRIVATE_CUSTOM,核桃,FOOD,干,打碎后充分搅拌,打碎、充分搅拌,自由文本归一
正式食谱,Foxy的鸭胸食谱,DRAFT,花椰菜,FOOD,熟,去老梗、焯水后称重、打碎、充分搅拌,去老梗、焯水、沥干后称重、打碎、充分搅拌,自由文本归一
正式食谱,Foxy的鸭胸食谱,DRAFT,胡萝卜,FOOD,熟,去皮、生重、打碎、充分搅拌,去皮、熟重、打碎、充分搅拌,熟档案：生重→熟重
正式食谱,李皮皮 的鲜食食谱 07/02,PRIVATE_CUSTOM,藜麦,FOOD,熟,生重、打粉、充分搅拌,熟重、打粉、充分搅拌,熟档案：生重→熟重
正式食谱,李皮皮 的鲜食食谱 07/02,PRIVATE_CUSTOM,秋葵,FOOD,熟,生重、打碎、充分搅拌,熟重、打碎、充分搅拌,熟档案：生重→熟重
正式食谱,李皮皮 的鲜食食谱 07/02,PRIVATE_CUSTOM,胡萝卜,FOOD,熟,生重、打碎、充分搅拌,熟重、打碎、充分搅拌,熟档案：生重→熟重
正式食谱,李皮皮 的鲜食食谱 07/02,PRIVATE_CUSTOM,青口贝,FOOD,熟,去壳、生重、打碎、充分搅拌,去壳、熟重、打碎、充分搅拌,熟档案：生重→熟重
正式食谱,牛牛的定制食谱（鸭）20260914,PRIVATE_CUSTOM,花椰菜,FOOD,熟,去老梗、焯水后称重、打碎、充分搅拌,去老梗、焯水、沥干后称重、打碎、充分搅拌,自由文本归一
正式食谱,小瓜 的鲜食食谱 07/15,PRIVATE_CUSTOM,卷心菜,FOOD,熟,生重、打碎、静置30分钟、充分搅拌,熟重、打碎、静置30分钟、充分搅拌,熟档案：生重→熟重
正式食谱,花生 的鲜食食谱 07/09,PRIVATE_CUSTOM,猪心,FOOD,熟,去油、生重、打碎、充分搅拌,去油、熟重、打碎、充分搅拌,熟档案：生重→熟重
正式食谱,小瓜 的鲜食食谱 07/15,PRIVATE_CUSTOM,鸡蛋,FOOD,熟,去壳、全蛋、生重、充分搅拌,去壳、全蛋、熟重、充分搅拌,熟档案：生重→熟重
正式食谱,小瓜 的鲜食食谱 07/15,PRIVATE_CUSTOM,猪肝,FOOD,熟,去油、生重、焯水、打碎、充分搅拌,去油、熟重、焯水、打碎、充分搅拌,熟档案：生重→熟重
正式食谱,大米红薯兔里脊,PRIVATE_CUSTOM,羽衣甘蓝,FOOD,熟,焯水、沥干后称重、打碎,焯水、沥干后称重、熟重、打碎,熟档案：补熟重
正式食谱,花椰菜糙米鸭肉,PRIVATE_CUSTOM,花椰菜,FOOD,熟,生重、打碎、充分搅拌,熟重、打碎、充分搅拌,熟档案：生重→熟重
正式食谱,花椰菜糙米鸭肉,PRIVATE_CUSTOM,紫甘蓝,FOOD,熟,生重、打碎、充分搅拌,熟重、打碎、充分搅拌,熟档案：生重→熟重
正式食谱,鸡蛋鱼虾鸭胸(路宝),DRAFT,比目鱼,FOOD,生,去皮去骨、生重打碎后、搅拌均匀。,去皮、去骨、生重、打碎、充分搅拌,自由文本归一
正式食谱,鸡蛋鱼虾鸭胸(路宝),DRAFT,绿豆芽,FOOD,熟,生重、打碎、充分搅拌,熟重、打碎、充分搅拌,熟档案：生重→熟重
正式食谱,鸡蛋鱼虾鸭胸(路宝),DRAFT,花椰菜,FOOD,熟,去老梗、焯水后称重、打碎、充分搅拌,去老梗、焯水、沥干后称重、打碎、充分搅拌,自由文本归一
正式食谱,燕麦米比目鱼鸭肉,PRIVATE_CUSTOM,比目鱼,FOOD,生,去皮去骨，生重打碎后，搅拌均匀。,去皮、去骨、生重、打碎、充分搅拌,自由文本归一
正式食谱,燕麦米比目鱼鸭肉,PRIVATE_CUSTOM,燕麦米,FOOD,生/干,生重打成粉后，搅拌均匀。,生重、打粉、充分搅拌,自由文本归一
正式食谱,燕麦米比目鱼鸭肉,PRIVATE_CUSTOM,紫甘蓝,FOOD,熟,煮熟后沥水、打碎、充分搅拌,煮熟后称重、打碎、充分搅拌,自由文本归一
正式食谱,6.75天/27份✅鸡猪,PRIVATE_CUSTOM,黑米,FOOD,生/干,煮熟后打碎,生重、打碎,生档案：熟制称重→生重
正式食谱,鸡胸荞麦-lp,PRIVATE_CUSTOM,芦笋,FOOD,生,去皮、煮熟后称重、打碎、充分搅拌,去皮、生重、打碎、充分搅拌,生档案：熟制称重→生重
正式食谱,燕麦米青花鱼鸭肉,DRAFT,燕麦米,FOOD,生/干,生重打成粉后、搅拌均匀。,生重、打粉、充分搅拌,自由文本归一
正式食谱,燕麦米青花鱼鸭肉,DRAFT,紫甘蓝,FOOD,熟,生重、打碎、充分搅拌,熟重、打碎、充分搅拌,熟档案：生重→熟重
正式食谱,6.75天/27份 猪里脊420,PRIVATE_CUSTOM,糙米,FOOD,生,煮熟后称重、充分搅拌,生重、充分搅拌,生档案：熟制称重→生重
正式食谱,秋菊 的鲜食食谱 08/02,PRIVATE_CUSTOM,亚麻籽,FOOD,干,打粉后充分搅拌,打粉、充分搅拌,自由文本归一
正式食谱,秋菊 的鲜食食谱 08/02,PRIVATE_CUSTOM,小米,FOOD,生,煮熟后称重、充分搅拌,生重、充分搅拌,生档案：熟制称重→生重
正式食谱,燕麦米青花鱼鸭肉(财宝),PRIVATE_CUSTOM,燕麦米,FOOD,生/干,生重打成粉后、搅拌均匀。,生重、打粉、充分搅拌,自由文本归一
正式食谱,杠铃 的鲜食食谱 07/25,PRIVATE_CUSTOM,三文鱼,FOOD,熟,去皮、去骨、生重、打碎、充分搅拌,去皮、去骨、熟重、打碎、充分搅拌,熟档案：生重→熟重
正式食谱,杠铃 的鲜食食谱 07/25,PRIVATE_CUSTOM,青口贝,FOOD,熟,去壳、生重、打碎、充分搅拌,去壳、熟重、打碎、充分搅拌,熟档案：生重→熟重
正式食谱,杠铃 的鲜食食谱 07/25,PRIVATE_CUSTOM,上海青,FOOD,熟,水煮或焯水后沥干、称重、打碎、充分搅拌,焯水、沥干后称重、熟重、打碎、充分搅拌,自由文本归一、熟档案：补熟重、去掉多余称重
正式食谱,杠铃 的鲜食食谱 07/25,PRIVATE_CUSTOM,西兰花,FOOD,熟,生重、打碎、充分搅拌,熟重、打碎、充分搅拌,熟档案：生重→熟重
正式食谱,5.25天/21份 副本,PRIVATE_CUSTOM,西兰花,FOOD,生,打碎、静置30分钟、焯水沥干、称重、充分搅拌,打碎、静置30分钟、焯水、沥干后称重、充分搅拌,自由文本归一、去掉多余称重
正式食谱,秋菊 的鲜食食谱 08/02,PRIVATE_CUSTOM,藜麦,FOOD,熟,生重、打粉、充分搅拌,熟重、打粉、充分搅拌,熟档案：生重→熟重
正式食谱,秋菊 的鲜食食谱 08/02,PRIVATE_CUSTOM,碳酸钙粉,SUPPLEMENT,浓缩补剂,生重、充分搅拌,充分搅拌,油/粉/补剂：删除口径词
正式食谱,秋菊 的鲜食食谱 07/26,PRIVATE_CUSTOM,小麦胚芽油,FOOD,油脂,生重、充分搅拌,充分搅拌,油/粉/补剂：删除口径词
正式食谱,秋菊 的鲜食食谱 07/26,PRIVATE_CUSTOM,亚麻籽,FOOD,干,打粉后充分搅拌,打粉、充分搅拌,自由文本归一
正式食谱,兔里脊大米土豆(小满),PRIVATE_CUSTOM,小麦胚芽油,FOOD,油脂,生重、充分搅拌,充分搅拌,油/粉/补剂：删除口径词
正式食谱,青花鱼对虾牛肉(财宝),PRIVATE_CUSTOM,小麦胚芽油,FOOD,油脂,生重、充分搅拌,充分搅拌,油/粉/补剂：删除口径词
正式食谱,青花鱼对虾牛肉(财宝),PRIVATE_CUSTOM,紫甘蓝,FOOD,熟,煮熟后沥水、打碎、充分搅拌,煮熟后称重、打碎、充分搅拌,自由文本归一
正式食谱,青花鱼对虾牛肉(财宝),PRIVATE_CUSTOM,西兰花,FOOD,熟,打碎、静置30分钟、焯水沥干、称重、充分搅拌,熟重、打碎、静置30分钟、焯水、沥干后称重、充分搅拌,自由文本归一、熟档案：补熟重、去掉多余称重
正式食谱,青花鱼对虾牛肉(财宝),PRIVATE_CUSTOM,绿豆芽,FOOD,熟,生重、打碎、充分搅拌,熟重、打碎、充分搅拌,熟档案：生重→熟重
正式食谱,燕麦鳕鱼猪肉,PUBLIC,西兰花,FOOD,熟,生重、打碎、充分搅拌,熟重、打碎、充分搅拌,熟档案：生重→熟重
正式食谱,百万 的鲜食食谱 07/28,PRIVATE_CUSTOM,鸡胸,FOOD,熟,去皮、去骨、生重、打碎、充分搅拌,去皮、去骨、熟重、打碎、充分搅拌,熟档案：生重→熟重
正式食谱,百万 的鲜食食谱 07/28,PRIVATE_CUSTOM,猪心,FOOD,熟,生重、打碎、充分搅拌,熟重、打碎、充分搅拌,熟档案：生重→熟重
正式食谱,百万 的鲜食食谱 07/28,PRIVATE_CUSTOM,鸡肝,FOOD,熟,去油、生重、打碎、充分搅拌,去油、熟重、打碎、充分搅拌,熟档案：生重→熟重
正式食谱,百万 的鲜食食谱 07/28,PRIVATE_CUSTOM,青花鱼,FOOD,熟,去骨、生重、打碎、充分搅拌,去骨、熟重、打碎、充分搅拌,熟档案：生重→熟重
正式食谱,百万 的鲜食食谱 07/28,PRIVATE_CUSTOM,青口贝,FOOD,熟,去壳、生重、打碎、充分搅拌,去壳、熟重、打碎、充分搅拌,熟档案：生重→熟重
正式食谱,百万 的鲜食食谱 07/28,PRIVATE_CUSTOM,小米,FOOD,熟,生重、充分搅拌,熟重、充分搅拌,熟档案：生重→熟重
正式食谱,百万 的鲜食食谱 07/28,PRIVATE_CUSTOM,胡萝卜,FOOD,熟,生重、打碎、充分搅拌,熟重、打碎、充分搅拌,熟档案：生重→熟重
正式食谱,百万 的鲜食食谱 07/28,PRIVATE_CUSTOM,西兰花,FOOD,熟,打碎、静置30分钟、焯水沥干、称重、充分搅拌,熟重、打碎、静置30分钟、焯水、沥干后称重、充分搅拌,自由文本归一、熟档案：补熟重、去掉多余称重
正式食谱,百万 的鲜食食谱 07/28,PRIVATE_CUSTOM,鲜香菇,FOOD,熟,生重、打碎、充分搅拌,熟重、打碎、充分搅拌,熟档案：生重→熟重
正式食谱,糙米三文鱼鸭胸鹿腿,PUBLIC,西兰花,FOOD,熟,生重、打碎、充分搅拌,熟重、打碎、充分搅拌,熟档案：生重→熟重
正式食谱,鸭肉食谱,PRIVATE_CUSTOM,西兰花,FOOD,生,打碎、静置30分钟、焯水沥干、称重、充分搅拌,打碎、静置30分钟、焯水、沥干后称重、充分搅拌,自由文本归一、去掉多余称重
正式食谱,青口贝虾仁鸡胸（幺鸡）,PRIVATE_CUSTOM,燕麦米,FOOD,生/干,生重打成粉后、搅拌均匀。,生重、打粉、充分搅拌,自由文本归一
正式食谱,青口贝虾仁鸡胸（幺鸡）,PRIVATE_CUSTOM,上海青,FOOD,生,水煮或焯水后沥干、称重、打碎、充分搅拌,焯水、沥干后称重、打碎、充分搅拌,自由文本归一、去掉多余称重
正式食谱,鸭肉食谱,PRIVATE_CUSTOM,胡萝卜,FOOD,生,煮熟后称重、打碎、充分搅拌,生重、打碎、充分搅拌,生档案：熟制称重→生重
正式食谱,鸭肉食谱,PRIVATE_CUSTOM,小麦胚芽油,FOOD,油脂,生重、充分搅拌,充分搅拌,油/粉/补剂：删除口径词
正式食谱,马？,PRIVATE_CUSTOM,山药,FOOD,生,去皮、煮熟后称重、打碎、充分搅拌,去皮、生重、打碎、充分搅拌,生档案：熟制称重→生重
正式食谱,马？,PRIVATE_CUSTOM,红甜椒,FOOD,生,去籽、煮熟后称重、打碎、充分搅拌,去籽、生重、打碎、充分搅拌,生档案：熟制称重→生重
正式食谱,马？,PRIVATE_CUSTOM,亚麻籽,FOOD,干,打粉后充分搅拌,打粉、充分搅拌,自由文本归一
正式食谱,马？,PRIVATE_CUSTOM,碳酸钙粉,SUPPLEMENT,浓缩补剂,生重、充分搅拌,充分搅拌,油/粉/补剂：删除口径词
正式食谱,糙米三文鱼鸭胸鹿腿,PUBLIC,西兰花,FOOD,熟,生重、打碎、充分搅拌,熟重、打碎、充分搅拌,熟档案：生重→熟重
正式食谱,来福 的鲜食食谱 08/06,PRIVATE_CUSTOM,花椰菜,FOOD,生,去老梗、焯水后称重、打碎、充分搅拌,去老梗、焯水、沥干后称重、打碎、充分搅拌,自由文本归一
正式食谱,十字花科全谷物三文鱼鸡肉,PUBLIC,鸡心,FOOD,熟,去油、生重、打碎、充分搅拌,去油、熟重、打碎、充分搅拌,熟档案：生重→熟重
正式食谱,十字花科全谷物三文鱼鸡肉,PUBLIC,红薯,FOOD,熟,去皮、生重、打碎、充分搅拌,去皮、熟重、打碎、充分搅拌,熟档案：生重→熟重
正式食谱,十字花科全谷物三文鱼鸡肉,PUBLIC,西兰花,FOOD,熟,生重、打碎、充分搅拌,熟重、打碎、充分搅拌,熟档案：生重→熟重
正式食谱,十字花科全谷物三文鱼鸡肉,PUBLIC,卷心菜,FOOD,熟,生重、打碎、充分搅拌,熟重、打碎、充分搅拌,熟档案：生重→熟重
正式食谱,十字花科全谷物三文鱼鸡肉,PUBLIC,白萝卜,FOOD,熟,去皮、生重、打碎、充分搅拌,去皮、熟重、打碎、充分搅拌,熟档案：生重→熟重
正式食谱,秋菊 的鲜食食谱 06/28,PRIVATE_CUSTOM,生蚝,FOOD,熟,去壳、生重、打碎、充分搅拌,去壳、熟重、打碎、充分搅拌,熟档案：生重→熟重
正式食谱,鸡兔-lp DV,PRIVATE_CUSTOM,山药,FOOD,生,去皮、煮熟后称重、打碎、充分搅拌,去皮、生重、打碎、充分搅拌,生档案：熟制称重→生重
正式食谱,燕麦鳕鱼猪肉,PUBLIC,红薯,FOOD,熟,去皮、生重、打碎、充分搅拌,去皮、熟重、打碎、充分搅拌,熟档案：生重→熟重
正式食谱,燕麦鳕鱼猪肉,PUBLIC,红甜椒,FOOD,熟,去瓤、生重、打碎、充分搅拌,去瓤、熟重、打碎、充分搅拌,熟档案：生重→熟重
正式食谱,糙米三文鱼鸭胸鹿腿,PUBLIC,西兰花,FOOD,熟,生重、打碎、充分搅拌,熟重、打碎、充分搅拌,熟档案：生重→熟重
正式食谱,乖乖 的鲜食食谱 08/25,PRIVATE_CUSTOM,西兰花,FOOD,生,打碎、静置30分钟、焯水沥干、称重、充分搅拌,打碎、静置30分钟、焯水、沥干后称重、充分搅拌,自由文本归一、去掉多余称重
正式食谱,乖乖 的鲜食食谱 08/25,PRIVATE_CUSTOM,胡萝卜,FOOD,生,煮熟后称重、打碎、充分搅拌,生重、打碎、充分搅拌,生档案：熟制称重→生重
正式食谱,乖乖 的鲜食食谱 08/25,PRIVATE_CUSTOM,南瓜,FOOD,生,去皮、去瓤、煮熟后称重、打碎、充分搅拌,去皮、去瓤、生重、打碎、充分搅拌,生档案：熟制称重→生重
正式食谱,鸭肉梨,PRIVATE_CUSTOM,红薯,FOOD,熟,去皮、生重、打碎、充分搅拌,去皮、熟重、打碎、充分搅拌,熟档案：生重→熟重
正式食谱,鸭肉梨,PRIVATE_CUSTOM,西兰花,FOOD,熟,生重、打碎、充分搅拌,熟重、打碎、充分搅拌,熟档案：生重→熟重
正式食谱,土豆大米兔,PRIVATE_CUSTOM,南瓜,FOOD,熟,去皮、去瓤、生重、打碎、充分搅拌,去皮、去瓤、熟重、打碎、充分搅拌,熟档案：生重→熟重
正式食谱,哈子 的鲜食食谱 08/18,PRIVATE_CUSTOM,小米,FOOD,生,浸泡60分钟、煮熟后称重、充分搅拌,浸泡60分钟、生重、充分搅拌,生档案：熟制称重→生重
正式食谱,哈子 的鲜食食谱 08/18,PRIVATE_CUSTOM,南瓜,FOOD,生,去皮、去瓤、煮熟后称重、充分搅拌,去皮、去瓤、生重、充分搅拌,生档案：熟制称重→生重
正式食谱,哈子 的鲜食食谱 08/18,PRIVATE_CUSTOM,胡萝卜,FOOD,生,煮熟后称重、打碎、充分搅拌,生重、打碎、充分搅拌,生档案：熟制称重→生重
正式食谱,哈子 的鲜食食谱 08/18,PRIVATE_CUSTOM,西兰花,FOOD,生,打碎、静置30分钟、焯水沥干、称重、充分搅拌,打碎、静置30分钟、焯水、沥干后称重、充分搅拌,自由文本归一、去掉多余称重
正式食谱,牛肉食谱,PRIVATE_CUSTOM,红甜椒,FOOD,生,去籽、煮熟后称重、打碎、充分搅拌,去籽、生重、打碎、充分搅拌,生档案：熟制称重→生重
正式食谱,牛肉食谱,PRIVATE_CUSTOM,西葫芦,FOOD,生,煮熟后称重、打碎、充分搅拌,生重、打碎、充分搅拌,生档案：熟制称重→生重
正式食谱,牛肉食谱,PRIVATE_CUSTOM,南瓜,FOOD,生,去瓤、去皮、煮熟后沥水、称重、打碎、充分搅拌,去瓤、去皮、生重、打碎、充分搅拌,自由文本归一、生档案：熟制称重→生重、去掉多余称重
正式食谱,牛肉食谱,PRIVATE_CUSTOM,藜麦,FOOD,熟,生重、打粉、充分搅拌,熟重、打粉、充分搅拌,熟档案：生重→熟重
正式食谱,山药 辅食,PRIVATE_CUSTOM,山药,FOOD,生,去皮、煮熟后称重、打碎、充分搅拌,去皮、生重、打碎、充分搅拌,生档案：熟制称重→生重
正式食谱,山药 辅食,PRIVATE_CUSTOM,西兰花,FOOD,生,打碎、静置30分钟、焯水沥干、称重、充分搅拌,打碎、静置30分钟、焯水、沥干后称重、充分搅拌,自由文本归一、去掉多余称重
正式食谱,牛肉食谱,PRIVATE_CUSTOM,小麦胚芽油,FOOD,油脂,生重、充分搅拌,充分搅拌,油/粉/补剂：删除口径词
正式食谱,鸡肉食谱,PRIVATE_CUSTOM,小米,FOOD,生,煮熟后称重、充分搅拌,生重、充分搅拌,生档案：熟制称重→生重
正式食谱,鸡肉食谱,PRIVATE_CUSTOM,小麦胚芽油,FOOD,油脂,生重、充分搅拌,充分搅拌,油/粉/补剂：删除口径词
正式食谱,鸭胸猪里脊鸡蛋青花鱼,PUBLIC,南瓜,FOOD,,去瓤、去皮、煮熟后沥水、称重、打碎、充分搅拌,去瓤、去皮、煮熟后称重、打碎、充分搅拌,自由文本归一、去掉多余称重
正式食谱,燕麦鳕鱼猪肉,PUBLIC,红薯,FOOD,熟,去皮、生重、打碎、充分搅拌,去皮、熟重、打碎、充分搅拌,熟档案：生重→熟重
正式食谱,燕麦鳕鱼猪肉,PUBLIC,西兰花,FOOD,熟,生重、打碎、充分搅拌,熟重、打碎、充分搅拌,熟档案：生重→熟重
正式食谱,燕麦鳕鱼猪肉,PUBLIC,红甜椒,FOOD,熟,去瓤、生重、打碎、充分搅拌,去瓤、熟重、打碎、充分搅拌,熟档案：生重→熟重
正式食谱,鸭胸猪里脊鸡蛋青花鱼,PUBLIC,西兰花,FOOD,,打碎、静置30分钟、焯水沥干、称重、充分搅拌,打碎、静置30分钟、焯水、沥干后称重、充分搅拌,自由文本归一、去掉多余称重
正式食谱,鸭胸猪里脊鸡蛋青花鱼,PUBLIC,玉米油,FOOD,,生重、充分混匀。,生重、充分搅拌,自由文本归一
正式食谱,鸭胸猪里脊鸡蛋青花鱼,PUBLIC,南瓜,FOOD,,去瓤、去皮、煮熟后沥水、称重、打碎、充分搅拌,去瓤、去皮、煮熟后称重、打碎、充分搅拌,自由文本归一、去掉多余称重
正式食谱,鸭胸猪里脊鸡蛋青花鱼,PUBLIC,西兰花,FOOD,,打碎、静置30分钟、焯水沥干、称重、充分搅拌,打碎、静置30分钟、焯水、沥干后称重、充分搅拌,自由文本归一、去掉多余称重
正式食谱,鸭胸猪里脊鸡蛋青花鱼,PUBLIC,玉米油,FOOD,,生重、充分混匀。,生重、充分搅拌,自由文本归一
正式食谱,十字花科全谷物三文鱼鸡肉,PUBLIC,鸡心,FOOD,熟,去油、生重、打碎、充分搅拌,去油、熟重、打碎、充分搅拌,熟档案：生重→熟重
正式食谱,十字花科全谷物三文鱼鸡肉,PUBLIC,红薯,FOOD,熟,去皮、生重、打碎、充分搅拌,去皮、熟重、打碎、充分搅拌,熟档案：生重→熟重
正式食谱,十字花科全谷物三文鱼鸡肉,PUBLIC,西兰花,FOOD,熟,生重、打碎、充分搅拌,熟重、打碎、充分搅拌,熟档案：生重→熟重
正式食谱,十字花科全谷物三文鱼鸡肉,PUBLIC,卷心菜,FOOD,熟,生重、打碎、充分搅拌,熟重、打碎、充分搅拌,熟档案：生重→熟重
正式食谱,十字花科全谷物三文鱼鸡肉,PUBLIC,白萝卜,FOOD,熟,去皮、生重、打碎、充分搅拌,去皮、熟重、打碎、充分搅拌,熟档案：生重→熟重
正式食谱,兔肉食谱,PRIVATE_CUSTOM,四季豆,FOOD,生,煮熟后沥水称重、打碎后充分搅拌,生重、打碎、充分搅拌,自由文本归一、生档案：熟制称重→生重
正式食谱,兔肉食谱,PRIVATE_CUSTOM,胡萝卜,FOOD,生,煮熟后称重、打碎、充分搅拌,生重、打碎、充分搅拌,生档案：熟制称重→生重
正式食谱,兔肉食谱,PRIVATE_CUSTOM,小麦胚芽油,FOOD,油脂,生重、充分搅拌,充分搅拌,油/粉/补剂：删除口径词
正式食谱,十字花科全谷物三文鱼鸡肉,PUBLIC,鸡心,FOOD,熟,去油、生重、打碎、充分搅拌,去油、熟重、打碎、充分搅拌,熟档案：生重→熟重
正式食谱,十字花科全谷物三文鱼鸡肉,PUBLIC,红薯,FOOD,熟,去皮、生重、打碎、充分搅拌,去皮、熟重、打碎、充分搅拌,熟档案：生重→熟重
正式食谱,十字花科全谷物三文鱼鸡肉,PUBLIC,西兰花,FOOD,熟,生重、打碎、充分搅拌,熟重、打碎、充分搅拌,熟档案：生重→熟重
正式食谱,十字花科全谷物三文鱼鸡肉,PUBLIC,卷心菜,FOOD,熟,生重、打碎、充分搅拌,熟重、打碎、充分搅拌,熟档案：生重→熟重
正式食谱,十字花科全谷物三文鱼鸡肉,PUBLIC,白萝卜,FOOD,熟,去皮、生重、打碎、充分搅拌,去皮、熟重、打碎、充分搅拌,熟档案：生重→熟重
正式食谱,十字花科全谷物三文鱼鸡肉,PUBLIC,鸡心,FOOD,熟,去油、生重、打碎、充分搅拌,去油、熟重、打碎、充分搅拌,熟档案：生重→熟重
正式食谱,十字花科全谷物三文鱼鸡肉,PUBLIC,鸡心,FOOD,熟,去油、生重、打碎、充分搅拌,去油、熟重、打碎、充分搅拌,熟档案：生重→熟重
正式食谱,十字花科全谷物三文鱼鸡肉,PUBLIC,红薯,FOOD,熟,去皮、生重、打碎、充分搅拌,去皮、熟重、打碎、充分搅拌,熟档案：生重→熟重
正式食谱,十字花科全谷物三文鱼鸡肉,PUBLIC,西兰花,FOOD,熟,生重、打碎、充分搅拌,熟重、打碎、充分搅拌,熟档案：生重→熟重
正式食谱,十字花科全谷物三文鱼鸡肉,PUBLIC,卷心菜,FOOD,熟,生重、打碎、充分搅拌,熟重、打碎、充分搅拌,熟档案：生重→熟重
正式食谱,莓莓 的鲜食食谱 08/23,PRIVATE_CUSTOM,土豆,FOOD,生,去皮、煮熟后称重、打碎、充分搅拌,去皮、生重、打碎、充分搅拌,生档案：熟制称重→生重
正式食谱,莓莓 的鲜食食谱 08/23,PRIVATE_CUSTOM,胡萝卜,FOOD,生,煮熟后称重、打碎、充分搅拌,生重、打碎、充分搅拌,生档案：熟制称重→生重
正式食谱,十字花科全谷物三文鱼鸡肉,PUBLIC,红薯,FOOD,熟,去皮、生重、打碎、充分搅拌,去皮、熟重、打碎、充分搅拌,熟档案：生重→熟重
正式食谱,十字花科全谷物三文鱼鸡肉,PUBLIC,西兰花,FOOD,熟,生重、打碎、充分搅拌,熟重、打碎、充分搅拌,熟档案：生重→熟重
正式食谱,十字花科全谷物三文鱼鸡肉,PUBLIC,卷心菜,FOOD,熟,生重、打碎、充分搅拌,熟重、打碎、充分搅拌,熟档案：生重→熟重
正式食谱,十字花科全谷物三文鱼鸡肉,PUBLIC,白萝卜,FOOD,熟,去皮、生重、打碎、充分搅拌,去皮、熟重、打碎、充分搅拌,熟档案：生重→熟重
正式食谱,16oz cod,PRIVATE_CUSTOM,紫薯,FOOD,生,去皮、煮熟后称重,去皮、生重,生档案：熟制称重→生重
正式食谱,灿灿 的鲜食食谱 08/17,PRIVATE_CUSTOM,藜麦,FOOD,熟,生重、打粉、充分搅拌,熟重、打粉、充分搅拌,熟档案：生重→熟重
正式食谱,灿灿 的鲜食食谱 08/17,PRIVATE_CUSTOM,西兰花,FOOD,熟,生重、打碎、充分搅拌,熟重、打碎、充分搅拌,熟档案：生重→熟重
正式食谱,灿灿 的鲜食食谱 08/17,PRIVATE_CUSTOM,鲜香菇,FOOD,熟,生重、打碎、充分搅拌,熟重、打碎、充分搅拌,熟档案：生重→熟重
正式食谱,灿灿 的鲜食食谱 08/17,PRIVATE_CUSTOM,紫甘蓝,FOOD,熟,生重、打碎、充分搅拌,熟重、打碎、充分搅拌,熟档案：生重→熟重
正式食谱,灿灿 的鲜食食谱 08/17,PRIVATE_CUSTOM,亚麻籽,FOOD,干,打粉后充分搅拌,打粉、充分搅拌,自由文本归一
正式食谱,鸡胸牛肉饭(幺鸡),DRAFT,小麦胚芽油,FOOD,油脂,生重、充分搅拌,充分搅拌,油/粉/补剂：删除口径词
正式食谱,鸭胸猪里脊鸡蛋青花鱼,PUBLIC,南瓜,FOOD,,去瓤、去皮、煮熟后沥水、称重、打碎、充分搅拌,去瓤、去皮、煮熟后称重、打碎、充分搅拌,自由文本归一、去掉多余称重
正式食谱,鸭胸猪里脊鸡蛋青花鱼,PUBLIC,西兰花,FOOD,,打碎、静置30分钟、焯水沥干、称重、充分搅拌,打碎、静置30分钟、焯水、沥干后称重、充分搅拌,自由文本归一、去掉多余称重
正式食谱,鸭胸猪里脊鸡蛋青花鱼,PUBLIC,玉米油,FOOD,,生重、充分混匀。,生重、充分搅拌,自由文本归一
正式食谱,ID的兔肉定制,PRIVATE_CUSTOM,鸭蛋,FOOD,生,去壳全蛋、与其他食材充分搅拌,去壳、全蛋、充分搅拌,自由文本归一
正式食谱,ID的兔肉定制,PRIVATE_CUSTOM,南瓜,FOOD,生,去瓤、去皮、煮熟后沥水、称重、打碎、充分搅拌,去瓤、去皮、生重、打碎、充分搅拌,自由文本归一、生档案：熟制称重→生重、去掉多余称重
正式食谱,燕麦鳕鱼猪肉,PUBLIC,红薯,FOOD,熟,去皮、生重、打碎、充分搅拌,去皮、熟重、打碎、充分搅拌,熟档案：生重→熟重
正式食谱,燕麦鳕鱼猪肉,PUBLIC,西兰花,FOOD,熟,生重、打碎、充分搅拌,熟重、打碎、充分搅拌,熟档案：生重→熟重
正式食谱,秋葵藜麦米牛肉鸡胸,PRIVATE_CUSTOM,小麦胚芽油,FOOD,油脂,生重、充分搅拌,充分搅拌,油/粉/补剂：删除口径词
正式食谱,燕麦鳕鱼猪肉,PUBLIC,西兰花,FOOD,熟,生重、打碎、充分搅拌,熟重、打碎、充分搅拌,熟档案：生重→熟重
正式食谱,ID的兔肉定制,PRIVATE_CUSTOM,上海青,FOOD,生,水煮或焯水后沥干、称重、打碎、充分搅拌,焯水、沥干后称重、打碎、充分搅拌,自由文本归一、去掉多余称重
正式食谱,ID的兔肉定制,PRIVATE_CUSTOM,小麦胚芽油,FOOD,油脂,生重、充分搅拌,充分搅拌,油/粉/补剂：删除口径词
正式食谱,小豆 的鲜食食谱 08/27,PRIVATE_CUSTOM,糙米,FOOD,生,煮熟后称重、打碎、充分搅拌,生重、打碎、充分搅拌,生档案：熟制称重→生重
正式食谱,小豆 的鲜食食谱 08/27,PRIVATE_CUSTOM,红薯,FOOD,生,去皮、煮熟后称重、打碎、充分搅拌,去皮、生重、打碎、充分搅拌,生档案：熟制称重→生重
正式食谱,小豆 的鲜食食谱 08/29,PRIVATE_CUSTOM,南瓜,FOOD,生,去皮、去瓤、煮熟后称重、打碎、充分搅拌,去皮、去瓤、生重、打碎、充分搅拌,生档案：熟制称重→生重
正式食谱,小豆 的鲜食食谱 08/29,PRIVATE_CUSTOM,碳酸钙粉,SUPPLEMENT,浓缩补剂,生重、充分搅拌,充分搅拌,油/粉/补剂：删除口径词
正式食谱,鸭胸猪里脊鸡蛋青花鱼,PUBLIC,糙米,FOOD,生,煮熟后称重、充分搅拌,生重、充分搅拌,生档案：熟制称重→生重
正式食谱,鸭胸猪里脊鸡蛋青花鱼,PUBLIC,南瓜,FOOD,生,去瓤、去皮、煮熟后沥水、称重、打碎、充分搅拌,去瓤、去皮、生重、打碎、充分搅拌,自由文本归一、生档案：熟制称重→生重、去掉多余称重
正式食谱,鸭胸猪里脊鸡蛋青花鱼,PUBLIC,西兰花,FOOD,生,打碎、静置30分钟、焯水沥干、称重、充分搅拌,打碎、静置30分钟、焯水、沥干后称重、充分搅拌,自由文本归一、去掉多余称重
正式食谱,鸭胸猪里脊鸡蛋青花鱼,PUBLIC,红甜椒,FOOD,生,去籽、煮熟后称重、打碎、充分搅拌,去籽、生重、打碎、充分搅拌,生档案：熟制称重→生重
正式食谱,鸭胸猪里脊鸡蛋青花鱼,PUBLIC,玉米油,FOOD,油脂,生重、充分混匀。,充分搅拌,自由文本归一、油/粉/补剂：删除口径词
正式食谱,秋菊 的鲜食食谱 09/06,PRIVATE_CUSTOM,亚麻籽,FOOD,干,打粉后充分搅拌,打粉、充分搅拌,自由文本归一
正式食谱,牛牛的定制食谱（兔）20260914,PRIVATE_CUSTOM,娃娃菜,FOOD,熟,生重、打碎、充分搅拌,熟重、打碎、充分搅拌,熟档案：生重→熟重
正式食谱,牛牛的定制食谱（兔）20260914,PRIVATE_CUSTOM,四季豆,FOOD,熟,煮熟后沥水称重、打碎后充分搅拌,煮熟后称重、打碎、充分搅拌,自由文本归一
正式食谱,牛牛的定制食谱（兔）20260914,PRIVATE_CUSTOM,鲜香菇,FOOD,熟,生重、打碎、充分搅拌,熟重、打碎、充分搅拌,熟档案：生重→熟重
正式食谱,柠檬茶 的鲜食食谱 08/05,PRIVATE_CUSTOM,小米,FOOD,生,煮熟后称重、充分搅拌,生重、充分搅拌,生档案：熟制称重→生重
正式食谱,Lucky的最新兔肉食谱,DRAFT,西兰花,FOOD,熟,打碎、静置30分钟、焯水沥干、称重、充分搅拌,熟重、打碎、静置30分钟、焯水、沥干后称重、充分搅拌,自由文本归一、熟档案：补熟重、去掉多余称重
正式食谱,财宝定制食谱,PRIVATE_CUSTOM,鸡胸,FOOD,,"a6409a79-402b-41d1-bfe1-031a67da0876, a8ba4629-0933-4427-a537-5febbee5ed48, a8f50f30-16f8-4c18-a216-e9ed0a6d4f65, dd27baa4-36cb-4405-9092-0eb37e6160fa, 7aa01a87-e4d5-4e3b-b4cf-e4634b303853, af4c8a9c-98bf-4f91-ab07-4927aae2c4c2",去油、去皮、去骨、生重、打碎、充分搅拌,机器码还原
正式食谱,财宝定制食谱,PRIVATE_CUSTOM,猪里脊,FOOD,,"a6409a79-402b-41d1-bfe1-031a67da0876, a8ba4629-0933-4427-a537-5febbee5ed48, dd27baa4-36cb-4405-9092-0eb37e6160fa, 7aa01a87-e4d5-4e3b-b4cf-e4634b303853, af4c8a9c-98bf-4f91-ab07-4927aae2c4c2",去油、去皮、生重、打碎、充分搅拌,机器码还原
正式食谱,财宝定制食谱,PRIVATE_CUSTOM,猪肝,FOOD,,"a6409a79-402b-41d1-bfe1-031a67da0876, dd27baa4-36cb-4405-9092-0eb37e6160fa, 7aa01a87-e4d5-4e3b-b4cf-e4634b303853, af4c8a9c-98bf-4f91-ab07-4927aae2c4c2",去油、生重、打碎、充分搅拌,机器码还原
正式食谱,财宝定制食谱,PRIVATE_CUSTOM,三文鱼,FOOD,,"a8ba4629-0933-4427-a537-5febbee5ed48, a8f50f30-16f8-4c18-a216-e9ed0a6d4f65, dd27baa4-36cb-4405-9092-0eb37e6160fa, 7aa01a87-e4d5-4e3b-b4cf-e4634b303853, af4c8a9c-98bf-4f91-ab07-4927aae2c4c2",去皮、去骨、生重、打碎、充分搅拌,机器码还原
正式食谱,财宝定制食谱,PRIVATE_CUSTOM,鸡蛋,FOOD,,"e7f1e345-6aee-4274-9c81-b2463dae82df, 81263f8d-49db-4f56-8607-fe9d1c6e61ce, dd27baa4-36cb-4405-9092-0eb37e6160fa, af4c8a9c-98bf-4f91-ab07-4927aae2c4c2",去壳、全蛋、生重、充分搅拌,机器码还原
正式食谱,财宝定制食谱,PRIVATE_CUSTOM,大米,FOOD,,"39b36568-24f1-4b20-b8ef-61ce023d568d, af4c8a9c-98bf-4f91-ab07-4927aae2c4c2",煮熟后称重、充分搅拌,机器码还原
正式食谱,财宝定制食谱,PRIVATE_CUSTOM,燕麦,FOOD,,"dd27baa4-36cb-4405-9092-0eb37e6160fa, df60590f-a697-4897-ab08-1322e2287268, af4c8a9c-98bf-4f91-ab07-4927aae2c4c2",生重、打粉、充分搅拌,机器码还原
正式食谱,财宝定制食谱,PRIVATE_CUSTOM,南瓜,FOOD,,"a8ba4629-0933-4427-a537-5febbee5ed48, 70de9668-660e-4f3e-91aa-79506f12f4d0, 39b36568-24f1-4b20-b8ef-61ce023d568d, af4c8a9c-98bf-4f91-ab07-4927aae2c4c2",去皮、去瓤、煮熟后称重、充分搅拌,机器码还原
正式食谱,财宝定制食谱,PRIVATE_CUSTOM,西葫芦,FOOD,,"36f6a5e7-14bb-472a-932e-54ee075f6819, 39b36568-24f1-4b20-b8ef-61ce023d568d, af4c8a9c-98bf-4f91-ab07-4927aae2c4c2",留皮、煮熟后称重、充分搅拌,机器码还原
正式食谱,财宝定制食谱,PRIVATE_CUSTOM,胡萝卜,FOOD,,"36f6a5e7-14bb-472a-932e-54ee075f6819, 39b36568-24f1-4b20-b8ef-61ce023d568d, af4c8a9c-98bf-4f91-ab07-4927aae2c4c2",留皮、煮熟后称重、充分搅拌,机器码还原
正式食谱,财宝定制食谱,PRIVATE_CUSTOM,火麻籽,FOOD,,"dd27baa4-36cb-4405-9092-0eb37e6160fa, af4c8a9c-98bf-4f91-ab07-4927aae2c4c2",生重、充分搅拌,机器码还原
正式食谱,财宝定制食谱,PRIVATE_CUSTOM,小麦胚芽油,FOOD,,af4c8a9c-98bf-4f91-ab07-4927aae2c4c2,充分搅拌,机器码还原
正式食谱,财宝定制食谱,PRIVATE_CUSTOM,食用盐,FOOD,,af4c8a9c-98bf-4f91-ab07-4927aae2c4c2,充分搅拌,机器码还原
正式食谱,财宝定制食谱,PRIVATE_CUSTOM,鸡蛋壳粉,SUPPLEMENT,,af4c8a9c-98bf-4f91-ab07-4927aae2c4c2,充分搅拌,机器码还原
正式食谱,财宝定制食谱,PRIVATE_CUSTOM,海藻粉,SUPPLEMENT,,af4c8a9c-98bf-4f91-ab07-4927aae2c4c2,充分搅拌,机器码还原
正式食谱,财宝定制食谱,PRIVATE_CUSTOM,氨基酸螯合铜,SUPPLEMENT,浓缩补剂,"df60590f-a697-4897-ab08-1322e2287268, af4c8a9c-98bf-4f91-ab07-4927aae2c4c2",打粉、充分搅拌,机器码还原
正式食谱,xz 的鲜食食谱 07/08,PRIVATE_CUSTOM,藜麦,FOOD,熟,生重、打粉、充分搅拌,熟重、打粉、充分搅拌,熟档案：生重→熟重
正式食谱,xz 的鲜食食谱 07/08,PRIVATE_CUSTOM,西兰花,FOOD,生,打碎、静置30分钟、焯水沥干、称重、充分搅拌,打碎、静置30分钟、焯水、沥干后称重、充分搅拌,自由文本归一、去掉多余称重
正式食谱,xz 的鲜食食谱 猪里脊鳕鱼鸡蛋,PRIVATE_CUSTOM,糙米,FOOD,生,煮熟后称重、打碎、充分搅拌,生重、打碎、充分搅拌,生档案：熟制称重→生重
正式食谱,xz 的鲜食食谱 猪里脊鳕鱼鸡蛋,PRIVATE_CUSTOM,亚麻籽,FOOD,干,打粉后充分搅拌,打粉、充分搅拌,自由文本归一
正式食谱,西葫芦大米比目鱼鸡肉,DRAFT,红薯,FOOD,熟,去皮、生重、打碎、充分搅拌,去皮、熟重、打碎、充分搅拌,熟档案：生重→熟重
正式食谱,西葫芦大米比目鱼鸡肉,DRAFT,胡萝卜,FOOD,熟,去皮、生重、打碎、充分搅拌,去皮、熟重、打碎、充分搅拌,熟档案：生重→熟重
正式食谱,西葫芦大米比目鱼鸡肉,DRAFT,上海青,FOOD,熟,水煮或焯水后沥干、称重、打碎、充分搅拌,焯水、沥干后称重、熟重、打碎、充分搅拌,自由文本归一、熟档案：补熟重、去掉多余称重
正式食谱,西葫芦大米比目鱼鸡肉,DRAFT,小麦胚芽油,FOOD,油脂,生重、充分搅拌,充分搅拌,油/粉/补剂：删除口径词
正式食谱,鸡胸鳕鱼,PRIVATE_CUSTOM,糙米,FOOD,生,煮熟后称重、充分搅拌,生重、充分搅拌,生档案：熟制称重→生重
正式食谱,鸡胸鳕鱼,PRIVATE_CUSTOM,黑米,FOOD,生/干,煮熟后打碎,生重、打碎,生档案：熟制称重→生重
正式食谱,燕麦鳕鱼猪肉,PUBLIC,红薯,FOOD,熟,去皮、生重、打碎、充分搅拌,去皮、熟重、打碎、充分搅拌,熟档案：生重→熟重
正式食谱,鸭肉梨,PRIVATE_CUSTOM,白蘑菇,FOOD,熟,生重、打碎、充分搅拌,熟重、打碎、充分搅拌,熟档案：生重→熟重
正式食谱,秋葵藜麦米牛肉鸡胸,PRIVATE_CUSTOM,西兰花,FOOD,熟,打碎、静置30分钟、焯水沥干、称重、充分搅拌,熟重、打碎、静置30分钟、焯水、沥干后称重、充分搅拌,自由文本归一、熟档案：补熟重、去掉多余称重
正式食谱,秋葵藜麦米牛肉鸡胸,PRIVATE_CUSTOM,秋葵,FOOD,熟,生重、打碎、充分搅拌,熟重、打碎、充分搅拌,熟档案：生重→熟重
正式食谱,西葫芦大米比目鱼鸡肉,DRAFT,鸡胸,FOOD,熟,去皮、去骨、生重、打碎、充分搅拌,去皮、去骨、熟重、打碎、充分搅拌,熟档案：生重→熟重
正式食谱,小米三文鱼猪里脊(幺鸡),PRIVATE_CUSTOM,娃娃菜,FOOD,熟,生重、打碎、充分搅拌,熟重、打碎、充分搅拌,熟档案：生重→熟重
正式食谱,糙米三文鱼猪里脊(烟花),PRIVATE_CUSTOM,娃娃菜,FOOD,熟,生重、打碎、充分搅拌,熟重、打碎、充分搅拌,熟档案：生重→熟重
正式食谱,Foxy的鸭胸食谱,DRAFT,白蘑菇,FOOD,熟,生重、打碎、充分搅拌,熟重、打碎、充分搅拌,熟档案：生重→熟重
正式食谱,布丁定制食谱,PRIVATE_CUSTOM,西兰花,FOOD,熟,打碎、静置30分钟、焯水沥干、称重、充分搅拌,熟重、打碎、静置30分钟、焯水、沥干后称重、充分搅拌,自由文本归一、熟档案：补熟重、去掉多余称重
正式食谱,燕麦鳕鱼猪肉,PUBLIC,红甜椒,FOOD,熟,去瓤、生重、打碎、充分搅拌,去瓤、熟重、打碎、充分搅拌,熟档案：生重→熟重
正式食谱,大米红薯兔里脊,PRIVATE_CUSTOM,西兰花,FOOD,熟,打碎、静置30分钟、焯水沥干、称重、充分搅拌,熟重、打碎、静置30分钟、焯水、沥干后称重、充分搅拌,自由文本归一、熟档案：补熟重、去掉多余称重
正式食谱,鸡胸牛肉饭(幺鸡),DRAFT,花椰菜,FOOD,熟,生重、打碎、充分搅拌,熟重、打碎、充分搅拌,熟档案：生重→熟重
设计器草稿,十字花科全谷物三文鱼鸡肉,PUBLISHED,糙米,FOOD,生,煮熟后称重、打碎、充分搅拌,生重、打碎、充分搅拌,生档案：熟制称重→生重
设计器草稿,十字花科全谷物三文鱼鸡肉,PUBLISHED,红薯,FOOD,生,去皮、煮熟后称重、打碎、充分搅拌,去皮、生重、打碎、充分搅拌,生档案：熟制称重→生重
设计器草稿,红薯三文鱼鸡胸,PUBLISHED,南瓜,FOOD,生,去皮、去瓤、煮熟后称重、充分搅拌,去皮、去瓤、生重、充分搅拌,生档案：熟制称重→生重
设计器草稿,红薯三文鱼鸡胸,PUBLISHED,红薯,FOOD,生,去皮、煮熟后称重、打碎、充分搅拌,去皮、生重、打碎、充分搅拌,生档案：熟制称重→生重
设计器草稿,红薯三文鱼鸡胸,PUBLISHED,胡萝卜,FOOD,生,煮熟后称重、打碎、充分搅拌,生重、打碎、充分搅拌,生档案：熟制称重→生重
设计器草稿,红薯三文鱼鸡胸,PUBLISHED,小麦胚芽油,FOOD,油脂,生重、充分搅拌,充分搅拌,油/粉/补剂：删除口径词
设计器草稿,燕麦三文鱼猪肉,PUBLISHED,橄榄油,FOOD,油脂,生重、充分搅拌,充分搅拌,油/粉/补剂：删除口径词
设计器草稿,兔里脊大米土豆,PUBLISHED,大米,FOOD,生,煮熟后称重、打碎、充分搅拌,生重、打碎、充分搅拌,生档案：熟制称重→生重
设计器草稿,兔里脊大米土豆,PUBLISHED,土豆,FOOD,生,去皮、煮熟后称重、打碎、充分搅拌,去皮、生重、打碎、充分搅拌,生档案：熟制称重→生重
设计器草稿,兔里脊大米土豆,PUBLISHED,南瓜,FOOD,生,去皮、去瓤、煮熟后称重、打碎、充分搅拌,去皮、去瓤、生重、打碎、充分搅拌,生档案：熟制称重→生重
设计器草稿,兔里脊大米土豆,PUBLISHED,小麦胚芽油,FOOD,油脂,生重、充分搅拌,充分搅拌,油/粉/补剂：删除口径词
设计器草稿,藜麦南瓜生蚝鸡腿牛肉,PUBLISHED,小麦胚芽油,FOOD,油脂,生重、充分搅拌,充分搅拌,油/粉/补剂：删除口径词
设计器草稿,猪里脊青花鱼藜麦小米,PUBLISHED,小米,FOOD,生,煮熟后称重、充分搅拌,生重、充分搅拌,生档案：熟制称重→生重
设计器草稿,猪里脊青花鱼藜麦小米,PUBLISHED,四季豆,FOOD,生,煮熟后沥水称重、打碎后充分搅拌,生重、打碎、充分搅拌,自由文本归一、生档案：熟制称重→生重
设计器草稿,乐乐 的鲜食食谱 07/16,NEEDS_REVIEW,西兰花,FOOD,生,打碎、静置30分钟、焯水沥干、称重、充分搅拌,打碎、静置30分钟、焯水、沥干后称重、充分搅拌,自由文本归一、去掉多余称重
设计器草稿,猪里脊青花鱼藜麦小米,PUBLISHED,亚麻籽,FOOD,干,打粉后充分搅拌,打粉、充分搅拌,自由文本归一
设计器草稿,燕麦三文鱼猪肉,PUBLISHED,橄榄油,FOOD,油脂,生重、充分搅拌,充分搅拌,油/粉/补剂：删除口径词
设计器草稿,羊肚菌芦笋糙米牛肉,PUBLISHED,糙米,FOOD,生,煮熟后称重、充分搅拌,生重、充分搅拌,生档案：熟制称重→生重
设计器草稿,羊肚菌芦笋糙米牛肉,PUBLISHED,红薯,FOOD,生,去皮、煮熟后称重、打碎、充分搅拌,去皮、生重、打碎、充分搅拌,生档案：熟制称重→生重
设计器草稿,羊肚菌芦笋糙米牛肉,PUBLISHED,芦笋,FOOD,生,去皮、煮熟后称重、打碎、充分搅拌,去皮、生重、打碎、充分搅拌,生档案：熟制称重→生重
设计器草稿,羊肚菌芦笋糙米牛肉,PUBLISHED,胡萝卜,FOOD,生,煮熟后称重、打碎、充分搅拌,生重、打碎、充分搅拌,生档案：熟制称重→生重
设计器草稿,羊肚菌芦笋糙米牛肉,PUBLISHED,小麦胚芽油,FOOD,油脂,生重、充分搅拌,充分搅拌,油/粉/补剂：删除口径词
设计器草稿,小米山药猪肉,PUBLISHED,小米,FOOD,生,浸泡60分钟、煮熟后称重、充分搅拌,浸泡60分钟、生重、充分搅拌,生档案：熟制称重→生重
设计器草稿,小米山药猪肉,PUBLISHED,山药,FOOD,生,去皮、煮熟后称重、打碎、充分搅拌,去皮、生重、打碎、充分搅拌,生档案：熟制称重→生重
设计器草稿,小米山药猪肉,PUBLISHED,花椰菜,FOOD,生,去老梗、焯水后称重、打碎、充分搅拌,去老梗、焯水、沥干后称重、打碎、充分搅拌,自由文本归一
设计器草稿,大米南瓜鸡胸兔里脊,PUBLISHED,大米,FOOD,生,煮熟后称重、打碎、充分搅拌,生重、打碎、充分搅拌,生档案：熟制称重→生重
设计器草稿,糙米西葫芦牛肉,PUBLISHED,糙米,FOOD,生,流水冲洗、浸泡60分钟、煮熟后称重、打碎、充分搅拌,流水冲洗、浸泡60分钟、生重、打碎、充分搅拌,生档案：熟制称重→生重
设计器草稿,糙米西葫芦牛肉,PUBLISHED,南瓜,FOOD,生,去皮、去瓤、煮熟后称重、打碎、充分搅拌,去皮、去瓤、生重、打碎、充分搅拌,生档案：熟制称重→生重
设计器草稿,糙米西葫芦牛肉,PUBLISHED,西葫芦,FOOD,生,煮熟后称重、打碎、充分搅拌,生重、打碎、充分搅拌,生档案：熟制称重→生重
设计器草稿,糙米西葫芦牛肉,PUBLISHED,小麦胚芽油,FOOD,油脂,生重、充分搅拌,充分搅拌,油/粉/补剂：删除口径词
设计器草稿,灿灿 的鲜食食谱 08/17,COMPLIANT,亚麻籽,FOOD,干,打粉后充分搅拌,打粉、充分搅拌,自由文本归一
设计器草稿,糙米红薯青花鱼牛肉,PUBLISHED,糙米,FOOD,生,煮熟后称重、打碎、充分搅拌,生重、打碎、充分搅拌,生档案：熟制称重→生重
设计器草稿,黑米鳕鱼鸡胸,PUBLISHED,红薯,FOOD,熟,去皮、生重、打碎、充分搅拌,去皮、熟重、打碎、充分搅拌,熟档案：生重→熟重
设计器草稿,杂粮三文鱼猪肉,PUBLISHED,糙米,FOOD,生,煮熟后称重、打碎、充分搅拌,生重、打碎、充分搅拌,生档案：熟制称重→生重
设计器草稿,杂粮三文鱼猪肉,PUBLISHED,小米,FOOD,生,煮熟后称重、充分搅拌,生重、充分搅拌,生档案：熟制称重→生重
设计器草稿,杂粮三文鱼猪肉,PUBLISHED,南瓜,FOOD,生,去皮、去瓤、煮熟后称重、打碎、充分搅拌,去皮、去瓤、生重、打碎、充分搅拌,生档案：熟制称重→生重
设计器草稿,鸭胸猪里脊鸡蛋青花鱼,PUBLISHED,糙米,FOOD,生,煮熟后称重、充分搅拌,生重、充分搅拌,生档案：熟制称重→生重
设计器草稿,鸭胸猪里脊鸡蛋青花鱼,PUBLISHED,南瓜,FOOD,生,去瓤、去皮、煮熟后沥水、称重、打碎、充分搅拌,去瓤、去皮、生重、打碎、充分搅拌,自由文本归一、生档案：熟制称重→生重、去掉多余称重
设计器草稿,鸭胸猪里脊鸡蛋青花鱼,PUBLISHED,西兰花,FOOD,生,打碎、静置30分钟、焯水沥干、称重、充分搅拌,打碎、静置30分钟、焯水、沥干后称重、充分搅拌,自由文本归一、去掉多余称重
设计器草稿,鸭胸猪里脊鸡蛋青花鱼,PUBLISHED,红甜椒,FOOD,生,去籽、煮熟后称重、打碎、充分搅拌,去籽、生重、打碎、充分搅拌,生档案：熟制称重→生重
设计器草稿,布丁定制食谱,PUBLISHED,姜黄粉,FOOD,粉,生重、充分搅拌,充分搅拌,油/粉/补剂：删除口径词
设计器草稿,布丁定制食谱,PUBLISHED,大米,FOOD,生,煮熟后称重、打碎、充分搅拌,生重、打碎、充分搅拌,生档案：熟制称重→生重
设计器草稿,鸭胸猪里脊鸡蛋青花鱼,PUBLISHED,玉米油,FOOD,油脂,生重、充分混匀。,充分搅拌,自由文本归一、油/粉/补剂：删除口径词
设计器草稿,糙米南瓜牛肉,PUBLISHED,糙米,FOOD,生,煮熟后称重、静置30分钟、打碎、充分搅拌,生重、静置30分钟、打碎、充分搅拌,生档案：熟制称重→生重
设计器草稿,糙米南瓜牛肉,PUBLISHED,南瓜,FOOD,生,去瓤、留皮、煮熟后称重、静置30分钟、打碎、充分搅拌,去瓤、留皮、生重、静置30分钟、打碎、充分搅拌,生档案：熟制称重→生重
设计器草稿,糙米红薯青花鱼牛肉,PUBLISHED,糙米,FOOD,生,煮熟后称重、充分搅拌,生重、充分搅拌,生档案：熟制称重→生重
设计器草稿,灿灿 的鲜食食谱 08/17,COMPLIANT,藜麦,FOOD,熟,生重、打粉、充分搅拌,熟重、打粉、充分搅拌,熟档案：生重→熟重
设计器草稿,鸭胸猪里脊鸡蛋青花鱼,PUBLISHED,糙米,FOOD,生,煮熟后称重、充分搅拌,生重、充分搅拌,生档案：熟制称重→生重
设计器草稿,鸭胸猪里脊鸡蛋青花鱼,PUBLISHED,南瓜,FOOD,生,去瓤、去皮、煮熟后沥水、称重、打碎、充分搅拌,去瓤、去皮、生重、打碎、充分搅拌,自由文本归一、生档案：熟制称重→生重、去掉多余称重
设计器草稿,鸭胸猪里脊鸡蛋青花鱼,PUBLISHED,西兰花,FOOD,生,打碎、静置30分钟、焯水沥干、称重、充分搅拌,打碎、静置30分钟、焯水、沥干后称重、充分搅拌,自由文本归一、去掉多余称重
设计器草稿,鸭胸猪里脊鸡蛋青花鱼,PUBLISHED,红甜椒,FOOD,生,去籽、煮熟后称重、打碎、充分搅拌,去籽、生重、打碎、充分搅拌,生档案：熟制称重→生重
设计器草稿,鸭胸猪里脊鸡蛋青花鱼,PUBLISHED,玉米油,FOOD,油脂,生重、充分混匀。,充分搅拌,自由文本归一、油/粉/补剂：删除口径词
设计器草稿,（咖喱定制）创伤恢复+红胡子,NEEDS_REVIEW,糙米,FOOD,生,"39b36568-24f1-4b20-b8ef-61ce023d568d, af4c8a9c-98bf-4f91-ab07-4927aae2c4c2",生重、充分搅拌,机器码还原、生档案：熟制称重→生重
设计器草稿,（咖喱定制）创伤恢复+红胡子,NEEDS_REVIEW,小麦胚芽油,FOOD,油脂,"dd27baa4-36cb-4405-9092-0eb37e6160fa, af4c8a9c-98bf-4f91-ab07-4927aae2c4c2",充分搅拌,机器码还原、油/粉/补剂：删除口径词
设计器草稿,（咖喱定制）创伤恢复+红胡子,NEEDS_REVIEW,姜黄粉,FOOD,粉,"dd27baa4-36cb-4405-9092-0eb37e6160fa, af4c8a9c-98bf-4f91-ab07-4927aae2c4c2",充分搅拌,机器码还原、油/粉/补剂：删除口径词
设计器草稿,十字花科全谷物三文鱼鸡肉 修订,NEEDS_REVIEW,红薯,FOOD,生,去皮、煮熟后称重、打碎、充分搅拌,去皮、生重、打碎、充分搅拌,生档案：熟制称重→生重
设计器草稿,十字花科全谷物三文鱼鸡肉 修订,NEEDS_REVIEW,糙米,FOOD,生,煮熟后称重、打碎、充分搅拌,生重、打碎、充分搅拌,生档案：熟制称重→生重
设计器草稿,红薯三文鱼鸡胸 修订,NEEDS_REVIEW,南瓜,FOOD,生,去皮、去瓤、煮熟后称重、充分搅拌,去皮、去瓤、生重、充分搅拌,生档案：熟制称重→生重
设计器草稿,红薯三文鱼鸡胸 修订,NEEDS_REVIEW,红薯,FOOD,生,去皮、煮熟后称重、打碎、充分搅拌,去皮、生重、打碎、充分搅拌,生档案：熟制称重→生重
设计器草稿,红薯三文鱼鸡胸 修订,NEEDS_REVIEW,胡萝卜,FOOD,生,煮熟后称重、打碎、充分搅拌,生重、打碎、充分搅拌,生档案：熟制称重→生重
设计器草稿,红薯三文鱼鸡胸 修订,NEEDS_REVIEW,小麦胚芽油,FOOD,油脂,生重、充分搅拌,充分搅拌,油/粉/补剂：删除口径词
设计器草稿,（咖喱定制）创伤恢复+红胡子,NEEDS_REVIEW,食用盐,FOOD,干,"dd27baa4-36cb-4405-9092-0eb37e6160fa, af4c8a9c-98bf-4f91-ab07-4927aae2c4c2",生重、充分搅拌,机器码还原
设计器草稿,（咖喱定制）创伤恢复+红胡子,NEEDS_REVIEW,海藻粉,SUPPLEMENT,浓缩补剂,af4c8a9c-98bf-4f91-ab07-4927aae2c4c2,充分搅拌,机器码还原
设计器草稿,糙米西葫芦牛肉,DRAFT,小麦胚芽油,FOOD,油脂,生重、充分搅拌,充分搅拌,油/粉/补剂：删除口径词
设计器草稿,（咖喱定制）创伤恢复+红胡子,NEEDS_REVIEW,鸡蛋壳粉,SUPPLEMENT,浓缩补剂,"dd27baa4-36cb-4405-9092-0eb37e6160fa, af4c8a9c-98bf-4f91-ab07-4927aae2c4c2",充分搅拌,机器码还原、油/粉/补剂：删除口径词
设计器草稿,十字花科全谷物三文鱼鸡肉,PUBLISHED,糙米,FOOD,生,煮熟后称重、打碎、充分搅拌,生重、打碎、充分搅拌,生档案：熟制称重→生重
设计器草稿,十字花科全谷物三文鱼鸡肉,PUBLISHED,红薯,FOOD,生,去皮、煮熟后称重、打碎、充分搅拌,去皮、生重、打碎、充分搅拌,生档案：熟制称重→生重
设计器草稿,花卷 的鲜食食谱 06/27,NEEDS_REVIEW,亚麻籽,FOOD,干,打粉后充分搅拌,打粉、充分搅拌,自由文本归一
设计器草稿,燕麦鳕鱼猪肉,PUBLISHED,西兰花,FOOD,熟,生重、打碎、充分搅拌,熟重、打碎、充分搅拌,熟档案：生重→熟重
设计器草稿,燕麦鳕鱼猪肉,PUBLISHED,红薯,FOOD,熟,去皮、生重、打碎、充分搅拌,去皮、熟重、打碎、充分搅拌,熟档案：生重→熟重
设计器草稿,燕麦鳕鱼猪肉,PUBLISHED,红甜椒,FOOD,熟,去瓤、生重、打碎、充分搅拌,去瓤、熟重、打碎、充分搅拌,熟档案：生重→熟重
设计器草稿,（咖喱定制）创伤恢复+红胡子,NEEDS_REVIEW,葡萄糖酸锌片,SUPPLEMENT,浓缩补剂,"df60590f-a697-4897-ab08-1322e2287268, af4c8a9c-98bf-4f91-ab07-4927aae2c4c2",打粉、充分搅拌,机器码还原
设计器草稿,燕麦鳕鱼猪肉,COMPLIANT,红薯,FOOD,熟,去皮、生重、打碎、充分搅拌,去皮、熟重、打碎、充分搅拌,熟档案：生重→熟重
设计器草稿,燕麦鳕鱼猪肉,COMPLIANT,西兰花,FOOD,熟,生重、打碎、充分搅拌,熟重、打碎、充分搅拌,熟档案：生重→熟重
设计器草稿,燕麦鳕鱼猪肉,COMPLIANT,红甜椒,FOOD,熟,去瓤、生重、打碎、充分搅拌,去瓤、熟重、打碎、充分搅拌,熟档案：生重→熟重
设计器草稿,燕麦鳕鱼猪肉,PUBLISHED,红薯,FOOD,熟,去皮、生重、打碎、充分搅拌,去皮、熟重、打碎、充分搅拌,熟档案：生重→熟重
设计器草稿,燕麦鳕鱼猪肉,PUBLISHED,西兰花,FOOD,熟,生重、打碎、充分搅拌,熟重、打碎、充分搅拌,熟档案：生重→熟重
设计器草稿,燕麦鳕鱼猪肉,PUBLISHED,红甜椒,FOOD,熟,去瓤、生重、打碎、充分搅拌,去瓤、熟重、打碎、充分搅拌,熟档案：生重→熟重
设计器草稿,花卷 的鲜食食谱 06/27,NEEDS_REVIEW,鸡肝,FOOD,熟,生重、打碎、充分搅拌,熟重、打碎、充分搅拌,熟档案：生重→熟重
设计器草稿,西葫芦大米比目鱼鸡肉,PUBLISHED,小麦胚芽油,FOOD,油脂,生重、充分搅拌,充分搅拌,油/粉/补剂：删除口径词
设计器草稿,燕麦鳕鱼猪肉,COMPLIANT,红薯,FOOD,熟,去皮、生重、打碎、充分搅拌,去皮、熟重、打碎、充分搅拌,熟档案：生重→熟重
设计器草稿,燕麦鳕鱼猪肉,COMPLIANT,西兰花,FOOD,熟,生重、打碎、充分搅拌,熟重、打碎、充分搅拌,熟档案：生重→熟重
设计器草稿,燕麦鳕鱼猪肉,COMPLIANT,红甜椒,FOOD,熟,去瓤、生重、打碎、充分搅拌,去瓤、熟重、打碎、充分搅拌,熟档案：生重→熟重
设计器草稿,燕麦鳕鱼猪肉,PUBLISHED,红薯,FOOD,熟,去皮、生重、打碎、充分搅拌,去皮、熟重、打碎、充分搅拌,熟档案：生重→熟重
设计器草稿,燕麦鳕鱼猪肉,PUBLISHED,西兰花,FOOD,熟,生重、打碎、充分搅拌,熟重、打碎、充分搅拌,熟档案：生重→熟重
设计器草稿,燕麦鳕鱼猪肉,PUBLISHED,红甜椒,FOOD,熟,去瓤、生重、打碎、充分搅拌,去瓤、熟重、打碎、充分搅拌,熟档案：生重→熟重
设计器草稿,燕麦鳕鱼猪肉,COMPLIANT,红薯,FOOD,熟,去皮、生重、打碎、充分搅拌,去皮、熟重、打碎、充分搅拌,熟档案：生重→熟重
设计器草稿,燕麦鳕鱼猪肉,COMPLIANT,西兰花,FOOD,熟,生重、打碎、充分搅拌,熟重、打碎、充分搅拌,熟档案：生重→熟重
设计器草稿,燕麦鳕鱼猪肉,COMPLIANT,红甜椒,FOOD,熟,去瓤、生重、打碎、充分搅拌,去瓤、熟重、打碎、充分搅拌,熟档案：生重→熟重
设计器草稿,牛肉食谱,COMPLIANT,小麦胚芽油,FOOD,油脂,生重、充分搅拌,充分搅拌,油/粉/补剂：删除口径词
设计器草稿,十字花科全谷物三文鱼鸡肉,PUBLISHED,鸡心,FOOD,熟,去油、生重、打碎、充分搅拌,去油、熟重、打碎、充分搅拌,熟档案：生重→熟重
设计器草稿,十字花科全谷物三文鱼鸡肉,PUBLISHED,红薯,FOOD,熟,去皮、生重、打碎、充分搅拌,去皮、熟重、打碎、充分搅拌,熟档案：生重→熟重
设计器草稿,十字花科全谷物三文鱼鸡肉,PUBLISHED,西兰花,FOOD,熟,生重、打碎、充分搅拌,熟重、打碎、充分搅拌,熟档案：生重→熟重
设计器草稿,十字花科全谷物三文鱼鸡肉,PUBLISHED,卷心菜,FOOD,熟,生重、打碎、充分搅拌,熟重、打碎、充分搅拌,熟档案：生重→熟重
设计器草稿,十字花科全谷物三文鱼鸡肉,PUBLISHED,白萝卜,FOOD,熟,去皮、生重、打碎、充分搅拌,去皮、熟重、打碎、充分搅拌,熟档案：生重→熟重
设计器草稿,创伤恢复+红胡子(牛肉版),PUBLISHED,姜黄粉,FOOD,粉,"dd27baa4-36cb-4405-9092-0eb37e6160fa, af4c8a9c-98bf-4f91-ab07-4927aae2c4c2",充分搅拌,机器码还原、油/粉/补剂：删除口径词
设计器草稿,创伤恢复+红胡子(牛肉版),PUBLISHED,食用盐,FOOD,干,"dd27baa4-36cb-4405-9092-0eb37e6160fa, af4c8a9c-98bf-4f91-ab07-4927aae2c4c2",生重、充分搅拌,机器码还原
设计器草稿,创伤恢复+红胡子(牛肉版),PUBLISHED,鸡蛋壳粉,SUPPLEMENT,浓缩补剂,"dd27baa4-36cb-4405-9092-0eb37e6160fa, af4c8a9c-98bf-4f91-ab07-4927aae2c4c2",充分搅拌,机器码还原、油/粉/补剂：删除口径词
设计器草稿,创伤恢复+红胡子(牛肉版),PUBLISHED,葡萄糖酸锌片,SUPPLEMENT,浓缩补剂,"df60590f-a697-4897-ab08-1322e2287268, af4c8a9c-98bf-4f91-ab07-4927aae2c4c2",打粉、充分搅拌,机器码还原
设计器草稿,燕麦鳕鱼猪肉,PUBLISHED,西兰花,FOOD,熟,生重、打碎、充分搅拌,熟重、打碎、充分搅拌,熟档案：生重→熟重
设计器草稿,小米鳕鱼鸡胸,PUBLISHED,秋葵,FOOD,熟,生重、打碎、充分搅拌,熟重、打碎、充分搅拌,熟档案：生重→熟重
设计器草稿,小米鳕鱼鸡胸,PUBLISHED,小米,FOOD,熟,生重、打碎、充分搅拌,熟重、打碎、充分搅拌,熟档案：生重→熟重
设计器草稿,小米鳕鱼鸡胸,PUBLISHED,红薯,FOOD,熟,去皮、生重、打碎、充分搅拌,去皮、熟重、打碎、充分搅拌,熟档案：生重→熟重
设计器草稿,小米鳕鱼鸡胸,PUBLISHED,小米,FOOD,熟,生重、打碎、充分搅拌,熟重、打碎、充分搅拌,熟档案：生重→熟重
设计器草稿,小米鳕鱼鸡胸,PUBLISHED,红薯,FOOD,熟,去皮、生重、打碎、充分搅拌,去皮、熟重、打碎、充分搅拌,熟档案：生重→熟重
设计器草稿,燕麦鳕鱼猪肉,PUBLISHED,西兰花,FOOD,熟,生重、打碎、充分搅拌,熟重、打碎、充分搅拌,熟档案：生重→熟重
设计器草稿,小米鳕鱼鸡胸,PUBLISHED,小米,FOOD,熟,生重、打碎、充分搅拌,熟重、打碎、充分搅拌,熟档案：生重→熟重
设计器草稿,小米鳕鱼鸡胸,PUBLISHED,秋葵,FOOD,熟,生重、打碎、充分搅拌,熟重、打碎、充分搅拌,熟档案：生重→熟重
设计器草稿,燕麦鳕鱼猪肉,PUBLISHED,红薯,FOOD,熟,去皮、生重、打碎、充分搅拌,去皮、熟重、打碎、充分搅拌,熟档案：生重→熟重
设计器草稿,燕麦鳕鱼猪肉,PUBLISHED,红薯,FOOD,熟,去皮、生重、打碎、充分搅拌,去皮、熟重、打碎、充分搅拌,熟档案：生重→熟重
设计器草稿,小米鳕鱼鸡胸,PUBLISHED,红薯,FOOD,熟,去皮、生重、打碎、充分搅拌,去皮、熟重、打碎、充分搅拌,熟档案：生重→熟重
设计器草稿,小米鳕鱼鸡胸,PUBLISHED,小米,FOOD,熟,生重、打碎、充分搅拌,熟重、打碎、充分搅拌,熟档案：生重→熟重
设计器草稿,小米鳕鱼鸡胸,PUBLISHED,红薯,FOOD,熟,去皮、生重、打碎、充分搅拌,去皮、熟重、打碎、充分搅拌,熟档案：生重→熟重
设计器草稿,小米鳕鱼鸡胸,COMPLIANT,小米,FOOD,熟,生重、打碎、充分搅拌,熟重、打碎、充分搅拌,熟档案：生重→熟重
设计器草稿,小米鳕鱼鸡胸,COMPLIANT,红薯,FOOD,熟,去皮、生重、打碎、充分搅拌,去皮、熟重、打碎、充分搅拌,熟档案：生重→熟重
设计器草稿,小米鳕鱼鸡胸,PUBLISHED,小米,FOOD,熟,生重、打碎、充分搅拌,熟重、打碎、充分搅拌,熟档案：生重→熟重
设计器草稿,小米鳕鱼鸡胸,PUBLISHED,红薯,FOOD,熟,去皮、生重、打碎、充分搅拌,去皮、熟重、打碎、充分搅拌,熟档案：生重→熟重
设计器草稿,小米鳕鱼鸡胸,PUBLISHED,秋葵,FOOD,熟,生重、打碎、充分搅拌,熟重、打碎、充分搅拌,熟档案：生重→熟重
设计器草稿,糙米三文鱼鸭胸鹿腿,PUBLISHED,西兰花,FOOD,熟,生重、打碎、充分搅拌,熟重、打碎、充分搅拌,熟档案：生重→熟重
设计器草稿,创伤恢复+红胡子(牛肉版),PUBLISHED,小麦胚芽油,FOOD,油脂,"dd27baa4-36cb-4405-9092-0eb37e6160fa, af4c8a9c-98bf-4f91-ab07-4927aae2c4c2",充分搅拌,机器码还原、油/粉/补剂：删除口径词
设计器草稿,创伤恢复+红胡子(牛肉版),PUBLISHED,海藻粉,SUPPLEMENT,浓缩补剂,af4c8a9c-98bf-4f91-ab07-4927aae2c4c2,充分搅拌,机器码还原
设计器草稿,杂粮三文鱼猪肉,DRAFT,糙米,FOOD,生,煮熟后称重、打碎、充分搅拌,生重、打碎、充分搅拌,生档案：熟制称重→生重
设计器草稿,杂粮三文鱼猪肉,DRAFT,小米,FOOD,生,煮熟后称重、充分搅拌,生重、充分搅拌,生档案：熟制称重→生重
设计器草稿,杂粮三文鱼猪肉,DRAFT,南瓜,FOOD,生,去皮、去瓤、煮熟后称重、打碎、充分搅拌,去皮、去瓤、生重、打碎、充分搅拌,生档案：熟制称重→生重
设计器草稿,十字花科全谷物三文鱼鸡肉,PUBLISHED,鸡心,FOOD,熟,去油、生重、打碎、充分搅拌,去油、熟重、打碎、充分搅拌,熟档案：生重→熟重
设计器草稿,大米燕麦三文鱼兔里脊,PUBLISHED,西兰花,FOOD,熟,生重、打碎、充分搅拌,熟重、打碎、充分搅拌,熟档案：生重→熟重
设计器草稿,十字花科全谷物三文鱼鸡肉,PUBLISHED,红薯,FOOD,熟,去皮、生重、打碎、充分搅拌,去皮、熟重、打碎、充分搅拌,熟档案：生重→熟重
设计器草稿,大米燕麦三文鱼兔里脊,PUBLISHED,西兰花,FOOD,熟,生重、打碎、充分搅拌,熟重、打碎、充分搅拌,熟档案：生重→熟重
设计器草稿,大米燕麦三文鱼兔里脊,PUBLISHED,西兰花,FOOD,熟,生重、打碎、充分搅拌,熟重、打碎、充分搅拌,熟档案：生重→熟重
设计器草稿,燕麦鳕鱼猪肉,COMPLIANT,红薯,FOOD,熟,去皮、生重、打碎、充分搅拌,去皮、熟重、打碎、充分搅拌,熟档案：生重→熟重
设计器草稿,燕麦鳕鱼猪肉,COMPLIANT,西兰花,FOOD,熟,生重、打碎、充分搅拌,熟重、打碎、充分搅拌,熟档案：生重→熟重
设计器草稿,黑米鳕鱼鸡胸,PUBLISHED,红薯,FOOD,熟,去皮、生重、打碎、充分搅拌,去皮、熟重、打碎、充分搅拌,熟档案：生重→熟重
设计器草稿,红薯三文鱼鸡胸,PUBLISHED,南瓜,FOOD,生,去皮、去瓤、煮熟后称重、充分搅拌,去皮、去瓤、生重、充分搅拌,生档案：熟制称重→生重
设计器草稿,红薯三文鱼鸡胸,PUBLISHED,红薯,FOOD,生,去皮、煮熟后称重、打碎、充分搅拌,去皮、生重、打碎、充分搅拌,生档案：熟制称重→生重
设计器草稿,红薯三文鱼鸡胸,PUBLISHED,胡萝卜,FOOD,生,煮熟后称重、打碎、充分搅拌,生重、打碎、充分搅拌,生档案：熟制称重→生重
设计器草稿,红薯三文鱼鸡胸,PUBLISHED,小麦胚芽油,FOOD,油脂,生重、充分搅拌,充分搅拌,油/粉/补剂：删除口径词
设计器草稿,燕麦三文鱼猪肉,PUBLISHED,橄榄油,FOOD,油脂,生重、充分搅拌,充分搅拌,油/粉/补剂：删除口径词
设计器草稿,燕麦三文鱼猪肉,PUBLISHED,橄榄油,FOOD,油脂,生重、充分搅拌,充分搅拌,油/粉/补剂：删除口径词
设计器草稿,兔里脊大米土豆,PUBLISHED,大米,FOOD,生,煮熟后称重、打碎、充分搅拌,生重、打碎、充分搅拌,生档案：熟制称重→生重
设计器草稿,兔里脊大米土豆,PUBLISHED,土豆,FOOD,生,去皮、煮熟后称重、打碎、充分搅拌,去皮、生重、打碎、充分搅拌,生档案：熟制称重→生重
设计器草稿,兔里脊大米土豆,PUBLISHED,南瓜,FOOD,生,去皮、去瓤、煮熟后称重、打碎、充分搅拌,去皮、去瓤、生重、打碎、充分搅拌,生档案：熟制称重→生重
设计器草稿,兔里脊大米土豆,PUBLISHED,小麦胚芽油,FOOD,油脂,生重、充分搅拌,充分搅拌,油/粉/补剂：删除口径词
设计器草稿,藜麦南瓜生蚝鸡腿牛肉,PUBLISHED,小麦胚芽油,FOOD,油脂,生重、充分搅拌,充分搅拌,油/粉/补剂：删除口径词
设计器草稿,猪里脊青花鱼藜麦小米,PUBLISHED,小米,FOOD,生,煮熟后称重、充分搅拌,生重、充分搅拌,生档案：熟制称重→生重
设计器草稿,猪里脊青花鱼藜麦小米,PUBLISHED,四季豆,FOOD,生,煮熟后沥水称重、打碎后充分搅拌,生重、打碎、充分搅拌,自由文本归一、生档案：熟制称重→生重
设计器草稿,猪里脊青花鱼藜麦小米,PUBLISHED,亚麻籽,FOOD,干,打粉后充分搅拌,打粉、充分搅拌,自由文本归一
设计器草稿,小米山药猪肉,PUBLISHED,小米,FOOD,生,浸泡60分钟、煮熟后称重、充分搅拌,浸泡60分钟、生重、充分搅拌,生档案：熟制称重→生重
设计器草稿,小米山药猪肉,PUBLISHED,山药,FOOD,生,去皮、煮熟后称重、打碎、充分搅拌,去皮、生重、打碎、充分搅拌,生档案：熟制称重→生重
设计器草稿,小米山药猪肉,PUBLISHED,花椰菜,FOOD,生,去老梗、焯水后称重、打碎、充分搅拌,去老梗、焯水、沥干后称重、打碎、充分搅拌,自由文本归一
设计器草稿,大米南瓜鸡胸兔里脊,PUBLISHED,大米,FOOD,生,煮熟后称重、打碎、充分搅拌,生重、打碎、充分搅拌,生档案：熟制称重→生重
设计器草稿,糙米西葫芦牛肉,PUBLISHED,糙米,FOOD,生,流水冲洗、浸泡60分钟、煮熟后称重、打碎、充分搅拌,流水冲洗、浸泡60分钟、生重、打碎、充分搅拌,生档案：熟制称重→生重
设计器草稿,糙米西葫芦牛肉,PUBLISHED,南瓜,FOOD,生,去皮、去瓤、煮熟后称重、打碎、充分搅拌,去皮、去瓤、生重、打碎、充分搅拌,生档案：熟制称重→生重
设计器草稿,糙米西葫芦牛肉,PUBLISHED,西葫芦,FOOD,生,煮熟后称重、打碎、充分搅拌,生重、打碎、充分搅拌,生档案：熟制称重→生重
设计器草稿,糙米西葫芦牛肉,PUBLISHED,小麦胚芽油,FOOD,油脂,生重、充分搅拌,充分搅拌,油/粉/补剂：删除口径词
设计器草稿,糙米红薯青花鱼牛肉,PUBLISHED,糙米,FOOD,生,煮熟后称重、充分搅拌,生重、充分搅拌,生档案：熟制称重→生重
设计器草稿,十字花科全谷物三文鱼鸡肉,COMPLIANT,鸡心,FOOD,熟,去油、生重、打碎、充分搅拌,去油、熟重、打碎、充分搅拌,熟档案：生重→熟重
设计器草稿,糙米红薯青花鱼牛肉,PUBLISHED,糙米,FOOD,生,煮熟后称重、打碎、充分搅拌,生重、打碎、充分搅拌,生档案：熟制称重→生重
设计器草稿,杂粮三文鱼猪肉,PUBLISHED,糙米,FOOD,生,煮熟后称重、打碎、充分搅拌,生重、打碎、充分搅拌,生档案：熟制称重→生重
设计器草稿,杂粮三文鱼猪肉,PUBLISHED,小米,FOOD,生,煮熟后称重、充分搅拌,生重、充分搅拌,生档案：熟制称重→生重
设计器草稿,杂粮三文鱼猪肉,PUBLISHED,南瓜,FOOD,生,去皮、去瓤、煮熟后称重、打碎、充分搅拌,去皮、去瓤、生重、打碎、充分搅拌,生档案：熟制称重→生重
设计器草稿,十字花科全谷物三文鱼鸡肉,COMPLIANT,红薯,FOOD,熟,去皮、生重、打碎、充分搅拌,去皮、熟重、打碎、充分搅拌,熟档案：生重→熟重
设计器草稿,鸭胸猪里脊鸡蛋青花鱼,PUBLISHED,糙米,FOOD,生,煮熟后称重、充分搅拌,生重、充分搅拌,生档案：熟制称重→生重
设计器草稿,鸭胸猪里脊鸡蛋青花鱼,PUBLISHED,南瓜,FOOD,生,去瓤、去皮、煮熟后沥水、称重、打碎、充分搅拌,去瓤、去皮、生重、打碎、充分搅拌,自由文本归一、生档案：熟制称重→生重、去掉多余称重
设计器草稿,鸭胸猪里脊鸡蛋青花鱼,PUBLISHED,西兰花,FOOD,生,打碎、静置30分钟、焯水沥干、称重、充分搅拌,打碎、静置30分钟、焯水、沥干后称重、充分搅拌,自由文本归一、去掉多余称重
设计器草稿,鸭胸猪里脊鸡蛋青花鱼,PUBLISHED,红甜椒,FOOD,生,去籽、煮熟后称重、打碎、充分搅拌,去籽、生重、打碎、充分搅拌,生档案：熟制称重→生重
设计器草稿,鸭胸猪里脊鸡蛋青花鱼,PUBLISHED,玉米油,FOOD,油脂,生重、充分混匀。,充分搅拌,自由文本归一、油/粉/补剂：删除口径词
设计器草稿,十字花科全谷物三文鱼鸡肉,COMPLIANT,西兰花,FOOD,熟,生重、打碎、充分搅拌,熟重、打碎、充分搅拌,熟档案：生重→熟重
设计器草稿,鸭胸猪里脊鸡蛋青花鱼,PUBLISHED,糙米,FOOD,生,煮熟后称重、充分搅拌,生重、充分搅拌,生档案：熟制称重→生重
设计器草稿,鸭胸猪里脊鸡蛋青花鱼,PUBLISHED,南瓜,FOOD,生,去瓤、去皮、煮熟后沥水、称重、打碎、充分搅拌,去瓤、去皮、生重、打碎、充分搅拌,自由文本归一、生档案：熟制称重→生重、去掉多余称重
设计器草稿,鸭胸猪里脊鸡蛋青花鱼,PUBLISHED,西兰花,FOOD,生,打碎、静置30分钟、焯水沥干、称重、充分搅拌,打碎、静置30分钟、焯水、沥干后称重、充分搅拌,自由文本归一、去掉多余称重
设计器草稿,鸭胸猪里脊鸡蛋青花鱼,PUBLISHED,红甜椒,FOOD,生,去籽、煮熟后称重、打碎、充分搅拌,去籽、生重、打碎、充分搅拌,生档案：熟制称重→生重
设计器草稿,鸭胸猪里脊鸡蛋青花鱼,PUBLISHED,玉米油,FOOD,油脂,生重、充分混匀。,充分搅拌,自由文本归一、油/粉/补剂：删除口径词
设计器草稿,十字花科全谷物三文鱼鸡肉,COMPLIANT,卷心菜,FOOD,熟,生重、打碎、充分搅拌,熟重、打碎、充分搅拌,熟档案：生重→熟重
设计器草稿,十字花科全谷物三文鱼鸡肉,COMPLIANT,白萝卜,FOOD,熟,去皮、生重、打碎、充分搅拌,去皮、熟重、打碎、充分搅拌,熟档案：生重→熟重
设计器草稿,糙米南瓜牛肉,PUBLISHED,糙米,FOOD,生,煮熟后称重、静置30分钟、打碎、充分搅拌,生重、静置30分钟、打碎、充分搅拌,生档案：熟制称重→生重
设计器草稿,糙米南瓜牛肉,PUBLISHED,南瓜,FOOD,生,去瓤、留皮、煮熟后称重、静置30分钟、打碎、充分搅拌,去瓤、留皮、生重、静置30分钟、打碎、充分搅拌,生档案：熟制称重→生重
设计器草稿,糙米三文鱼鸭胸鹿腿,PUBLISHED,糙米,FOOD,生,煮熟后称重、充分搅拌,生重、充分搅拌,生档案：熟制称重→生重
设计器草稿,糙米三文鱼鸭胸鹿腿,NEEDS_REVIEW,糙米,FOOD,生,煮熟后称重、充分搅拌,生重、充分搅拌,生档案：熟制称重→生重
设计器草稿,十字花科全谷物三文鱼鸡肉,PUBLISHED,西兰花,FOOD,熟,生重、打碎、充分搅拌,熟重、打碎、充分搅拌,熟档案：生重→熟重
设计器草稿,十字花科全谷物三文鱼鸡肉,PUBLISHED,卷心菜,FOOD,熟,生重、打碎、充分搅拌,熟重、打碎、充分搅拌,熟档案：生重→熟重
设计器草稿,十字花科全谷物三文鱼鸡肉,PUBLISHED,白萝卜,FOOD,熟,去皮、生重、打碎、充分搅拌,去皮、熟重、打碎、充分搅拌,熟档案：生重→熟重
设计器草稿,糙米三文鱼鸭胸鹿腿,PUBLISHED,西兰花,FOOD,熟,生重、打碎、充分搅拌,熟重、打碎、充分搅拌,熟档案：生重→熟重
设计器草稿,鸭胸猪里脊鸡蛋青花鱼,NEEDS_REVIEW,糙米,FOOD,生,煮熟后称重、充分搅拌,生重、充分搅拌,生档案：熟制称重→生重
设计器草稿,糙米三文鱼鸭胸鹿腿,PUBLISHED,西兰花,FOOD,熟,生重、打碎、充分搅拌,熟重、打碎、充分搅拌,熟档案：生重→熟重
设计器草稿,糙米三文鱼鸭胸鹿腿,PUBLISHED,西兰花,FOOD,熟,生重、打碎、充分搅拌,熟重、打碎、充分搅拌,熟档案：生重→熟重
设计器草稿,鸭胸猪里脊鸡蛋青花鱼,NEEDS_REVIEW,南瓜,FOOD,生,去瓤、去皮、煮熟后沥水、称重、打碎、充分搅拌,去瓤、去皮、生重、打碎、充分搅拌,自由文本归一、生档案：熟制称重→生重、去掉多余称重
设计器草稿,鸭胸猪里脊鸡蛋青花鱼,NEEDS_REVIEW,西兰花,FOOD,生,打碎、静置30分钟、焯水沥干、称重、充分搅拌,打碎、静置30分钟、焯水、沥干后称重、充分搅拌,自由文本归一、去掉多余称重
设计器草稿,鸭胸猪里脊鸡蛋青花鱼,NEEDS_REVIEW,红甜椒,FOOD,生,去籽、煮熟后称重、打碎、充分搅拌,去籽、生重、打碎、充分搅拌,生档案：熟制称重→生重
设计器草稿,Seven 的测试食谱,COMPLIANT,南瓜,FOOD,熟,去瓤、去皮、煮熟后沥水、称重、打碎、充分搅拌,去瓤、去皮、煮熟后称重、打碎、充分搅拌,自由文本归一、去掉多余称重
设计器草稿,Seven 的测试食谱,COMPLIANT,小麦胚芽油,FOOD,油脂,生重、充分搅拌,充分搅拌,油/粉/补剂：删除口径词
设计器草稿,鸭胸猪里脊鸡蛋青花鱼,NEEDS_REVIEW,玉米油,FOOD,油脂,生重、充分混匀。,充分搅拌,自由文本归一、油/粉/补剂：删除口径词
设计器草稿,糙米三文鱼鸭胸鹿腿,PUBLISHED,西兰花,FOOD,熟,生重、打碎、充分搅拌,熟重、打碎、充分搅拌,熟档案：生重→熟重
设计器草稿,糙米三文鱼鸭胸鹿腿,COMPLIANT,西兰花,FOOD,熟,生重、打碎、充分搅拌,熟重、打碎、充分搅拌,熟档案：生重→熟重
设计器草稿,Seven 的测试食谱,PUBLISHED,南瓜,FOOD,熟,去瓤、去皮、煮熟后沥水、称重、打碎、充分搅拌,去瓤、去皮、煮熟后称重、打碎、充分搅拌,自由文本归一、去掉多余称重
设计器草稿,Seven 的测试食谱,PUBLISHED,小麦胚芽油,FOOD,油脂,生重、充分搅拌,充分搅拌,油/粉/补剂：删除口径词
设计器草稿,Seven 的测试食谱 副本,PUBLISHED,南瓜,FOOD,熟,去瓤、去皮、煮熟后沥水、称重、打碎、充分搅拌,去瓤、去皮、煮熟后称重、打碎、充分搅拌,自由文本归一、去掉多余称重
设计器草稿,Seven 的测试食谱 副本,PUBLISHED,小麦胚芽油,FOOD,油脂,生重、充分搅拌,充分搅拌,油/粉/补剂：删除口径词
设计器草稿,十字花科全谷物三文鱼鸡肉,PUBLISHED,糙米,FOOD,生,煮熟后称重、打碎、充分搅拌,生重、打碎、充分搅拌,生档案：熟制称重→生重
设计器草稿,十字花科全谷物三文鱼鸡肉,PUBLISHED,红薯,FOOD,生,去皮、煮熟后称重、打碎、充分搅拌,去皮、生重、打碎、充分搅拌,生档案：熟制称重→生重
设计器草稿,糙米三文鱼鸭肉,PUBLISHED,糙米,FOOD,生,煮熟后称重、充分搅拌,生重、充分搅拌,生档案：熟制称重→生重
设计器草稿,糙米三文鱼鸭肉,PUBLISHED,红薯,FOOD,生,去皮、煮熟后称重、打碎、充分搅拌,去皮、生重、打碎、充分搅拌,生档案：熟制称重→生重
设计器草稿,糙米三文鱼鸭肉,PUBLISHED,豌豆,FOOD,生,煮熟、打碎、充分搅拌,生重、打碎、充分搅拌,自由文本归一、生档案：熟制称重→生重
设计器草稿,糙米三文鱼鸭肉,PUBLISHED,小麦胚芽油,FOOD,油脂,生重、充分搅拌,充分搅拌,油/粉/补剂：删除口径词
设计器草稿,羊肚菌芦笋糙米牛肉,DRAFT,胡萝卜,FOOD,生,煮熟后称重、打碎、充分搅拌,生重、打碎、充分搅拌,生档案：熟制称重→生重
设计器草稿,ID的兔肉定制,PUBLISHED,鸡蛋,FOOD,生,全蛋、去壳、按生重称量、充分打散后混匀。,全蛋、去壳、生重、打散、充分搅拌,自由文本归一
设计器草稿,ID的兔肉定制,PUBLISHED,糙米,FOOD,生,充分煮熟、沥去多余水分后按熟重称量,生重、生重,自由文本归一、生档案：熟重→生重、生档案：熟制称重→生重
设计器草稿,ID的兔肉定制,PUBLISHED,土豆,FOOD,生,去皮、煮熟后称重、打碎、充分搅拌,去皮、生重、打碎、充分搅拌,生档案：熟制称重→生重
设计器草稿,ID的兔肉定制,PUBLISHED,南瓜,FOOD,生,去瓤、去皮、煮熟后沥水、称重、打碎、充分搅拌,去瓤、去皮、生重、打碎、充分搅拌,自由文本归一、生档案：熟制称重→生重、去掉多余称重
设计器草稿,ID的兔肉定制,PUBLISHED,上海青,FOOD,生,水煮或焯水后沥干、称重、打碎、充分搅拌,焯水、沥干后称重、打碎、充分搅拌,自由文本归一、去掉多余称重
设计器草稿,ID的兔肉定制,PUBLISHED,小麦胚芽油,FOOD,油脂,生重、充分搅拌,充分搅拌,油/粉/补剂：删除口径词
设计器草稿,十字花科全谷物三文鱼鸡肉,PUBLISHED,糙米,FOOD,生,煮熟后称重、打碎、充分搅拌,生重、打碎、充分搅拌,生档案：熟制称重→生重
设计器草稿,十字花科全谷物三文鱼鸡肉,PUBLISHED,红薯,FOOD,生,去皮、煮熟后称重、打碎、充分搅拌,去皮、生重、打碎、充分搅拌,生档案：熟制称重→生重
设计器草稿,财宝定制（牛肉）,PUBLISHED,糙米,FOOD,生,煮熟后称重、充分搅拌,生重、充分搅拌,生档案：熟制称重→生重
设计器草稿,财宝定制（牛肉）,PUBLISHED,山药,FOOD,生,去皮、煮熟后称重、打碎、充分搅拌,去皮、生重、打碎、充分搅拌,生档案：熟制称重→生重
设计器草稿,财宝定制（牛肉）,PUBLISHED,西兰花,FOOD,生,盐水/小苏打浸泡30分钟、煮熟后称重、打碎、充分搅拌,盐水/小苏打浸泡30分钟、生重、打碎、充分搅拌,生档案：熟制称重→生重
设计器草稿,财宝定制（牛肉）,PUBLISHED,胡萝卜,FOOD,生,煮熟后称重、打碎、充分搅拌,生重、打碎、充分搅拌,生档案：熟制称重→生重
设计器草稿,布丁定制食谱,PUBLISHED,西兰花,FOOD,生,打碎、静置30分钟、焯水沥干、称重、充分搅拌,打碎、静置30分钟、焯水、沥干后称重、充分搅拌,自由文本归一、去掉多余称重
设计器草稿,布丁定制食谱,PUBLISHED,胡萝卜,FOOD,生,煮熟后称重、打碎、充分搅拌,生重、打碎、充分搅拌,生档案：熟制称重→生重
设计器草稿,布丁定制食谱,PUBLISHED,南瓜,FOOD,生,去皮、去瓤、煮熟后称重、打碎、充分搅拌,去皮、去瓤、生重、打碎、充分搅拌,生档案：熟制称重→生重
设计器草稿,布丁定制食谱,PUBLISHED,大米,FOOD,生,煮熟后称重、打碎、充分搅拌,生重、打碎、充分搅拌,生档案：熟制称重→生重
设计器草稿,布丁定制食谱,PUBLISHED,姜黄粉,FOOD,粉,生重、充分搅拌,充分搅拌,油/粉/补剂：删除口径词
设计器草稿,Lucky 的易消化简餐,PUBLISHED,西兰花,FOOD,生,打碎、静置30分钟、焯水沥干、称重、充分搅拌,打碎、静置30分钟、焯水、沥干后称重、充分搅拌,自由文本归一、去掉多余称重
设计器草稿,Lucky 的易消化简餐,PUBLISHED,南瓜,FOOD,生,去皮、去瓤、煮熟后称重、打碎、充分搅拌,去皮、去瓤、生重、打碎、充分搅拌,生档案：熟制称重→生重
设计器草稿,Lucky 的易消化简餐,PUBLISHED,大米,FOOD,生,煮熟后称重、打碎、充分搅拌,生重、打碎、充分搅拌,生档案：熟制称重→生重
设计器草稿,（咖喱定制）创伤恢复+红胡子 (新版本),PUBLISHED,花椰菜,FOOD,熟,去老梗、焯水后称重、打碎、充分搅拌,去老梗、焯水、沥干后称重、打碎、充分搅拌,自由文本归一
设计器草稿,（咖喱定制）创伤恢复+红胡子 (新版本),PUBLISHED,小麦胚芽油,FOOD,油脂,生重、充分搅拌,充分搅拌,油/粉/补剂：删除口径词
设计器草稿,大米燕麦三文鱼兔里脊,PUBLISHED,大米,FOOD,生,煮熟后称重、打碎、充分搅拌,生重、打碎、充分搅拌,生档案：熟制称重→生重
设计器草稿,大米燕麦三文鱼兔里脊,PUBLISHED,南瓜,FOOD,生,去皮、去瓤、煮熟后称重、充分搅拌,去皮、去瓤、生重、充分搅拌,生档案：熟制称重→生重
设计器草稿,大米燕麦三文鱼兔里脊,PUBLISHED,胡萝卜,FOOD,生,煮熟后称重、打碎、充分搅拌,生重、打碎、充分搅拌,生档案：熟制称重→生重
设计器草稿,财宝定制,PUBLISHED,小米,FOOD,生,煮熟后称重、充分搅拌,生重、充分搅拌,生档案：熟制称重→生重
设计器草稿,财宝定制,PUBLISHED,山药,FOOD,生,去皮、煮熟后称重、打碎、充分搅拌,去皮、生重、打碎、充分搅拌,生档案：熟制称重→生重
设计器草稿,财宝定制,PUBLISHED,西兰花,FOOD,生,打碎、静置30分钟、焯水沥干、称重、充分搅拌,打碎、静置30分钟、焯水、沥干后称重、充分搅拌,自由文本归一、去掉多余称重
设计器草稿,财宝定制,PUBLISHED,小麦胚芽油,FOOD,油脂,生重、充分搅拌,充分搅拌,油/粉/补剂：删除口径词
设计器草稿,Lucky 的易消化简餐,PUBLISHED,西兰花,FOOD,生,打碎、静置30分钟、焯水沥干、称重、充分搅拌,打碎、静置30分钟、焯水、沥干后称重、充分搅拌,自由文本归一、去掉多余称重
设计器草稿,Lucky 的易消化简餐,PUBLISHED,南瓜,FOOD,生,去皮、去瓤、煮熟后称重、打碎、充分搅拌,去皮、去瓤、生重、打碎、充分搅拌,生档案：熟制称重→生重
设计器草稿,Lucky 的易消化简餐,PUBLISHED,大米,FOOD,生,煮熟后称重、打碎、充分搅拌,生重、打碎、充分搅拌,生档案：熟制称重→生重
设计器草稿,（咖喱定制）创伤恢复+红胡子 (新版本),PUBLISHED,花椰菜,FOOD,熟,去老梗、焯水后称重、打碎、充分搅拌,去老梗、焯水、沥干后称重、打碎、充分搅拌,自由文本归一
设计器草稿,（咖喱定制）创伤恢复+红胡子 (新版本),PUBLISHED,小麦胚芽油,FOOD,油脂,生重、充分搅拌,充分搅拌,油/粉/补剂：删除口径词
设计器草稿,李开心定制食谱（兔+猪）,PUBLISHED,小米,FOOD,生,煮熟后称重、充分搅拌,生重、充分搅拌,生档案：熟制称重→生重
设计器草稿,李开心定制食谱（兔+猪）,PUBLISHED,红薯,FOOD,生,去皮、煮熟后称重、打碎、充分搅拌,去皮、生重、打碎、充分搅拌,生档案：熟制称重→生重
设计器草稿,李开心定制食谱（兔+猪）,PUBLISHED,秋葵,FOOD,生,煮熟后称重、打碎、充分搅拌,生重、打碎、充分搅拌,生档案：熟制称重→生重
设计器草稿,李开心定制食谱（兔+猪）,PUBLISHED,小麦胚芽油,FOOD,油脂,生重、充分搅拌,充分搅拌,油/粉/补剂：删除口径词
设计器草稿,杂粮三文鱼猪肉,DRAFT,糙米,FOOD,生,煮熟后称重、打碎、充分搅拌,生重、打碎、充分搅拌,生档案：熟制称重→生重
设计器草稿,大米红薯兔里脊,COMPLIANT,红薯,FOOD,熟,去皮、生重、打碎、充分搅拌,去皮、熟重、打碎、充分搅拌,熟档案：生重→熟重
设计器草稿,Lucky 定制食谱,PUBLISHED,燕麦,FOOD,干,"7aa01a87-e4d5-4e3b-b4cf-e4634b303853, af4c8a9c-98bf-4f91-ab07-4927aae2c4c2",打碎、充分搅拌,机器码还原
设计器草稿,Lucky 定制食谱,PUBLISHED,小麦胚芽油,FOOD,油脂,af4c8a9c-98bf-4f91-ab07-4927aae2c4c2,充分搅拌,机器码还原
设计器草稿,Lucky 定制食谱,PUBLISHED,食用盐,FOOD,干,af4c8a9c-98bf-4f91-ab07-4927aae2c4c2,充分搅拌,机器码还原
设计器草稿,Lucky 定制食谱,PUBLISHED,洋车前子壳粉,SUPPLEMENT,浓缩补剂,af4c8a9c-98bf-4f91-ab07-4927aae2c4c2,充分搅拌,机器码还原
设计器草稿,（咖喱定制）创伤恢复+红胡子,PUBLISHED,糙米,FOOD,生,"39b36568-24f1-4b20-b8ef-61ce023d568d, af4c8a9c-98bf-4f91-ab07-4927aae2c4c2",生重、充分搅拌,机器码还原、生档案：熟制称重→生重
设计器草稿,（咖喱定制）创伤恢复+红胡子,PUBLISHED,小麦胚芽油,FOOD,油脂,"dd27baa4-36cb-4405-9092-0eb37e6160fa, af4c8a9c-98bf-4f91-ab07-4927aae2c4c2",充分搅拌,机器码还原、油/粉/补剂：删除口径词
设计器草稿,（咖喱定制）创伤恢复+红胡子,PUBLISHED,姜黄粉,FOOD,粉,"dd27baa4-36cb-4405-9092-0eb37e6160fa, af4c8a9c-98bf-4f91-ab07-4927aae2c4c2",充分搅拌,机器码还原、油/粉/补剂：删除口径词
设计器草稿,（咖喱定制）创伤恢复+红胡子,PUBLISHED,食用盐,FOOD,干,"dd27baa4-36cb-4405-9092-0eb37e6160fa, af4c8a9c-98bf-4f91-ab07-4927aae2c4c2",生重、充分搅拌,机器码还原
设计器草稿,杂粮三文鱼猪肉,DRAFT,小米,FOOD,生,煮熟后称重、充分搅拌,生重、充分搅拌,生档案：熟制称重→生重
设计器草稿,财宝定制食谱,PUBLISHED,双甘氨酸铜片,SUPPLEMENT,浓缩补剂,"df60590f-a697-4897-ab08-1322e2287268, af4c8a9c-98bf-4f91-ab07-4927aae2c4c2",打粉、充分搅拌,机器码还原
设计器草稿,财宝定制食谱,PUBLISHED,大米,FOOD,生,"39b36568-24f1-4b20-b8ef-61ce023d568d, af4c8a9c-98bf-4f91-ab07-4927aae2c4c2",生重、充分搅拌,机器码还原、生档案：熟制称重→生重
设计器草稿,财宝定制食谱,PUBLISHED,火麻籽,FOOD,干,"dd27baa4-36cb-4405-9092-0eb37e6160fa, af4c8a9c-98bf-4f91-ab07-4927aae2c4c2",生重、充分搅拌,机器码还原
设计器草稿,财宝定制食谱,PUBLISHED,小麦胚芽油,FOOD,油脂,af4c8a9c-98bf-4f91-ab07-4927aae2c4c2,充分搅拌,机器码还原
设计器草稿,财宝定制食谱,PUBLISHED,食用盐,FOOD,干,af4c8a9c-98bf-4f91-ab07-4927aae2c4c2,充分搅拌,机器码还原
设计器草稿,杂粮三文鱼猪肉,DRAFT,南瓜,FOOD,生,去皮、去瓤、煮熟后称重、打碎、充分搅拌,去皮、去瓤、生重、打碎、充分搅拌,生档案：熟制称重→生重
设计器草稿,Lucky 定制食谱,PUBLISHED,燕麦,FOOD,干,"7aa01a87-e4d5-4e3b-b4cf-e4634b303853, af4c8a9c-98bf-4f91-ab07-4927aae2c4c2",打碎、充分搅拌,机器码还原
设计器草稿,Lucky 定制食谱,PUBLISHED,小麦胚芽油,FOOD,油脂,af4c8a9c-98bf-4f91-ab07-4927aae2c4c2,充分搅拌,机器码还原
设计器草稿,Lucky 定制食谱,PUBLISHED,食用盐,FOOD,干,af4c8a9c-98bf-4f91-ab07-4927aae2c4c2,充分搅拌,机器码还原
设计器草稿,兔肉食谱,COMPLIANT,四季豆,FOOD,生,煮熟后沥水称重、打碎后充分搅拌,生重、打碎、充分搅拌,自由文本归一、生档案：熟制称重→生重
设计器草稿,Lucky 定制食谱,PUBLISHED,洋车前子壳粉,SUPPLEMENT,浓缩补剂,af4c8a9c-98bf-4f91-ab07-4927aae2c4c2,充分搅拌,机器码还原
设计器草稿,Lucky 定制食谱,NEEDS_REVIEW,燕麦,FOOD,干,"7aa01a87-e4d5-4e3b-b4cf-e4634b303853, af4c8a9c-98bf-4f91-ab07-4927aae2c4c2",打碎、充分搅拌,机器码还原
设计器草稿,Lucky 定制食谱,NEEDS_REVIEW,小麦胚芽油,FOOD,油脂,af4c8a9c-98bf-4f91-ab07-4927aae2c4c2,充分搅拌,机器码还原
设计器草稿,Lucky 定制食谱,NEEDS_REVIEW,食用盐,FOOD,干,af4c8a9c-98bf-4f91-ab07-4927aae2c4c2,充分搅拌,机器码还原
设计器草稿,Lucky 定制食谱,NEEDS_REVIEW,洋车前子壳粉,SUPPLEMENT,浓缩补剂,af4c8a9c-98bf-4f91-ab07-4927aae2c4c2,充分搅拌,机器码还原
设计器草稿,Lucky 定制食谱,NEEDS_REVIEW,燕麦,FOOD,干,"7aa01a87-e4d5-4e3b-b4cf-e4634b303853, af4c8a9c-98bf-4f91-ab07-4927aae2c4c2",打碎、充分搅拌,机器码还原
设计器草稿,Lucky 定制食谱,NEEDS_REVIEW,小麦胚芽油,FOOD,油脂,af4c8a9c-98bf-4f91-ab07-4927aae2c4c2,充分搅拌,机器码还原
设计器草稿,Lucky 定制食谱,NEEDS_REVIEW,食用盐,FOOD,干,af4c8a9c-98bf-4f91-ab07-4927aae2c4c2,充分搅拌,机器码还原
设计器草稿,羊肚菌芦笋糙米牛肉,DRAFT,小麦胚芽油,FOOD,油脂,生重、充分搅拌,充分搅拌,油/粉/补剂：删除口径词
设计器草稿,Lucky 定制食谱,NEEDS_REVIEW,牛磺酸胶囊,SUPPLEMENT,浓缩补剂,af4c8a9c-98bf-4f91-ab07-4927aae2c4c2,充分搅拌,机器码还原
设计器草稿,Lucky 定制食谱,NEEDS_REVIEW,洋车前子壳粉,SUPPLEMENT,浓缩补剂,af4c8a9c-98bf-4f91-ab07-4927aae2c4c2,充分搅拌,机器码还原
设计器草稿,Lucky 定制食谱,NEEDS_REVIEW,胆碱片,SUPPLEMENT,浓缩补剂,"df60590f-a697-4897-ab08-1322e2287268, af4c8a9c-98bf-4f91-ab07-4927aae2c4c2",打粉、充分搅拌,机器码还原
设计器草稿,花卷 的鲜食食谱 06/27,NEEDS_REVIEW,鸡胸,FOOD,熟,去皮、去骨、生重、打碎、充分搅拌,去皮、去骨、熟重、打碎、充分搅拌,熟档案：生重→熟重
设计器草稿,秋菊 的鲜食食谱 06/28,COMPLIANT,兔里脊,FOOD,熟,去油、生重、打碎、充分搅拌,去油、熟重、打碎、充分搅拌,熟档案：生重→熟重
设计器草稿,鸡胸300 pj,NEEDS_REVIEW,红小豆,FOOD,熟,生重、打碎、充分搅拌,熟重、打碎、充分搅拌,熟档案：生重→熟重
设计器草稿,西葫芦大米比目鱼鸡肉,PUBLISHED,胡萝卜,FOOD,熟,去皮、生重、打碎、充分搅拌,去皮、熟重、打碎、充分搅拌,熟档案：生重→熟重
设计器草稿,西葫芦大米比目鱼鸡肉,PUBLISHED,上海青,FOOD,熟,水煮或焯水后沥干、称重、打碎、充分搅拌,焯水、沥干后称重、熟重、打碎、充分搅拌,自由文本归一、熟档案：补熟重、去掉多余称重
设计器草稿,西葫芦大米比目鱼鸡肉,PUBLISHED,红薯,FOOD,熟,去皮、生重、打碎、充分搅拌,去皮、熟重、打碎、充分搅拌,熟档案：生重→熟重
设计器草稿,李开心定制食谱（兔+猪）,DRAFT,小米,FOOD,生,煮熟后称重、充分搅拌,生重、充分搅拌,生档案：熟制称重→生重
设计器草稿,李开心定制食谱（兔+猪）,DRAFT,红薯,FOOD,生,去皮、煮熟后称重、打碎、充分搅拌,去皮、生重、打碎、充分搅拌,生档案：熟制称重→生重
设计器草稿,李开心定制食谱（兔+猪）,DRAFT,秋葵,FOOD,生,煮熟后称重、打碎、充分搅拌,生重、打碎、充分搅拌,生档案：熟制称重→生重
设计器草稿,李开心定制食谱（兔+猪）,DRAFT,小麦胚芽油,FOOD,油脂,生重、充分搅拌,充分搅拌,油/粉/补剂：删除口径词
设计器草稿,财宝定制,NEEDS_REVIEW,小米,FOOD,生,煮熟后称重、充分搅拌,生重、充分搅拌,生档案：熟制称重→生重
设计器草稿,财宝定制,NEEDS_REVIEW,山药,FOOD,生,去皮、煮熟后称重、打碎、充分搅拌,去皮、生重、打碎、充分搅拌,生档案：熟制称重→生重
设计器草稿,财宝定制,NEEDS_REVIEW,西兰花,FOOD,生,打碎、静置30分钟、焯水沥干、称重、充分搅拌,打碎、静置30分钟、焯水、沥干后称重、充分搅拌,自由文本归一、去掉多余称重
设计器草稿,财宝定制,NEEDS_REVIEW,小麦胚芽油,FOOD,油脂,生重、充分搅拌,充分搅拌,油/粉/补剂：删除口径词
设计器草稿,Lucky的最新兔肉食谱,PUBLISHED,红薯,FOOD,生,去皮、煮熟后称重、打碎、充分搅拌,去皮、生重、打碎、充分搅拌,生档案：熟制称重→生重
设计器草稿,Lucky的最新兔肉食谱,PUBLISHED,西兰花,FOOD,熟,打碎、静置30分钟、焯水沥干、称重、充分搅拌,熟重、打碎、静置30分钟、焯水、沥干后称重、充分搅拌,自由文本归一、熟档案：补熟重、去掉多余称重
设计器草稿,兔肉食谱,COMPLIANT,胡萝卜,FOOD,生,煮熟后称重、打碎、充分搅拌,生重、打碎、充分搅拌,生档案：熟制称重→生重
设计器草稿,Lucky的最新兔肉食谱,PUBLISHED,红薯,FOOD,生,去皮、煮熟后称重、打碎、充分搅拌,去皮、生重、打碎、充分搅拌,生档案：熟制称重→生重
设计器草稿,Lucky的最新兔肉食谱,PUBLISHED,西兰花,FOOD,熟,打碎、静置30分钟、焯水沥干、称重、充分搅拌,熟重、打碎、静置30分钟、焯水、沥干后称重、充分搅拌,自由文本归一、熟档案：补熟重、去掉多余称重
设计器草稿,太阳 的鲜食食谱 06/17,NEEDS_REVIEW,胡萝卜,FOOD,生,煮熟后称重、打碎、充分搅拌,生重、打碎、充分搅拌,生档案：熟制称重→生重
设计器草稿,杂粮三文鱼猪肉,DRAFT,糙米,FOOD,生,煮熟后称重、打碎、充分搅拌,生重、打碎、充分搅拌,生档案：熟制称重→生重
设计器草稿,杂粮三文鱼猪肉,DRAFT,小米,FOOD,生,煮熟后称重、充分搅拌,生重、充分搅拌,生档案：熟制称重→生重
设计器草稿,杂粮三文鱼猪肉,DRAFT,南瓜,FOOD,生,去皮、去瓤、煮熟后称重、打碎、充分搅拌,去皮、去瓤、生重、打碎、充分搅拌,生档案：熟制称重→生重
设计器草稿,花卷 的鲜食食谱 06/27,NEEDS_REVIEW,鸡心,FOOD,熟,去油、生重、打碎、充分搅拌,去油、熟重、打碎、充分搅拌,熟档案：生重→熟重
设计器草稿,Lucky的最新兔肉食谱,PUBLISHED,红薯,FOOD,生,去皮、煮熟后称重、打碎、充分搅拌,去皮、生重、打碎、充分搅拌,生档案：熟制称重→生重
设计器草稿,Lucky的最新兔肉食谱,PUBLISHED,西兰花,FOOD,熟,打碎、静置30分钟、焯水沥干、称重、充分搅拌,熟重、打碎、静置30分钟、焯水、沥干后称重、充分搅拌,自由文本归一、熟档案：补熟重、去掉多余称重
设计器草稿,十字花科全谷物三文鱼鸡肉,PUBLISHED,红薯,FOOD,熟,去皮、生重、打碎、充分搅拌,去皮、熟重、打碎、充分搅拌,熟档案：生重→熟重
设计器草稿,十字花科全谷物三文鱼鸡肉,PUBLISHED,西兰花,FOOD,熟,生重、打碎、充分搅拌,熟重、打碎、充分搅拌,熟档案：生重→熟重
设计器草稿,十字花科全谷物三文鱼鸡肉,PUBLISHED,卷心菜,FOOD,熟,生重、打碎、充分搅拌,熟重、打碎、充分搅拌,熟档案：生重→熟重
设计器草稿,十字花科全谷物三文鱼鸡肉,PUBLISHED,白萝卜,FOOD,熟,去皮、生重、打碎、充分搅拌,去皮、熟重、打碎、充分搅拌,熟档案：生重→熟重
设计器草稿,鸡胸300 pj,NEEDS_REVIEW,南瓜,FOOD,生,去瓤、留皮、煮熟后称重、静置30分钟、打碎、充分搅拌,去瓤、留皮、生重、静置30分钟、打碎、充分搅拌,生档案：熟制称重→生重
设计器草稿,兔肉食谱,COMPLIANT,小麦胚芽油,FOOD,油脂,生重、充分搅拌,充分搅拌,油/粉/补剂：删除口径词
设计器草稿,十字花科全谷物三文鱼鸡肉,PUBLISHED,鸡心,FOOD,熟,去油、生重、打碎、充分搅拌,去油、熟重、打碎、充分搅拌,熟档案：生重→熟重
设计器草稿,秋菊 的鲜食食谱 06/28,COMPLIANT,牛心,FOOD,熟,去油、生重、打碎、充分搅拌,去油、熟重、打碎、充分搅拌,熟档案：生重→熟重
设计器草稿,太阳 的鲜食食谱 06/17,NEEDS_REVIEW,橄榄油,FOOD,油脂,生重、充分搅拌,充分搅拌,油/粉/补剂：删除口径词
设计器草稿,西葫芦大米比目鱼鸡肉,PUBLISHED,鸡胸,FOOD,熟,去皮、去骨、生重、打碎、充分搅拌,去皮、去骨、熟重、打碎、充分搅拌,熟档案：生重→熟重
设计器草稿,西葫芦大米比目鱼鸡肉,PUBLISHED,红薯,FOOD,熟,去皮、生重、打碎、充分搅拌,去皮、熟重、打碎、充分搅拌,熟档案：生重→熟重
设计器草稿,西葫芦大米比目鱼鸡肉,PUBLISHED,胡萝卜,FOOD,熟,去皮、生重、打碎、充分搅拌,去皮、熟重、打碎、充分搅拌,熟档案：生重→熟重
设计器草稿,西葫芦大米比目鱼鸡肉,PUBLISHED,上海青,FOOD,熟,水煮或焯水后沥干、称重、打碎、充分搅拌,焯水、沥干后称重、熟重、打碎、充分搅拌,自由文本归一、熟档案：补熟重、去掉多余称重
设计器草稿,西葫芦大米比目鱼鸡肉,PUBLISHED,小麦胚芽油,FOOD,油脂,生重、充分搅拌,充分搅拌,油/粉/补剂：删除口径词
设计器草稿,十字花科全谷物三文鱼鸡肉,PUBLISHED,红薯,FOOD,熟,去皮、生重、打碎、充分搅拌,去皮、熟重、打碎、充分搅拌,熟档案：生重→熟重
设计器草稿,十字花科全谷物三文鱼鸡肉,PUBLISHED,鸡心,FOOD,熟,去油、生重、打碎、充分搅拌,去油、熟重、打碎、充分搅拌,熟档案：生重→熟重
设计器草稿,十字花科全谷物三文鱼鸡肉,PUBLISHED,西兰花,FOOD,熟,生重、打碎、充分搅拌,熟重、打碎、充分搅拌,熟档案：生重→熟重
设计器草稿,十字花科全谷物三文鱼鸡肉,PUBLISHED,卷心菜,FOOD,熟,生重、打碎、充分搅拌,熟重、打碎、充分搅拌,熟档案：生重→熟重
设计器草稿,十字花科全谷物三文鱼鸡肉,PUBLISHED,白萝卜,FOOD,熟,去皮、生重、打碎、充分搅拌,去皮、熟重、打碎、充分搅拌,熟档案：生重→熟重
设计器草稿,鸡兔-lp DV,NEEDS_REVIEW,糙米,FOOD,生,流水冲洗、浸泡60分钟、煮熟后称重、打碎、充分搅拌,流水冲洗、浸泡60分钟、生重、打碎、充分搅拌,生档案：熟制称重→生重
设计器草稿,小米鳕鱼鸡胸,COMPLIANT,小米,FOOD,熟,生重、打碎、充分搅拌,熟重、打碎、充分搅拌,熟档案：生重→熟重
设计器草稿,Lucky的最新兔肉食谱,PUBLISHED,红薯,FOOD,生,去皮、煮熟后称重、打碎、充分搅拌,去皮、生重、打碎、充分搅拌,生档案：熟制称重→生重
设计器草稿,小米鳕鱼鸡胸,COMPLIANT,红薯,FOOD,熟,去皮、生重、打碎、充分搅拌,去皮、熟重、打碎、充分搅拌,熟档案：生重→熟重
设计器草稿,Lucky的最新兔肉食谱,PUBLISHED,西兰花,FOOD,熟,打碎、静置30分钟、焯水沥干、称重、充分搅拌,熟重、打碎、静置30分钟、焯水、沥干后称重、充分搅拌,自由文本归一、熟档案：补熟重、去掉多余称重
设计器草稿,Dobby 的鲜食食谱 06/15,COMPLIANT,南瓜,FOOD,生,去瓤、去皮、煮熟后沥水、称重、打碎、充分搅拌,去瓤、去皮、生重、打碎、充分搅拌,自由文本归一、生档案：熟制称重→生重、去掉多余称重
设计器草稿,好久 的鲜食食谱 06/15,COMPLIANT,亚麻籽,FOOD,干,打粉后充分搅拌,打粉、充分搅拌,自由文本归一
设计器草稿,ID 的鲜食食谱 06/20,NEEDS_REVIEW,兔里脊,FOOD,熟,去油、生重、打碎、充分搅拌,去油、熟重、打碎、充分搅拌,熟档案：生重→熟重
设计器草稿,好久 的鲜食食谱 06/15,COMPLIANT,上海青,FOOD,生,水煮或焯水后沥干、称重、打碎、充分搅拌,焯水、沥干后称重、打碎、充分搅拌,自由文本归一、去掉多余称重
设计器草稿,Lucky的最新兔肉食谱,PUBLISHED,西兰花,FOOD,熟,打碎、静置30分钟、焯水沥干、称重、充分搅拌,熟重、打碎、静置30分钟、焯水、沥干后称重、充分搅拌,自由文本归一、熟档案：补熟重、去掉多余称重
设计器草稿,小米鳕鱼鸡胸,COMPLIANT,小米,FOOD,熟,生重、打碎、充分搅拌,熟重、打碎、充分搅拌,熟档案：生重→熟重
设计器草稿,小米鳕鱼鸡胸,COMPLIANT,红薯,FOOD,熟,去皮、生重、打碎、充分搅拌,去皮、熟重、打碎、充分搅拌,熟档案：生重→熟重
设计器草稿,小米鳕鱼鸡胸,COMPLIANT,秋葵,FOOD,熟,生重、打碎、充分搅拌,熟重、打碎、充分搅拌,熟档案：生重→熟重
设计器草稿,Lucky的最新兔肉食谱,PUBLISHED,红薯,FOOD,生,去皮、煮熟后称重、打碎、充分搅拌,去皮、生重、打碎、充分搅拌,生档案：熟制称重→生重
设计器草稿,迪迪 的鲜食食谱 06/27,NEEDS_REVIEW,小米,FOOD,生,煮熟后称重、充分搅拌,生重、充分搅拌,生档案：熟制称重→生重
设计器草稿,秋菊 的鲜食食谱 06/28,COMPLIANT,小麦胚芽油,FOOD,油脂,生重、充分搅拌,充分搅拌,油/粉/补剂：删除口径词
设计器草稿,秋菊 的鲜食食谱 06/28,COMPLIANT,青花鱼,FOOD,熟,去骨、生重、打碎、充分搅拌,去骨、熟重、打碎、充分搅拌,熟档案：生重→熟重
设计器草稿,Foxy的鸭胸食谱,PUBLISHED,花椰菜,FOOD,熟,去老梗、焯水后称重、打碎、充分搅拌,去老梗、焯水、沥干后称重、打碎、充分搅拌,自由文本归一
设计器草稿,迪迪 的鲜食食谱 06/27,NEEDS_REVIEW,西兰花,FOOD,生,打碎、静置30分钟、焯水沥干、称重、充分搅拌,打碎、静置30分钟、焯水、沥干后称重、充分搅拌,自由文本归一、去掉多余称重
设计器草稿,十字花科全谷物三文鱼鸡肉,PUBLISHED,鸡心,FOOD,熟,去油、生重、打碎、充分搅拌,去油、熟重、打碎、充分搅拌,熟档案：生重→熟重
设计器草稿,十字花科全谷物三文鱼鸡肉,PUBLISHED,红薯,FOOD,熟,去皮、生重、打碎、充分搅拌,去皮、熟重、打碎、充分搅拌,熟档案：生重→熟重
设计器草稿,十字花科全谷物三文鱼鸡肉,PUBLISHED,西兰花,FOOD,熟,生重、打碎、充分搅拌,熟重、打碎、充分搅拌,熟档案：生重→熟重
设计器草稿,十字花科全谷物三文鱼鸡肉,PUBLISHED,卷心菜,FOOD,熟,生重、打碎、充分搅拌,熟重、打碎、充分搅拌,熟档案：生重→熟重
设计器草稿,十字花科全谷物三文鱼鸡肉,PUBLISHED,白萝卜,FOOD,熟,去皮、生重、打碎、充分搅拌,去皮、熟重、打碎、充分搅拌,熟档案：生重→熟重
设计器草稿,小米鳕鱼鸡胸,COMPLIANT,小米,FOOD,熟,生重、打碎、充分搅拌,熟重、打碎、充分搅拌,熟档案：生重→熟重
设计器草稿,小米鳕鱼鸡胸,COMPLIANT,红薯,FOOD,熟,去皮、生重、打碎、充分搅拌,去皮、熟重、打碎、充分搅拌,熟档案：生重→熟重
设计器草稿,小米鳕鱼鸡胸,COMPLIANT,秋葵,FOOD,熟,生重、打碎、充分搅拌,熟重、打碎、充分搅拌,熟档案：生重→熟重
设计器草稿,十字花科全谷物三文鱼鸡肉,PUBLISHED,鸡心,FOOD,熟,去油、生重、打碎、充分搅拌,去油、熟重、打碎、充分搅拌,熟档案：生重→熟重
设计器草稿,十字花科全谷物三文鱼鸡肉,PUBLISHED,红薯,FOOD,熟,去皮、生重、打碎、充分搅拌,去皮、熟重、打碎、充分搅拌,熟档案：生重→熟重
设计器草稿,十字花科全谷物三文鱼鸡肉,PUBLISHED,西兰花,FOOD,熟,生重、打碎、充分搅拌,熟重、打碎、充分搅拌,熟档案：生重→熟重
设计器草稿,十字花科全谷物三文鱼鸡肉,PUBLISHED,卷心菜,FOOD,熟,生重、打碎、充分搅拌,熟重、打碎、充分搅拌,熟档案：生重→熟重
设计器草稿,十字花科全谷物三文鱼鸡肉,PUBLISHED,白萝卜,FOOD,熟,去皮、生重、打碎、充分搅拌,去皮、熟重、打碎、充分搅拌,熟档案：生重→熟重
设计器草稿,十字花科全谷物三文鱼鸡肉,COMPLIANT,鸡心,FOOD,熟,去油、生重、打碎、充分搅拌,去油、熟重、打碎、充分搅拌,熟档案：生重→熟重
设计器草稿,十字花科全谷物三文鱼鸡肉,COMPLIANT,红薯,FOOD,熟,去皮、生重、打碎、充分搅拌,去皮、熟重、打碎、充分搅拌,熟档案：生重→熟重
设计器草稿,十字花科全谷物三文鱼鸡肉,COMPLIANT,西兰花,FOOD,熟,生重、打碎、充分搅拌,熟重、打碎、充分搅拌,熟档案：生重→熟重
设计器草稿,十字花科全谷物三文鱼鸡肉,COMPLIANT,卷心菜,FOOD,熟,生重、打碎、充分搅拌,熟重、打碎、充分搅拌,熟档案：生重→熟重
设计器草稿,十字花科全谷物三文鱼鸡肉,COMPLIANT,白萝卜,FOOD,熟,去皮、生重、打碎、充分搅拌,去皮、熟重、打碎、充分搅拌,熟档案：生重→熟重
设计器草稿,十字花科全谷物三文鱼鸡肉,PUBLISHED,鸡心,FOOD,熟,去油、生重、打碎、充分搅拌,去油、熟重、打碎、充分搅拌,熟档案：生重→熟重
设计器草稿,十字花科全谷物三文鱼鸡肉,PUBLISHED,红薯,FOOD,熟,去皮、生重、打碎、充分搅拌,去皮、熟重、打碎、充分搅拌,熟档案：生重→熟重
设计器草稿,十字花科全谷物三文鱼鸡肉,PUBLISHED,西兰花,FOOD,熟,生重、打碎、充分搅拌,熟重、打碎、充分搅拌,熟档案：生重→熟重
设计器草稿,十字花科全谷物三文鱼鸡肉,PUBLISHED,卷心菜,FOOD,熟,生重、打碎、充分搅拌,熟重、打碎、充分搅拌,熟档案：生重→熟重
设计器草稿,十字花科全谷物三文鱼鸡肉,PUBLISHED,白萝卜,FOOD,熟,去皮、生重、打碎、充分搅拌,去皮、熟重、打碎、充分搅拌,熟档案：生重→熟重
设计器草稿,525 的鲜食食谱 06/16,COMPLIANT,玉米油,FOOD,油脂,生重、充分混匀。,充分搅拌,自由文本归一、油/粉/补剂：删除口径词
设计器草稿,十字花科全谷物三文鱼鸡肉,COMPLIANT,鸡心,FOOD,熟,去油、生重、打碎、充分搅拌,去油、熟重、打碎、充分搅拌,熟档案：生重→熟重
设计器草稿,十字花科全谷物三文鱼鸡肉,COMPLIANT,红薯,FOOD,熟,去皮、生重、打碎、充分搅拌,去皮、熟重、打碎、充分搅拌,熟档案：生重→熟重
设计器草稿,十字花科全谷物三文鱼鸡肉,COMPLIANT,西兰花,FOOD,熟,生重、打碎、充分搅拌,熟重、打碎、充分搅拌,熟档案：生重→熟重
设计器草稿,十字花科全谷物三文鱼鸡肉,COMPLIANT,卷心菜,FOOD,熟,生重、打碎、充分搅拌,熟重、打碎、充分搅拌,熟档案：生重→熟重
设计器草稿,十字花科全谷物三文鱼鸡肉,COMPLIANT,白萝卜,FOOD,熟,去皮、生重、打碎、充分搅拌,去皮、熟重、打碎、充分搅拌,熟档案：生重→熟重
设计器草稿,Lucky的最新兔肉食谱,PUBLISHED,西兰花,FOOD,熟,打碎、静置30分钟、焯水沥干、称重、充分搅拌,熟重、打碎、静置30分钟、焯水、沥干后称重、充分搅拌,自由文本归一、熟档案：补熟重、去掉多余称重
设计器草稿,西葫芦大米比目鱼鸡肉,PUBLISHED,鸡胸,FOOD,熟,去皮、去骨、生重、打碎、充分搅拌,去皮、去骨、熟重、打碎、充分搅拌,熟档案：生重→熟重
设计器草稿,鸡兔-lp DV,NEEDS_REVIEW,西兰花,FOOD,生,打碎、静置30分钟、焯水沥干、称重、充分搅拌,打碎、静置30分钟、焯水、沥干后称重、充分搅拌,自由文本归一、去掉多余称重
设计器草稿,羊肚菌芦笋糙米牛肉,DRAFT,糙米,FOOD,生,煮熟后称重、充分搅拌,生重、充分搅拌,生档案：熟制称重→生重
设计器草稿,羊肚菌芦笋糙米牛肉,DRAFT,红薯,FOOD,生,去皮、煮熟后称重、打碎、充分搅拌,去皮、生重、打碎、充分搅拌,生档案：熟制称重→生重
设计器草稿,羊肚菌芦笋糙米牛肉,DRAFT,芦笋,FOOD,生,去皮、煮熟后称重、打碎、充分搅拌,去皮、生重、打碎、充分搅拌,生档案：熟制称重→生重
设计器草稿,黑米鳕鱼鸡胸,PUBLISHED,小米,FOOD,熟,生重、打碎、充分搅拌,熟重、打碎、充分搅拌,熟档案：生重→熟重
设计器草稿,黑米鳕鱼鸡胸,PUBLISHED,红薯,FOOD,熟,去皮、生重、打碎、充分搅拌,去皮、熟重、打碎、充分搅拌,熟档案：生重→熟重
设计器草稿,羊肚菌芦笋糙米牛肉,DRAFT,胡萝卜,FOOD,生,煮熟后称重、打碎、充分搅拌,生重、打碎、充分搅拌,生档案：熟制称重→生重
设计器草稿,花卷 的鲜食食谱 06/27,NEEDS_REVIEW,三文鱼,FOOD,熟,去皮、去骨、生重、打碎、充分搅拌,去皮、去骨、熟重、打碎、充分搅拌,熟档案：生重→熟重
设计器草稿,羊肚菌芦笋糙米牛肉,DRAFT,小麦胚芽油,FOOD,油脂,生重、充分搅拌,充分搅拌,油/粉/补剂：删除口径词
设计器草稿,Lucky 定制食谱,PUBLISHED,鸡蛋壳粉,SUPPLEMENT,浓缩补剂,af4c8a9c-98bf-4f91-ab07-4927aae2c4c2,充分搅拌,机器码还原
设计器草稿,Lucky 定制食谱,PUBLISHED,海藻粉,SUPPLEMENT,浓缩补剂,af4c8a9c-98bf-4f91-ab07-4927aae2c4c2,充分搅拌,机器码还原
设计器草稿,Lucky 定制食谱,PUBLISHED,胆碱片,SUPPLEMENT,浓缩补剂,"df60590f-a697-4897-ab08-1322e2287268, af4c8a9c-98bf-4f91-ab07-4927aae2c4c2",打粉、充分搅拌,机器码还原
设计器草稿,（咖喱定制）创伤恢复+红胡子,PUBLISHED,鸡蛋壳粉,SUPPLEMENT,浓缩补剂,"dd27baa4-36cb-4405-9092-0eb37e6160fa, af4c8a9c-98bf-4f91-ab07-4927aae2c4c2",充分搅拌,机器码还原、油/粉/补剂：删除口径词
设计器草稿,（咖喱定制）创伤恢复+红胡子,PUBLISHED,葡萄糖酸锌片,SUPPLEMENT,浓缩补剂,"df60590f-a697-4897-ab08-1322e2287268, af4c8a9c-98bf-4f91-ab07-4927aae2c4c2",打粉、充分搅拌,机器码还原
设计器草稿,（咖喱定制）创伤恢复+红胡子,PUBLISHED,海藻粉,SUPPLEMENT,浓缩补剂,af4c8a9c-98bf-4f91-ab07-4927aae2c4c2,充分搅拌,机器码还原
设计器草稿,财宝定制食谱,PUBLISHED,鸡蛋壳粉,SUPPLEMENT,浓缩补剂,af4c8a9c-98bf-4f91-ab07-4927aae2c4c2,充分搅拌,机器码还原
设计器草稿,财宝定制食谱,PUBLISHED,海藻粉,SUPPLEMENT,浓缩补剂,af4c8a9c-98bf-4f91-ab07-4927aae2c4c2,充分搅拌,机器码还原
设计器草稿,Lucky 定制食谱,PUBLISHED,鸡蛋壳粉,SUPPLEMENT,浓缩补剂,af4c8a9c-98bf-4f91-ab07-4927aae2c4c2,充分搅拌,机器码还原
设计器草稿,Lucky 定制食谱,PUBLISHED,海藻粉,SUPPLEMENT,浓缩补剂,af4c8a9c-98bf-4f91-ab07-4927aae2c4c2,充分搅拌,机器码还原
设计器草稿,Lucky 定制食谱,PUBLISHED,胆碱片,SUPPLEMENT,浓缩补剂,"df60590f-a697-4897-ab08-1322e2287268, af4c8a9c-98bf-4f91-ab07-4927aae2c4c2",打粉、充分搅拌,机器码还原
设计器草稿,Lucky 定制食谱,NEEDS_REVIEW,鸡蛋壳粉,SUPPLEMENT,浓缩补剂,af4c8a9c-98bf-4f91-ab07-4927aae2c4c2,充分搅拌,机器码还原
设计器草稿,Lucky 定制食谱,NEEDS_REVIEW,海藻粉,SUPPLEMENT,浓缩补剂,af4c8a9c-98bf-4f91-ab07-4927aae2c4c2,充分搅拌,机器码还原
设计器草稿,Lucky 定制食谱,NEEDS_REVIEW,胆碱片,SUPPLEMENT,浓缩补剂,"df60590f-a697-4897-ab08-1322e2287268, af4c8a9c-98bf-4f91-ab07-4927aae2c4c2",打粉、充分搅拌,机器码还原
设计器草稿,Lucky 定制食谱,NEEDS_REVIEW,鸡蛋壳粉,SUPPLEMENT,浓缩补剂,af4c8a9c-98bf-4f91-ab07-4927aae2c4c2,充分搅拌,机器码还原
设计器草稿,Lucky 定制食谱,NEEDS_REVIEW,海藻粉,SUPPLEMENT,浓缩补剂,af4c8a9c-98bf-4f91-ab07-4927aae2c4c2,充分搅拌,机器码还原
设计器草稿,Lucky的最新兔肉食谱,PUBLISHED,碳酸钙粉,SUPPLEMENT,浓缩补剂,生重、充分搅拌,充分搅拌,油/粉/补剂：删除口径词
设计器草稿,Lucky的最新兔肉食谱,PUBLISHED,碳酸钙粉,SUPPLEMENT,浓缩补剂,生重、充分搅拌,充分搅拌,油/粉/补剂：删除口径词
设计器草稿,Lucky的最新兔肉食谱,PUBLISHED,碳酸钙粉,SUPPLEMENT,浓缩补剂,生重、充分搅拌,充分搅拌,油/粉/补剂：删除口径词
设计器草稿,Lucky的最新兔肉食谱,PUBLISHED,碳酸钙粉,SUPPLEMENT,浓缩补剂,生重、充分搅拌,充分搅拌,油/粉/补剂：删除口径词
设计器草稿,Lucky的最新兔肉食谱,PUBLISHED,碳酸钙粉,SUPPLEMENT,浓缩补剂,生重、充分搅拌,充分搅拌,油/粉/补剂：删除口径词
设计器草稿,Lucky的最新兔肉食谱,PUBLISHED,碳酸钙粉,SUPPLEMENT,浓缩补剂,生重、充分搅拌,充分搅拌,油/粉/补剂：删除口径词
设计器草稿,Foxy的鸭胸食谱,PUBLISHED,白蘑菇,FOOD,熟,生重、打碎、充分搅拌,熟重、打碎、充分搅拌,熟档案：生重→熟重
设计器草稿,Foxy的鸭胸食谱,PUBLISHED,胡萝卜,FOOD,熟,去皮、生重、打碎、充分搅拌,去皮、熟重、打碎、充分搅拌,熟档案：生重→熟重
设计器草稿,羊肚菌芦笋糙米牛肉,DRAFT,糙米,FOOD,生,煮熟后称重、充分搅拌,生重、充分搅拌,生档案：熟制称重→生重
设计器草稿,羊肚菌芦笋糙米牛肉,DRAFT,红薯,FOOD,生,去皮、煮熟后称重、打碎、充分搅拌,去皮、生重、打碎、充分搅拌,生档案：熟制称重→生重
设计器草稿,羊肚菌芦笋糙米牛肉,DRAFT,芦笋,FOOD,生,去皮、煮熟后称重、打碎、充分搅拌,去皮、生重、打碎、充分搅拌,生档案：熟制称重→生重
设计器草稿,羊肚菌芦笋糙米牛肉,DRAFT,胡萝卜,FOOD,生,煮熟后称重、打碎、充分搅拌,生重、打碎、充分搅拌,生档案：熟制称重→生重
设计器草稿,羊肚菌芦笋糙米牛肉,DRAFT,小麦胚芽油,FOOD,油脂,生重、充分搅拌,充分搅拌,油/粉/补剂：删除口径词
设计器草稿,羊肚菌芦笋糙米牛肉,DRAFT,糙米,FOOD,生,煮熟后称重、充分搅拌,生重、充分搅拌,生档案：熟制称重→生重
设计器草稿,羊肚菌芦笋糙米牛肉,DRAFT,红薯,FOOD,生,去皮、煮熟后称重、打碎、充分搅拌,去皮、生重、打碎、充分搅拌,生档案：熟制称重→生重
设计器草稿,羊肚菌芦笋糙米牛肉,DRAFT,芦笋,FOOD,生,去皮、煮熟后称重、打碎、充分搅拌,去皮、生重、打碎、充分搅拌,生档案：熟制称重→生重
设计器草稿,羊肚菌芦笋糙米牛肉,DRAFT,糙米,FOOD,生,煮熟后称重、充分搅拌,生重、充分搅拌,生档案：熟制称重→生重
设计器草稿,羊肚菌芦笋糙米牛肉,DRAFT,红薯,FOOD,生,去皮、煮熟后称重、打碎、充分搅拌,去皮、生重、打碎、充分搅拌,生档案：熟制称重→生重
设计器草稿,羊肚菌芦笋糙米牛肉,DRAFT,芦笋,FOOD,生,去皮、煮熟后称重、打碎、充分搅拌,去皮、生重、打碎、充分搅拌,生档案：熟制称重→生重
设计器草稿,羊肚菌芦笋糙米牛肉,DRAFT,胡萝卜,FOOD,生,煮熟后称重、打碎、充分搅拌,生重、打碎、充分搅拌,生档案：熟制称重→生重
设计器草稿,羊肚菌芦笋糙米牛肉,DRAFT,小麦胚芽油,FOOD,油脂,生重、充分搅拌,充分搅拌,油/粉/补剂：删除口径词
设计器草稿,藜麦南瓜生蚝鸡腿牛肉,DRAFT,小麦胚芽油,FOOD,油脂,生重、充分搅拌,充分搅拌,油/粉/补剂：删除口径词
设计器草稿,藜麦南瓜生蚝鸡腿牛肉,DRAFT,小麦胚芽油,FOOD,油脂,生重、充分搅拌,充分搅拌,油/粉/补剂：删除口径词
设计器草稿,藜麦南瓜生蚝鸡腿牛肉,DRAFT,小麦胚芽油,FOOD,油脂,生重、充分搅拌,充分搅拌,油/粉/补剂：删除口径词
设计器草稿,糙米红薯青花鱼牛肉,DRAFT,糙米,FOOD,生,煮熟后称重、打碎、充分搅拌,生重、打碎、充分搅拌,生档案：熟制称重→生重
设计器草稿,燕麦三文鱼猪肉,DRAFT,橄榄油,FOOD,油脂,生重、充分搅拌,充分搅拌,油/粉/补剂：删除口径词
设计器草稿,糙米南瓜牛肉,DRAFT,糙米,FOOD,生,煮熟后称重、静置30分钟、打碎、充分搅拌,生重、静置30分钟、打碎、充分搅拌,生档案：熟制称重→生重
设计器草稿,糙米南瓜牛肉,DRAFT,南瓜,FOOD,生,去瓤、留皮、煮熟后称重、静置30分钟、打碎、充分搅拌,去瓤、留皮、生重、静置30分钟、打碎、充分搅拌,生档案：熟制称重→生重
设计器草稿,糙米南瓜牛肉,DRAFT,糙米,FOOD,生,煮熟后称重、静置30分钟、打碎、充分搅拌,生重、静置30分钟、打碎、充分搅拌,生档案：熟制称重→生重
设计器草稿,糙米南瓜牛肉,DRAFT,南瓜,FOOD,生,去瓤、留皮、煮熟后称重、静置30分钟、打碎、充分搅拌,去瓤、留皮、生重、静置30分钟、打碎、充分搅拌,生档案：熟制称重→生重
设计器草稿,糙米南瓜牛肉,DRAFT,糙米,FOOD,生,煮熟后称重、静置30分钟、打碎、充分搅拌,生重、静置30分钟、打碎、充分搅拌,生档案：熟制称重→生重
设计器草稿,糙米南瓜牛肉,DRAFT,南瓜,FOOD,生,去瓤、留皮、煮熟后称重、静置30分钟、打碎、充分搅拌,去瓤、留皮、生重、静置30分钟、打碎、充分搅拌,生档案：熟制称重→生重
设计器草稿,鸭胸猪里脊鸡蛋青花鱼,DRAFT,糙米,FOOD,生,煮熟后称重、充分搅拌,生重、充分搅拌,生档案：熟制称重→生重
设计器草稿,鸭胸猪里脊鸡蛋青花鱼,DRAFT,南瓜,FOOD,生,去瓤、去皮、煮熟后沥水、称重、打碎、充分搅拌,去瓤、去皮、生重、打碎、充分搅拌,自由文本归一、生档案：熟制称重→生重、去掉多余称重
设计器草稿,鸭胸猪里脊鸡蛋青花鱼,DRAFT,西兰花,FOOD,生,打碎、静置30分钟、焯水沥干、称重、充分搅拌,打碎、静置30分钟、焯水、沥干后称重、充分搅拌,自由文本归一、去掉多余称重
设计器草稿,鸭胸猪里脊鸡蛋青花鱼,DRAFT,红甜椒,FOOD,生,去籽、煮熟后称重、打碎、充分搅拌,去籽、生重、打碎、充分搅拌,生档案：熟制称重→生重
设计器草稿,鸭胸猪里脊鸡蛋青花鱼,DRAFT,玉米油,FOOD,油脂,生重、充分混匀。,充分搅拌,自由文本归一、油/粉/补剂：删除口径词
设计器草稿,大米南瓜鸡胸兔里脊,DRAFT,大米,FOOD,生,煮熟后称重、打碎、充分搅拌,生重、打碎、充分搅拌,生档案：熟制称重→生重
设计器草稿,大米南瓜鸡胸兔里脊,DRAFT,大米,FOOD,生,煮熟后称重、打碎、充分搅拌,生重、打碎、充分搅拌,生档案：熟制称重→生重
设计器草稿,大米南瓜鸡胸兔里脊,DRAFT,大米,FOOD,生,煮熟后称重、打碎、充分搅拌,生重、打碎、充分搅拌,生档案：熟制称重→生重
设计器草稿,猪里脊青花鱼藜麦小米,DRAFT,小米,FOOD,生,煮熟后称重、充分搅拌,生重、充分搅拌,生档案：熟制称重→生重
设计器草稿,猪里脊青花鱼藜麦小米,DRAFT,四季豆,FOOD,生,煮熟后沥水称重、打碎后充分搅拌,生重、打碎、充分搅拌,自由文本归一、生档案：熟制称重→生重
设计器草稿,猪里脊青花鱼藜麦小米,DRAFT,亚麻籽,FOOD,干,打粉后充分搅拌,打粉、充分搅拌,自由文本归一
设计器草稿,猪里脊青花鱼藜麦小米,DRAFT,小米,FOOD,生,煮熟后称重、充分搅拌,生重、充分搅拌,生档案：熟制称重→生重
设计器草稿,猪里脊青花鱼藜麦小米,DRAFT,四季豆,FOOD,生,煮熟后沥水称重、打碎后充分搅拌,生重、打碎、充分搅拌,自由文本归一、生档案：熟制称重→生重
设计器草稿,猪里脊青花鱼藜麦小米,DRAFT,亚麻籽,FOOD,干,打粉后充分搅拌,打粉、充分搅拌,自由文本归一
设计器草稿,猪里脊青花鱼藜麦小米,DRAFT,小米,FOOD,生,煮熟后称重、充分搅拌,生重、充分搅拌,生档案：熟制称重→生重
设计器草稿,猪里脊青花鱼藜麦小米,DRAFT,四季豆,FOOD,生,煮熟后沥水称重、打碎后充分搅拌,生重、打碎、充分搅拌,自由文本归一、生档案：熟制称重→生重
设计器草稿,猪里脊青花鱼藜麦小米,DRAFT,亚麻籽,FOOD,干,打粉后充分搅拌,打粉、充分搅拌,自由文本归一
设计器草稿,红薯三文鱼鸡胸,DRAFT,南瓜,FOOD,生,去皮、去瓤、煮熟后称重、充分搅拌,去皮、去瓤、生重、充分搅拌,生档案：熟制称重→生重
设计器草稿,红薯三文鱼鸡胸,DRAFT,红薯,FOOD,生,去皮、煮熟后称重、打碎、充分搅拌,去皮、生重、打碎、充分搅拌,生档案：熟制称重→生重
设计器草稿,红薯三文鱼鸡胸,DRAFT,胡萝卜,FOOD,生,煮熟后称重、打碎、充分搅拌,生重、打碎、充分搅拌,生档案：熟制称重→生重
设计器草稿,红薯三文鱼鸡胸,DRAFT,小麦胚芽油,FOOD,油脂,生重、充分搅拌,充分搅拌,油/粉/补剂：删除口径词
设计器草稿,红薯三文鱼鸡胸,DRAFT,红薯,FOOD,生,去皮、煮熟后称重、打碎、充分搅拌,去皮、生重、打碎、充分搅拌,生档案：熟制称重→生重
设计器草稿,红薯三文鱼鸡胸,DRAFT,南瓜,FOOD,生,去皮、去瓤、煮熟后称重、充分搅拌,去皮、去瓤、生重、充分搅拌,生档案：熟制称重→生重
设计器草稿,红薯三文鱼鸡胸,DRAFT,红薯,FOOD,生,去皮、煮熟后称重、打碎、充分搅拌,去皮、生重、打碎、充分搅拌,生档案：熟制称重→生重
设计器草稿,红薯三文鱼鸡胸,DRAFT,胡萝卜,FOOD,生,煮熟后称重、打碎、充分搅拌,生重、打碎、充分搅拌,生档案：熟制称重→生重
设计器草稿,红薯三文鱼鸡胸,DRAFT,小麦胚芽油,FOOD,油脂,生重、充分搅拌,充分搅拌,油/粉/补剂：删除口径词
设计器草稿,红薯三文鱼鸡胸,DRAFT,南瓜,FOOD,生,去皮、去瓤、煮熟后称重、充分搅拌,去皮、去瓤、生重、充分搅拌,生档案：熟制称重→生重
设计器草稿,红薯三文鱼鸡胸,DRAFT,胡萝卜,FOOD,生,煮熟后称重、打碎、充分搅拌,生重、打碎、充分搅拌,生档案：熟制称重→生重
设计器草稿,红薯三文鱼鸡胸,DRAFT,小麦胚芽油,FOOD,油脂,生重、充分搅拌,充分搅拌,油/粉/补剂：删除口径词
设计器草稿,小米山药猪肉,DRAFT,小米,FOOD,生,浸泡60分钟、煮熟后称重、充分搅拌,浸泡60分钟、生重、充分搅拌,生档案：熟制称重→生重
设计器草稿,小米山药猪肉,DRAFT,山药,FOOD,生,去皮、煮熟后称重、打碎、充分搅拌,去皮、生重、打碎、充分搅拌,生档案：熟制称重→生重
设计器草稿,小米山药猪肉,DRAFT,花椰菜,FOOD,生,去老梗、焯水后称重、打碎、充分搅拌,去老梗、焯水、沥干后称重、打碎、充分搅拌,自由文本归一
设计器草稿,小米山药猪肉,DRAFT,小米,FOOD,生,浸泡60分钟、煮熟后称重、充分搅拌,浸泡60分钟、生重、充分搅拌,生档案：熟制称重→生重
设计器草稿,小米山药猪肉,DRAFT,山药,FOOD,生,去皮、煮熟后称重、打碎、充分搅拌,去皮、生重、打碎、充分搅拌,生档案：熟制称重→生重
设计器草稿,小米山药猪肉,DRAFT,花椰菜,FOOD,生,去老梗、焯水后称重、打碎、充分搅拌,去老梗、焯水、沥干后称重、打碎、充分搅拌,自由文本归一
设计器草稿,小米山药猪肉,DRAFT,小米,FOOD,生,浸泡60分钟、煮熟后称重、充分搅拌,浸泡60分钟、生重、充分搅拌,生档案：熟制称重→生重
设计器草稿,小米山药猪肉,DRAFT,山药,FOOD,生,去皮、煮熟后称重、打碎、充分搅拌,去皮、生重、打碎、充分搅拌,生档案：熟制称重→生重
设计器草稿,小米山药猪肉,DRAFT,花椰菜,FOOD,生,去老梗、焯水后称重、打碎、充分搅拌,去老梗、焯水、沥干后称重、打碎、充分搅拌,自由文本归一
设计器草稿,糙米西葫芦牛肉,DRAFT,糙米,FOOD,生,流水冲洗、浸泡60分钟、煮熟后称重、打碎、充分搅拌,流水冲洗、浸泡60分钟、生重、打碎、充分搅拌,生档案：熟制称重→生重
设计器草稿,糙米西葫芦牛肉,DRAFT,南瓜,FOOD,生,去皮、去瓤、煮熟后称重、打碎、充分搅拌,去皮、去瓤、生重、打碎、充分搅拌,生档案：熟制称重→生重
设计器草稿,糙米西葫芦牛肉,DRAFT,西葫芦,FOOD,生,煮熟后称重、打碎、充分搅拌,生重、打碎、充分搅拌,生档案：熟制称重→生重
设计器草稿,糙米西葫芦牛肉,DRAFT,小麦胚芽油,FOOD,油脂,生重、充分搅拌,充分搅拌,油/粉/补剂：删除口径词
设计器草稿,糙米西葫芦牛肉,DRAFT,碳酸钙粉,SUPPLEMENT,浓缩补剂,生重、充分搅拌,充分搅拌,油/粉/补剂：删除口径词
设计器草稿,糙米西葫芦牛肉,DRAFT,糙米,FOOD,生,流水冲洗、浸泡60分钟、煮熟后称重、打碎、充分搅拌,流水冲洗、浸泡60分钟、生重、打碎、充分搅拌,生档案：熟制称重→生重
设计器草稿,糙米西葫芦牛肉,DRAFT,南瓜,FOOD,生,去皮、去瓤、煮熟后称重、打碎、充分搅拌,去皮、去瓤、生重、打碎、充分搅拌,生档案：熟制称重→生重
设计器草稿,糙米西葫芦牛肉,DRAFT,西葫芦,FOOD,生,煮熟后称重、打碎、充分搅拌,生重、打碎、充分搅拌,生档案：熟制称重→生重
设计器草稿,糙米西葫芦牛肉,DRAFT,碳酸钙粉,SUPPLEMENT,浓缩补剂,生重、充分搅拌,充分搅拌,油/粉/补剂：删除口径词
设计器草稿,糙米西葫芦牛肉,DRAFT,糙米,FOOD,生,流水冲洗、浸泡60分钟、煮熟后称重、打碎、充分搅拌,流水冲洗、浸泡60分钟、生重、打碎、充分搅拌,生档案：熟制称重→生重
设计器草稿,糙米西葫芦牛肉,DRAFT,南瓜,FOOD,生,去皮、去瓤、煮熟后称重、打碎、充分搅拌,去皮、去瓤、生重、打碎、充分搅拌,生档案：熟制称重→生重
设计器草稿,糙米西葫芦牛肉,DRAFT,西葫芦,FOOD,生,煮熟后称重、打碎、充分搅拌,生重、打碎、充分搅拌,生档案：熟制称重→生重
设计器草稿,糙米西葫芦牛肉,DRAFT,小麦胚芽油,FOOD,油脂,生重、充分搅拌,充分搅拌,油/粉/补剂：删除口径词
设计器草稿,糙米西葫芦牛肉,DRAFT,碳酸钙粉,SUPPLEMENT,浓缩补剂,生重、充分搅拌,充分搅拌,油/粉/补剂：删除口径词
设计器草稿,兔里脊大米土豆,DRAFT,大米,FOOD,生,煮熟后称重、打碎、充分搅拌,生重、打碎、充分搅拌,生档案：熟制称重→生重
设计器草稿,兔里脊大米土豆,DRAFT,土豆,FOOD,生,去皮、煮熟后称重、打碎、充分搅拌,去皮、生重、打碎、充分搅拌,生档案：熟制称重→生重
设计器草稿,兔里脊大米土豆,DRAFT,南瓜,FOOD,生,去皮、去瓤、煮熟后称重、打碎、充分搅拌,去皮、去瓤、生重、打碎、充分搅拌,生档案：熟制称重→生重
设计器草稿,兔里脊大米土豆,DRAFT,小麦胚芽油,FOOD,油脂,生重、充分搅拌,充分搅拌,油/粉/补剂：删除口径词
设计器草稿,兔里脊大米土豆,DRAFT,碳酸钙粉,SUPPLEMENT,浓缩补剂,生重、充分搅拌,充分搅拌,油/粉/补剂：删除口径词
设计器草稿,兔里脊大米土豆,DRAFT,大米,FOOD,生,煮熟后称重、打碎、充分搅拌,生重、打碎、充分搅拌,生档案：熟制称重→生重
设计器草稿,兔里脊大米土豆,DRAFT,土豆,FOOD,生,去皮、煮熟后称重、打碎、充分搅拌,去皮、生重、打碎、充分搅拌,生档案：熟制称重→生重
设计器草稿,兔里脊大米土豆,DRAFT,南瓜,FOOD,生,去皮、去瓤、煮熟后称重、打碎、充分搅拌,去皮、去瓤、生重、打碎、充分搅拌,生档案：熟制称重→生重
设计器草稿,兔里脊大米土豆,DRAFT,小麦胚芽油,FOOD,油脂,生重、充分搅拌,充分搅拌,油/粉/补剂：删除口径词
设计器草稿,兔里脊大米土豆,DRAFT,碳酸钙粉,SUPPLEMENT,浓缩补剂,生重、充分搅拌,充分搅拌,油/粉/补剂：删除口径词
设计器草稿,兔里脊大米土豆,DRAFT,大米,FOOD,生,煮熟后称重、打碎、充分搅拌,生重、打碎、充分搅拌,生档案：熟制称重→生重
设计器草稿,兔里脊大米土豆,DRAFT,土豆,FOOD,生,去皮、煮熟后称重、打碎、充分搅拌,去皮、生重、打碎、充分搅拌,生档案：熟制称重→生重
设计器草稿,兔里脊大米土豆,DRAFT,南瓜,FOOD,生,去皮、去瓤、煮熟后称重、打碎、充分搅拌,去皮、去瓤、生重、打碎、充分搅拌,生档案：熟制称重→生重
设计器草稿,兔里脊大米土豆,DRAFT,小麦胚芽油,FOOD,油脂,生重、充分搅拌,充分搅拌,油/粉/补剂：删除口径词
设计器草稿,兔里脊大米土豆,DRAFT,碳酸钙粉,SUPPLEMENT,浓缩补剂,生重、充分搅拌,充分搅拌,油/粉/补剂：删除口径词
设计器草稿,Lucky 定制食谱,PUBLISHED,牛磺酸胶囊,SUPPLEMENT,浓缩补剂,af4c8a9c-98bf-4f91-ab07-4927aae2c4c2,充分搅拌,机器码还原
设计器草稿,（咖喱定制）创伤恢复+红胡子 (新版本),PUBLISHED,碳酸钙粉,SUPPLEMENT,浓缩补剂,生重、充分搅拌,充分搅拌,油/粉/补剂：删除口径词
设计器草稿,糙米西葫芦牛肉,PUBLISHED,碳酸钙粉,SUPPLEMENT,浓缩补剂,生重、充分搅拌,充分搅拌,油/粉/补剂：删除口径词
设计器草稿,糙米西葫芦牛肉,PUBLISHED,碳酸钙粉,SUPPLEMENT,浓缩补剂,生重、充分搅拌,充分搅拌,油/粉/补剂：删除口径词
设计器草稿,兔里脊大米土豆,PUBLISHED,碳酸钙粉,SUPPLEMENT,浓缩补剂,生重、充分搅拌,充分搅拌,油/粉/补剂：删除口径词
设计器草稿,Lucky 定制食谱,PUBLISHED,牛磺酸胶囊,SUPPLEMENT,浓缩补剂,af4c8a9c-98bf-4f91-ab07-4927aae2c4c2,充分搅拌,机器码还原
设计器草稿,Lucky 定制食谱,NEEDS_REVIEW,牛磺酸胶囊,SUPPLEMENT,浓缩补剂,af4c8a9c-98bf-4f91-ab07-4927aae2c4c2,充分搅拌,机器码还原
设计器草稿,（咖喱定制）创伤恢复+红胡子 (新版本),PUBLISHED,碳酸钙粉,SUPPLEMENT,浓缩补剂,生重、充分搅拌,充分搅拌,油/粉/补剂：删除口径词
设计器草稿,兔里脊大米土豆,PUBLISHED,碳酸钙粉,SUPPLEMENT,浓缩补剂,生重、充分搅拌,充分搅拌,油/粉/补剂：删除口径词
设计器草稿,排敏：鸡肉7.2-7.6,NEEDS_REVIEW,胡萝卜,FOOD,熟,生重、打碎、充分搅拌,熟重、打碎、充分搅拌,熟档案：生重→熟重
设计器草稿,排敏：鸡肉7.2-7.6,NEEDS_REVIEW,上海青,FOOD,熟,水煮或焯水后沥干、称重、打碎、充分搅拌,焯水、沥干后称重、熟重、打碎、充分搅拌,自由文本归一、熟档案：补熟重、去掉多余称重
设计器草稿,排敏：鸡肉7.2-7.6,NEEDS_REVIEW,鸡胸,FOOD,熟,去油、去皮、生重、打碎、充分搅拌,去油、去皮、熟重、打碎、充分搅拌,熟档案：生重→熟重
设计器草稿,排敏：鸡肉7.2-7.6,NEEDS_REVIEW,鲜香菇,FOOD,熟,生重、打碎、充分搅拌,熟重、打碎、充分搅拌,熟档案：生重→熟重
设计器草稿,排敏：鸡肉7.2-7.6,NEEDS_REVIEW,鸡蛋,FOOD,熟,去壳、全蛋、生重、充分搅拌,去壳、全蛋、熟重、充分搅拌,熟档案：生重→熟重
设计器草稿,大米红薯兔里脊,COMPLIANT,西兰花,FOOD,熟,打碎、静置30分钟、焯水沥干、称重、充分搅拌,熟重、打碎、静置30分钟、焯水、沥干后称重、充分搅拌,自由文本归一、熟档案：补熟重、去掉多余称重
设计器草稿,李皮皮 的鲜食食谱 07/02,NEEDS_REVIEW,秋葵,FOOD,熟,生重、打碎、充分搅拌,熟重、打碎、充分搅拌,熟档案：生重→熟重
设计器草稿,大米红薯兔里脊,COMPLIANT,红甜椒,FOOD,生,去籽、煮熟后称重、打碎、充分搅拌,去籽、生重、打碎、充分搅拌,生档案：熟制称重→生重
设计器草稿,大米红薯兔里脊,COMPLIANT,羽衣甘蓝,FOOD,熟,生重、打碎、充分搅拌,熟重、打碎、充分搅拌,熟档案：生重→熟重
设计器草稿,大米红薯兔里脊,COMPLIANT,胡萝卜,FOOD,熟,生重、打碎、充分搅拌,熟重、打碎、充分搅拌,熟档案：生重→熟重
设计器草稿,李皮皮 的鲜食食谱 07/02,NEEDS_REVIEW,藜麦,FOOD,熟,生重、打粉、充分搅拌,熟重、打粉、充分搅拌,熟档案：生重→熟重
设计器草稿,李皮皮 的鲜食食谱 07/02,NEEDS_REVIEW,胡萝卜,FOOD,熟,生重、打碎、充分搅拌,熟重、打碎、充分搅拌,熟档案：生重→熟重
设计器草稿,鸡胸300 pj,NEEDS_REVIEW,西兰花,FOOD,生,打碎、静置30分钟、焯水沥干、称重、充分搅拌,打碎、静置30分钟、焯水、沥干后称重、充分搅拌,自由文本归一、去掉多余称重
设计器草稿,鸡胸牛肉饭(幺鸡),PUBLISHED,花椰菜,FOOD,熟,生重、打碎、充分搅拌,熟重、打碎、充分搅拌,熟档案：生重→熟重
设计器草稿,鸡胸牛肉饭(幺鸡),PUBLISHED,小麦胚芽油,FOOD,油脂,生重、充分搅拌,充分搅拌,油/粉/补剂：删除口径词
设计器草稿,李皮皮 的鲜食食谱 07/02,NEEDS_REVIEW,青口贝,FOOD,熟,去壳、生重、打碎、充分搅拌,去壳、熟重、打碎、充分搅拌,熟档案：生重→熟重
设计器草稿,鸡胸300 pj,NEEDS_REVIEW,芦笋,FOOD,生,去皮、煮熟后称重、打碎、充分搅拌,去皮、生重、打碎、充分搅拌,生档案：熟制称重→生重
设计器草稿,鸡胸300 pj,NEEDS_REVIEW,大米,FOOD,生,煮熟后称重、打碎、充分搅拌,生重、打碎、充分搅拌,生档案：熟制称重→生重
设计器草稿,鸡胸300 pj,NEEDS_REVIEW,小米,FOOD,生,煮熟后称重、充分搅拌,生重、充分搅拌,生档案：熟制称重→生重
设计器草稿,小豆 的鲜食食谱 08/29,NEEDS_REVIEW,紫薯,FOOD,生,去皮、煮熟后称重,去皮、生重,生档案：熟制称重→生重
设计器草稿,Mallow 的鲜食食谱 07/02,NEEDS_REVIEW,大米,FOOD,生,煮熟后称重、打碎、充分搅拌,生重、打碎、充分搅拌,生档案：熟制称重→生重
设计器草稿,Mallow 的鲜食食谱 07/02,NEEDS_REVIEW,山药,FOOD,生,去皮、煮熟后称重、打碎、充分搅拌,去皮、生重、打碎、充分搅拌,生档案：熟制称重→生重
设计器草稿,Mallow 的鲜食食谱 07/02,NEEDS_REVIEW,花椰菜,FOOD,生,去老梗、焯水后称重、打碎、充分搅拌,去老梗、焯水、沥干后称重、打碎、充分搅拌,自由文本归一
设计器草稿,Mallow 的鲜食食谱 07/02,NEEDS_REVIEW,南瓜,FOOD,生,去皮、去瓤、煮熟后称重、充分搅拌,去皮、去瓤、生重、充分搅拌,生档案：熟制称重→生重
设计器草稿,小瓜 的鲜食食谱 07/02,NEEDS_REVIEW,菠菜,FOOD,熟,焯水、沥干后称重、打碎、充分搅拌,焯水、沥干后称重、熟重、打碎、充分搅拌,熟档案：补熟重
设计器草稿,小瓜 的鲜食食谱 07/02,NEEDS_REVIEW,小米,FOOD,生,浸泡60分钟、煮熟后称重、充分搅拌,浸泡60分钟、生重、充分搅拌,生档案：熟制称重→生重
设计器草稿,小瓜 的鲜食食谱 07/02,NEEDS_REVIEW,鸡蛋,FOOD,熟,去壳、全蛋、生重、充分搅拌,去壳、全蛋、熟重、充分搅拌,熟档案：生重→熟重
设计器草稿,鸭肉食谱,COMPLIANT,小麦胚芽油,FOOD,油脂,生重、充分搅拌,充分搅拌,油/粉/补剂：删除口径词
设计器草稿,鸭肉食谱,COMPLIANT,胡萝卜,FOOD,生,煮熟后称重、打碎、充分搅拌,生重、打碎、充分搅拌,生档案：熟制称重→生重
设计器草稿,鸭肉食谱,COMPLIANT,西兰花,FOOD,生,打碎、静置30分钟、焯水沥干、称重、充分搅拌,打碎、静置30分钟、焯水、沥干后称重、充分搅拌,自由文本归一、去掉多余称重
设计器草稿,小瓜 的鲜食食谱 07/02,NEEDS_REVIEW,亚麻籽,FOOD,干,打粉后充分搅拌,打粉、充分搅拌,自由文本归一
设计器草稿,家和 的鲜食食谱 07/02,NEEDS_REVIEW,土豆,FOOD,生,去皮、煮熟后称重、打碎、充分搅拌,去皮、生重、打碎、充分搅拌,生档案：熟制称重→生重
设计器草稿,杂粮三文鱼猪肉,NEEDS_REVIEW,糙米,FOOD,生,煮熟后称重、打碎、充分搅拌,生重、打碎、充分搅拌,生档案：熟制称重→生重
设计器草稿,杂粮三文鱼猪肉,NEEDS_REVIEW,小米,FOOD,生,煮熟后称重、充分搅拌,生重、充分搅拌,生档案：熟制称重→生重
设计器草稿,杂粮三文鱼猪肉,NEEDS_REVIEW,南瓜,FOOD,生,去皮、去瓤、煮熟后称重、打碎、充分搅拌,去皮、去瓤、生重、打碎、充分搅拌,生档案：熟制称重→生重
设计器草稿,大米红薯兔里脊,PUBLISHED,红薯,FOOD,熟,去皮、生重、打碎、充分搅拌,去皮、熟重、打碎、充分搅拌,熟档案：生重→熟重
设计器草稿,3天/12份 兔,NEEDS_REVIEW,山药,FOOD,生,去皮、煮熟后称重、打碎、充分搅拌,去皮、生重、打碎、充分搅拌,生档案：熟制称重→生重
设计器草稿,紫薯黑米猪里脊,PUBLISHED,上海青,FOOD,熟,水煮或焯水后沥干、称重、打碎、充分搅拌,焯水、沥干后称重、熟重、打碎、充分搅拌,自由文本归一、熟档案：补熟重、去掉多余称重
设计器草稿,大米红薯兔里脊,PUBLISHED,羽衣甘蓝,FOOD,熟,生重、打碎、充分搅拌,熟重、打碎、充分搅拌,熟档案：生重→熟重
设计器草稿,大米红薯兔里脊,PUBLISHED,胡萝卜,FOOD,熟,生重、打碎、充分搅拌,熟重、打碎、充分搅拌,熟档案：生重→熟重
设计器草稿,紫薯黑米猪里脊,COMPLIANT,上海青,FOOD,熟,水煮或焯水后沥干、称重、打碎、充分搅拌,焯水、沥干后称重、熟重、打碎、充分搅拌,自由文本归一、熟档案：补熟重、去掉多余称重
设计器草稿,排敏：猪肉7.7-12,NEEDS_REVIEW,小米,FOOD,生,煮熟后称重、充分搅拌,生重、充分搅拌,生档案：熟制称重→生重
设计器草稿,排敏：猪肉7.7-12,NEEDS_REVIEW,白蘑菇,FOOD,熟,生重、打碎、充分搅拌,熟重、打碎、充分搅拌,熟档案：生重→熟重
设计器草稿,排敏：猪肉7.7-12,NEEDS_REVIEW,娃娃菜,FOOD,熟,生重、打碎、充分搅拌,熟重、打碎、充分搅拌,熟档案：生重→熟重
设计器草稿,排敏：猪肉7.7-12,NEEDS_REVIEW,鸡蛋,FOOD,熟,去壳、全蛋、生重、充分搅拌,去壳、全蛋、熟重、充分搅拌,熟档案：生重→熟重
设计器草稿,TT 的鲜食食谱 07/05,NEEDS_REVIEW,西兰花,FOOD,生,打碎、静置30分钟、焯水沥干、称重、充分搅拌,打碎、静置30分钟、焯水、沥干后称重、充分搅拌,自由文本归一、去掉多余称重
设计器草稿,TT 的鲜食食谱 07/05,NEEDS_REVIEW,鸡肝,FOOD,熟,去油、生重、打碎、充分搅拌,去油、熟重、打碎、充分搅拌,熟档案：生重→熟重
设计器草稿,多多 的鲜食食谱 07/06,NEEDS_REVIEW,小米,FOOD,生,煮熟后称重、充分搅拌,生重、充分搅拌,生档案：熟制称重→生重
设计器草稿,布丁定制食谱,PUBLISHED,西兰花,FOOD,熟,打碎、静置30分钟、焯水沥干、称重、充分搅拌,熟重、打碎、静置30分钟、焯水、沥干后称重、充分搅拌,自由文本归一、熟档案：补熟重、去掉多余称重
设计器草稿,牛牛定制食谱,PUBLISHED,西兰花,FOOD,熟,打碎、静置30分钟、焯水沥干、称重、充分搅拌,熟重、打碎、静置30分钟、焯水、沥干后称重、充分搅拌,自由文本归一、熟档案：补熟重、去掉多余称重
设计器草稿,牛牛定制食谱,PUBLISHED,大米,FOOD,生,煮熟后称重、打碎、充分搅拌,生重、打碎、充分搅拌,生档案：熟制称重→生重
设计器草稿,牛牛定制食谱,PUBLISHED,姜黄粉,FOOD,粉,生重、充分搅拌,充分搅拌,油/粉/补剂：删除口径词
设计器草稿,布丁定制食谱,PUBLISHED,西兰花,FOOD,熟,打碎、静置30分钟、焯水沥干、称重、充分搅拌,熟重、打碎、静置30分钟、焯水、沥干后称重、充分搅拌,自由文本归一、熟档案：补熟重、去掉多余称重
设计器草稿,布丁定制食谱,PUBLISHED,大米,FOOD,生,煮熟后称重、打碎、充分搅拌,生重、打碎、充分搅拌,生档案：熟制称重→生重
设计器草稿,布丁定制食谱,PUBLISHED,姜黄粉,FOOD,粉,生重、充分搅拌,充分搅拌,油/粉/补剂：删除口径词
设计器草稿,牛牛定制食谱,PUBLISHED,西兰花,FOOD,熟,打碎、静置30分钟、焯水沥干、称重、充分搅拌,熟重、打碎、静置30分钟、焯水、沥干后称重、充分搅拌,自由文本归一、熟档案：补熟重、去掉多余称重
设计器草稿,牛牛定制食谱,PUBLISHED,姜黄粉,FOOD,粉,生重、充分搅拌,充分搅拌,油/粉/补剂：删除口径词
设计器草稿,牛牛定制食谱,PUBLISHED,西兰花,FOOD,熟,打碎、静置30分钟、焯水沥干、称重、充分搅拌,熟重、打碎、静置30分钟、焯水、沥干后称重、充分搅拌,自由文本归一、熟档案：补熟重、去掉多余称重
设计器草稿,红薯鳕鱼鸭胸,PUBLISHED,白蘑菇,FOOD,熟,生重、打碎、充分搅拌,熟重、打碎、充分搅拌,熟档案：生重→熟重
设计器草稿,牛牛定制食谱,PUBLISHED,姜黄粉,FOOD,粉,生重、充分搅拌,充分搅拌,油/粉/补剂：删除口径词
设计器草稿,红薯鳕鱼鸭胸,PUBLISHED,四季豆,FOOD,熟,煮熟后沥水称重、打碎后充分搅拌,煮熟后称重、打碎、充分搅拌,自由文本归一
设计器草稿,红薯鳕鱼鸭胸,PUBLISHED,红薯,FOOD,熟,去皮、生重、打碎、充分搅拌,去皮、熟重、打碎、充分搅拌,熟档案：生重→熟重
设计器草稿,鸡兔-lp DV 碱,NEEDS_REVIEW,糙米,FOOD,生,流水冲洗、浸泡60分钟、煮熟后称重、打碎、充分搅拌,流水冲洗、浸泡60分钟、生重、打碎、充分搅拌,生档案：熟制称重→生重
设计器草稿,ID的兔肉定制,PUBLISHED,鸡蛋,FOOD,生,全蛋、去壳、按生重称量、充分打散后混匀。,全蛋、去壳、生重、打散、充分搅拌,自由文本归一
设计器草稿,ID的兔肉定制,PUBLISHED,南瓜,FOOD,生,去瓤、去皮、煮熟后沥水、称重、打碎、充分搅拌,去瓤、去皮、生重、打碎、充分搅拌,自由文本归一、生档案：熟制称重→生重、去掉多余称重
设计器草稿,ID的兔肉定制,PUBLISHED,上海青,FOOD,生,水煮或焯水后沥干、称重、打碎、充分搅拌,焯水、沥干后称重、打碎、充分搅拌,自由文本归一、去掉多余称重
设计器草稿,ID的兔肉定制,PUBLISHED,小麦胚芽油,FOOD,油脂,生重、充分搅拌,充分搅拌,油/粉/补剂：删除口径词
设计器草稿,鸡胸半餐-lp DV 副本,NEEDS_REVIEW,糙米,FOOD,生,流水冲洗、浸泡60分钟、煮熟后称重、打碎、充分搅拌,流水冲洗、浸泡60分钟、生重、打碎、充分搅拌,生档案：熟制称重→生重
设计器草稿,鸡胸半餐-lp DV 副本,NEEDS_REVIEW,山药,FOOD,生,去皮、煮熟后称重、打碎、充分搅拌,去皮、生重、打碎、充分搅拌,生档案：熟制称重→生重
设计器草稿,鸡胸半餐-lp DV 副本,NEEDS_REVIEW,西兰花,FOOD,生,打碎、静置30分钟、焯水沥干、称重、充分搅拌,打碎、静置30分钟、焯水、沥干后称重、充分搅拌,自由文本归一、去掉多余称重
设计器草稿,鸡胸半餐-lp DV 副本,NEEDS_REVIEW,芦笋,FOOD,生,去皮、煮熟后称重、打碎、充分搅拌,去皮、生重、打碎、充分搅拌,生档案：熟制称重→生重
设计器草稿,山药 辅食,NEEDS_REVIEW,山药,FOOD,生,去皮、煮熟后称重、打碎、充分搅拌,去皮、生重、打碎、充分搅拌,生档案：熟制称重→生重
设计器草稿,秋菊 的鲜食食谱 09/06,COMPLIANT,亚麻籽,FOOD,干,打粉后充分搅拌,打粉、充分搅拌,自由文本归一
设计器草稿,小豆 的鲜食食谱 08/29,NEEDS_REVIEW,碳酸钙粉,SUPPLEMENT,浓缩补剂,生重、充分搅拌,充分搅拌,油/粉/补剂：删除口径词
设计器草稿,花生 的鲜食食谱 07/09,NEEDS_REVIEW,猪心,FOOD,熟,去油、生重、打碎、充分搅拌,去油、熟重、打碎、充分搅拌,熟档案：生重→熟重
设计器草稿,燕麦米比目鱼鸭肉,PUBLISHED,紫甘蓝,FOOD,熟,生重、打碎、充分搅拌,熟重、打碎、充分搅拌,熟档案：生重→熟重
设计器草稿,鸡兔-lp DV 碱,NEEDS_REVIEW,山药,FOOD,生,去皮、煮熟后称重、打碎、充分搅拌,去皮、生重、打碎、充分搅拌,生档案：熟制称重→生重
设计器草稿,鸡兔-lp DV 碱,NEEDS_REVIEW,西兰花,FOOD,生,打碎、静置30分钟、焯水沥干、称重、充分搅拌,打碎、静置30分钟、焯水、沥干后称重、充分搅拌,自由文本归一、去掉多余称重
设计器草稿,土豆大米兔,PUBLISHED,紫甘蓝,FOOD,熟,生重、打碎、充分搅拌,熟重、打碎、充分搅拌,熟档案：生重→熟重
设计器草稿,红薯鳕鱼鸭胸,PUBLISHED,红薯,FOOD,熟,去皮、生重、打碎、充分搅拌,去皮、熟重、打碎、充分搅拌,熟档案：生重→熟重
设计器草稿,红薯鳕鱼鸭胸,PUBLISHED,四季豆,FOOD,熟,煮熟后沥水称重、打碎后充分搅拌,煮熟后称重、打碎、充分搅拌,自由文本归一
设计器草稿,红薯鳕鱼鸭胸,PUBLISHED,白蘑菇,FOOD,熟,生重、打碎、充分搅拌,熟重、打碎、充分搅拌,熟档案：生重→熟重
设计器草稿,山药 辅食,NEEDS_REVIEW,西兰花,FOOD,生,打碎、静置30分钟、焯水沥干、称重、充分搅拌,打碎、静置30分钟、焯水、沥干后称重、充分搅拌,自由文本归一、去掉多余称重
设计器草稿,红薯鳕鱼鸭胸,PUBLISHED,青口贝,FOOD,熟,去壳、生重、打碎、充分搅拌,去壳、熟重、打碎、充分搅拌,熟档案：生重→熟重
设计器草稿,帽帽 的鲜食食谱 07/10,NEEDS_REVIEW,南瓜,FOOD,生,去瓤、去皮、煮熟后沥水、称重、打碎、充分搅拌,去瓤、去皮、生重、打碎、充分搅拌,自由文本归一、生档案：熟制称重→生重、去掉多余称重
设计器草稿,帽帽 的鲜食食谱 07/10,NEEDS_REVIEW,西兰花,FOOD,生,打碎、静置30分钟、焯水沥干、称重、充分搅拌,打碎、静置30分钟、焯水、沥干后称重、充分搅拌,自由文本归一、去掉多余称重
设计器草稿,帽帽 的鲜食食谱 07/10,NEEDS_REVIEW,小米,FOOD,生,煮熟后称重、充分搅拌,生重、充分搅拌,生档案：熟制称重→生重
设计器草稿,大米红薯兔里脊,PUBLISHED,西兰花,FOOD,熟,打碎、静置30分钟、焯水沥干、称重、充分搅拌,熟重、打碎、静置30分钟、焯水、沥干后称重、充分搅拌,自由文本归一、熟档案：补熟重、去掉多余称重
设计器草稿,大米红薯兔里脊,PUBLISHED,红甜椒,FOOD,生,去籽、煮熟后称重、打碎、充分搅拌,去籽、生重、打碎、充分搅拌,生档案：熟制称重→生重
设计器草稿,帽帽 的鲜食食谱 07/10,NEEDS_REVIEW,山药,FOOD,生,去皮、煮熟后称重、打碎、充分搅拌,去皮、生重、打碎、充分搅拌,生档案：熟制称重→生重
设计器草稿,小瓜 的鲜食食谱 07/15,NEEDS_REVIEW,卷心菜,FOOD,熟,生重、打碎、静置30分钟、充分搅拌,熟重、打碎、静置30分钟、充分搅拌,熟档案：生重→熟重
设计器草稿,紫薯 辅食,NEEDS_REVIEW,大米,FOOD,生,煮熟后称重、打碎、充分搅拌,生重、打碎、充分搅拌,生档案：熟制称重→生重
设计器草稿,紫薯 辅食,NEEDS_REVIEW,小米,FOOD,生,煮熟后称重、充分搅拌,生重、充分搅拌,生档案：熟制称重→生重
设计器草稿,花椰菜糙米鸭肉,PUBLISHED,花椰菜,FOOD,熟,生重、打碎、充分搅拌,熟重、打碎、充分搅拌,熟档案：生重→熟重
设计器草稿,花椰菜糙米鸭肉,PUBLISHED,紫甘蓝,FOOD,熟,生重、打碎、充分搅拌,熟重、打碎、充分搅拌,熟档案：生重→熟重
设计器草稿,小瓜 的鲜食食谱 07/15,NEEDS_REVIEW,鸡蛋,FOOD,熟,去壳、全蛋、生重、充分搅拌,去壳、全蛋、熟重、充分搅拌,熟档案：生重→熟重
设计器草稿,小瓜 的鲜食食谱 07/15,NEEDS_REVIEW,猪肝,FOOD,熟,去油、生重、焯水、打碎、充分搅拌,去油、熟重、焯水、打碎、充分搅拌,熟档案：生重→熟重
设计器草稿,花椰菜糙米鸭肉,PUBLISHED,花椰菜,FOOD,熟,生重、打碎、充分搅拌,熟重、打碎、充分搅拌,熟档案：生重→熟重
设计器草稿,花椰菜糙米鸭肉,PUBLISHED,紫甘蓝,FOOD,熟,生重、打碎、充分搅拌,熟重、打碎、充分搅拌,熟档案：生重→熟重
设计器草稿,大米红薯兔里脊,PUBLISHED,西兰花,FOOD,熟,打碎、静置30分钟、焯水沥干、称重、充分搅拌,熟重、打碎、静置30分钟、焯水、沥干后称重、充分搅拌,自由文本归一、熟档案：补熟重、去掉多余称重
设计器草稿,紫薯 辅食,NEEDS_REVIEW,西兰花,FOOD,生,打碎、静置30分钟、焯水沥干、称重、充分搅拌,打碎、静置30分钟、焯水、沥干后称重、充分搅拌,自由文本归一、去掉多余称重
设计器草稿,紫薯 辅食,NEEDS_REVIEW,芦笋,FOOD,生,去皮、煮熟后称重、打碎、充分搅拌,去皮、生重、打碎、充分搅拌,生档案：熟制称重→生重
设计器草稿,大米红薯兔里脊,PUBLISHED,羽衣甘蓝,FOOD,熟,生重、打碎、充分搅拌,熟重、打碎、充分搅拌,熟档案：生重→熟重
设计器草稿,小瓜 的鲜食食谱 07/15,NEEDS_REVIEW,牛心,FOOD,熟,去油、生重、打碎、充分搅拌,去油、熟重、打碎、充分搅拌,熟档案：生重→熟重
设计器草稿,大米红薯兔里脊,PUBLISHED,红薯,FOOD,熟,去皮、生重、打碎、充分搅拌,去皮、熟重、打碎、充分搅拌,熟档案：生重→熟重
设计器草稿,大米红薯兔里脊,PUBLISHED,红甜椒,FOOD,生,去籽、煮熟后称重、打碎、充分搅拌,去籽、生重、打碎、充分搅拌,生档案：熟制称重→生重
设计器草稿,大米红薯兔里脊,PUBLISHED,胡萝卜,FOOD,熟,生重、打碎、充分搅拌,熟重、打碎、充分搅拌,熟档案：生重→熟重
设计器草稿,小豆 的鲜食食谱 08/29,NEEDS_REVIEW,小麦胚芽油,FOOD,油脂,生重、充分搅拌,充分搅拌,油/粉/补剂：删除口径词
设计器草稿,燕麦米比目鱼鸭肉,PUBLISHED,胡萝卜,FOOD,熟,去皮、生重、打碎、充分搅拌,去皮、熟重、打碎、充分搅拌,熟档案：生重→熟重
设计器草稿,土豆大米兔,PUBLISHED,红甜椒,FOOD,生,去籽、煮熟后称重、打碎、充分搅拌,去籽、生重、打碎、充分搅拌,生档案：熟制称重→生重
设计器草稿,小豆 的鲜食食谱 08/27,NEEDS_REVIEW,糙米,FOOD,生,煮熟后称重、打碎、充分搅拌,生重、打碎、充分搅拌,生档案：熟制称重→生重
设计器草稿,ID的兔肉定制,PUBLISHED,南瓜,FOOD,生,去瓤、去皮、煮熟后沥水、称重、打碎、充分搅拌,去瓤、去皮、生重、打碎、充分搅拌,自由文本归一、生档案：熟制称重→生重、去掉多余称重
设计器草稿,鸡兔-lp DV 碱,NEEDS_REVIEW,芦笋,FOOD,生,去皮、煮熟后称重、打碎、充分搅拌,去皮、生重、打碎、充分搅拌,生档案：熟制称重→生重
设计器草稿,小豆 的鲜食食谱 08/27,NEEDS_REVIEW,红薯,FOOD,生,去皮、煮熟后称重、打碎、充分搅拌,去皮、生重、打碎、充分搅拌,生档案：熟制称重→生重
设计器草稿,土豆大米兔,PUBLISHED,南瓜,FOOD,熟,去皮、去瓤、生重、打碎、充分搅拌,去皮、去瓤、熟重、打碎、充分搅拌,熟档案：生重→熟重
设计器草稿,ID的兔肉定制,PUBLISHED,小麦胚芽油,FOOD,油脂,生重、充分搅拌,充分搅拌,油/粉/补剂：删除口径词
设计器草稿,ID的兔肉定制,PUBLISHED,上海青,FOOD,生,水煮或焯水后沥干、称重、打碎、充分搅拌,焯水、沥干后称重、打碎、充分搅拌,自由文本归一、去掉多余称重
设计器草稿,idol 的鲜食食谱 07/22,COMPLIANT,南瓜,FOOD,生,去瓤、去皮、煮熟后沥水、称重、打碎、充分搅拌,去瓤、去皮、生重、打碎、充分搅拌,自由文本归一、生档案：熟制称重→生重、去掉多余称重
设计器草稿,idol 的鲜食食谱 07/22,COMPLIANT,西兰花,FOOD,生,打碎、静置30分钟、焯水沥干、称重、充分搅拌,打碎、静置30分钟、焯水、沥干后称重、充分搅拌,自由文本归一、去掉多余称重
设计器草稿,idol 的鲜食食谱 07/22,COMPLIANT,胡萝卜,FOOD,生,煮熟后称重、打碎、充分搅拌,生重、打碎、充分搅拌,生档案：熟制称重→生重
设计器草稿,idol 的鲜食食谱 07/22,COMPLIANT,红薯,FOOD,生,去皮、煮熟后称重、打碎、充分搅拌,去皮、生重、打碎、充分搅拌,生档案：熟制称重→生重
设计器草稿,idol 的鲜食食谱 07/22,COMPLIANT,小麦胚芽油,FOOD,油脂,生重、充分搅拌,充分搅拌,油/粉/补剂：删除口径词
设计器草稿,兔300-lp DV,NEEDS_REVIEW,糙米,FOOD,生,流水冲洗、浸泡60分钟、煮熟后称重、打碎、充分搅拌,流水冲洗、浸泡60分钟、生重、打碎、充分搅拌,生档案：熟制称重→生重
设计器草稿,兔300-lp DV,NEEDS_REVIEW,西兰花,FOOD,生,打碎、静置30分钟、焯水沥干、称重、充分搅拌,打碎、静置30分钟、焯水、沥干后称重、充分搅拌,自由文本归一、去掉多余称重
设计器草稿,兔300-lp DV,NEEDS_REVIEW,芦笋,FOOD,生,去皮、煮熟后称重、打碎、充分搅拌,去皮、生重、打碎、充分搅拌,生档案：熟制称重→生重
设计器草稿,兔300-lp DV,NEEDS_REVIEW,山药,FOOD,生,去皮、煮熟后称重、打碎、充分搅拌,去皮、生重、打碎、充分搅拌,生档案：熟制称重→生重
设计器草稿,灿灿 的鲜食食谱 08/17,COMPLIANT,鲜香菇,FOOD,熟,生重、打碎、充分搅拌,熟重、打碎、充分搅拌,熟档案：生重→熟重
设计器草稿,16oz cod,NEEDS_REVIEW,小米,FOOD,生,浸泡60分钟、煮熟后称重、充分搅拌,浸泡60分钟、生重、充分搅拌,生档案：熟制称重→生重
设计器草稿,燕麦米青花鱼鸭肉,PUBLISHED,紫甘蓝,FOOD,熟,生重、打碎、充分搅拌,熟重、打碎、充分搅拌,熟档案：生重→熟重
设计器草稿,秋葵藜麦米牛肉鸡胸,COMPLIANT,西兰花,FOOD,熟,打碎、静置30分钟、焯水沥干、称重、充分搅拌,熟重、打碎、静置30分钟、焯水、沥干后称重、充分搅拌,自由文本归一、熟档案：补熟重、去掉多余称重
设计器草稿,蹦蹦 的鲜食食谱 07/23,NEEDS_REVIEW,三文鱼,FOOD,熟,去皮、去骨、生重、打碎、充分搅拌,去皮、去骨、熟重、打碎、充分搅拌,熟档案：生重→熟重
设计器草稿,黄十七 的鲜食食谱 08/10,NEEDS_REVIEW,土豆,FOOD,生,去皮、煮熟后称重、打碎、充分搅拌,去皮、生重、打碎、充分搅拌,生档案：熟制称重→生重
设计器草稿,燕麦米青花鱼鸭肉,PUBLISHED,紫甘蓝,FOOD,熟,生重、打碎、充分搅拌,熟重、打碎、充分搅拌,熟档案：生重→熟重
设计器草稿,16oz cod,NEEDS_REVIEW,红薯,FOOD,生,去皮、煮熟后称重、打碎、充分搅拌,去皮、生重、打碎、充分搅拌,生档案：熟制称重→生重
设计器草稿,16oz cod,NEEDS_REVIEW,四季豆,FOOD,生,煮熟后沥水称重、打碎后充分搅拌,生重、打碎、充分搅拌,自由文本归一、生档案：熟制称重→生重
设计器草稿,嗨皮 的鲜食食谱 08/01,COMPLIANT,红甜椒,FOOD,生,去籽、煮熟后称重、打碎、充分搅拌,去籽、生重、打碎、充分搅拌,生档案：熟制称重→生重
设计器草稿,3天/12份 鸡,NEEDS_REVIEW,西兰花,FOOD,生,打碎、静置30分钟、焯水沥干、称重、充分搅拌,打碎、静置30分钟、焯水、沥干后称重、充分搅拌,自由文本归一、去掉多余称重
设计器草稿,秋葵藜麦米牛肉鸡胸,COMPLIANT,秋葵,FOOD,熟,生重、打碎、充分搅拌,熟重、打碎、充分搅拌,熟档案：生重→熟重
设计器草稿,秋葵藜麦米牛肉鸡胸,COMPLIANT,小麦胚芽油,FOOD,油脂,生重、充分搅拌,充分搅拌,油/粉/补剂：删除口径词
设计器草稿,黄十七 的鲜食食谱 08/10,NEEDS_REVIEW,南瓜,FOOD,生,去皮、去瓤、煮熟后称重、打碎、充分搅拌,去皮、去瓤、生重、打碎、充分搅拌,生档案：熟制称重→生重
设计器草稿,秋菊 的鲜食食谱 06/28,COMPLIANT,生蚝,FOOD,熟,去壳、生重、打碎、充分搅拌,去壳、熟重、打碎、充分搅拌,熟档案：生重→熟重
设计器草稿,六六 的鲜食食谱 08/25,NEEDS_REVIEW,糙米,FOOD,生,煮熟后称重、充分搅拌,生重、充分搅拌,生档案：熟制称重→生重
设计器草稿,六六 的鲜食食谱 08/25,NEEDS_REVIEW,芦笋,FOOD,生,去皮、煮熟后称重、打碎、充分搅拌,去皮、生重、打碎、充分搅拌,生档案：熟制称重→生重
设计器草稿,秋菊 的鲜食食谱 06/28,COMPLIANT,亚麻籽,FOOD,干,打粉后充分搅拌,打粉、充分搅拌,自由文本归一
设计器草稿,秋菊 的鲜食食谱 06/28,COMPLIANT,青口贝,FOOD,熟,去壳、生重、打碎、充分搅拌,去壳、熟重、打碎、充分搅拌,熟档案：生重→熟重
设计器草稿,嗨皮 的鲜食食谱 08/01,COMPLIANT,南瓜,FOOD,熟,去皮、去瓤、生重、打碎、充分搅拌,去皮、去瓤、熟重、打碎、充分搅拌,熟档案：生重→熟重
设计器草稿,鸡兔-lp DV,NEEDS_REVIEW,山药,FOOD,生,去皮、煮熟后称重、打碎、充分搅拌,去皮、生重、打碎、充分搅拌,生档案：熟制称重→生重
设计器草稿,燕麦米青花鱼鸭肉,COMPLIANT,紫甘蓝,FOOD,熟,生重、打碎、充分搅拌,熟重、打碎、充分搅拌,熟档案：生重→熟重
设计器草稿,初一 的鲜食食谱 07/24,NEEDS_REVIEW,鸡胸,FOOD,熟,去皮、去骨、生重、打碎、充分搅拌,去皮、去骨、熟重、打碎、充分搅拌,熟档案：生重→熟重
设计器草稿,初一 的鲜食食谱 07/24,NEEDS_REVIEW,猪肝,FOOD,熟,去油、生重、焯水、打碎、充分搅拌,去油、熟重、焯水、打碎、充分搅拌,熟档案：生重→熟重
设计器草稿,初一 的鲜食食谱 07/24,NEEDS_REVIEW,三文鱼,FOOD,熟,去骨、去皮、生重、打碎、充分搅拌,去骨、去皮、熟重、打碎、充分搅拌,熟档案：生重→熟重
设计器草稿,布丁定制食谱,PUBLISHED,西兰花,FOOD,熟,打碎、静置30分钟、焯水沥干、称重、充分搅拌,熟重、打碎、静置30分钟、焯水、沥干后称重、充分搅拌,自由文本归一、熟档案：补熟重、去掉多余称重
设计器草稿,3天/12份 兔,NEEDS_REVIEW,藜麦,FOOD,熟,生重、打粉、充分搅拌,熟重、打粉、充分搅拌,熟档案：生重→熟重
设计器草稿,3天/12份 兔,NEEDS_REVIEW,西兰花,FOOD,生,打碎、静置30分钟、焯水沥干、称重、充分搅拌,打碎、静置30分钟、焯水、沥干后称重、充分搅拌,自由文本归一、去掉多余称重
设计器草稿,3天/12份 兔,NEEDS_REVIEW,南瓜,FOOD,生,去皮、去瓤、煮熟后称重、打碎、充分搅拌,去皮、去瓤、生重、打碎、充分搅拌,生档案：熟制称重→生重
设计器草稿,六六 的鲜食食谱 08/25,NEEDS_REVIEW,红薯,FOOD,生,去皮、煮熟后称重、打碎、充分搅拌,去皮、生重、打碎、充分搅拌,生档案：熟制称重→生重
设计器草稿,燕麦米青花鱼鸭肉(财宝),PUBLISHED,紫甘蓝,FOOD,熟,生重、打碎、充分搅拌,熟重、打碎、充分搅拌,熟档案：生重→熟重
设计器草稿,杠铃 的鲜食食谱 07/25,NEEDS_REVIEW,三文鱼,FOOD,熟,去皮、去骨、生重、打碎、充分搅拌,去皮、去骨、熟重、打碎、充分搅拌,熟档案：生重→熟重
设计器草稿,杠铃 的鲜食食谱 07/25,NEEDS_REVIEW,青口贝,FOOD,熟,去壳、生重、打碎、充分搅拌,去壳、熟重、打碎、充分搅拌,熟档案：生重→熟重
设计器草稿,杠铃 的鲜食食谱 07/25,NEEDS_REVIEW,上海青,FOOD,熟,水煮或焯水后沥干、称重、打碎、充分搅拌,焯水、沥干后称重、熟重、打碎、充分搅拌,自由文本归一、熟档案：补熟重、去掉多余称重
设计器草稿,杠铃 的鲜食食谱 07/25,NEEDS_REVIEW,西兰花,FOOD,熟,生重、打碎、充分搅拌,熟重、打碎、充分搅拌,熟档案：生重→熟重
设计器草稿,六六 的鲜食食谱 08/25,NEEDS_REVIEW,小麦胚芽油,FOOD,油脂,生重、充分搅拌,充分搅拌,油/粉/补剂：删除口径词
设计器草稿,布丁定制食谱,PUBLISHED,姜黄粉,FOOD,粉,生重、充分搅拌,充分搅拌,油/粉/补剂：删除口径词
设计器草稿,六六 的鲜食食谱 08/25,NEEDS_REVIEW,胡萝卜,FOOD,生,煮熟后称重、打碎、充分搅拌,生重、打碎、充分搅拌,生档案：熟制称重→生重
设计器草稿,秋葵藜麦米牛肉鸡胸,PUBLISHED,西兰花,FOOD,熟,打碎、静置30分钟、焯水沥干、称重、充分搅拌,熟重、打碎、静置30分钟、焯水、沥干后称重、充分搅拌,自由文本归一、熟档案：补熟重、去掉多余称重
设计器草稿,秋葵藜麦米牛肉鸡胸,PUBLISHED,秋葵,FOOD,熟,生重、打碎、充分搅拌,熟重、打碎、充分搅拌,熟档案：生重→熟重
设计器草稿,秋菊 的鲜食食谱 07/26,COMPLIANT,亚麻籽,FOOD,干,打粉后充分搅拌,打粉、充分搅拌,自由文本归一
设计器草稿,秋菊 的鲜食食谱 07/26,COMPLIANT,小麦胚芽油,FOOD,油脂,生重、充分搅拌,充分搅拌,油/粉/补剂：删除口径词
设计器草稿,布丁定制食谱,PUBLISHED,大米,FOOD,生,煮熟后称重、打碎、充分搅拌,生重、打碎、充分搅拌,生档案：熟制称重→生重
设计器草稿,鸡胸280-lp DV碱,NEEDS_REVIEW,红甜椒,FOOD,生,去籽、煮熟后称重、打碎、充分搅拌,去籽、生重、打碎、充分搅拌,生档案：熟制称重→生重
设计器草稿,5天/20份 鸡猪-lp,NEEDS_REVIEW,西兰花,FOOD,生,打碎、静置30分钟、焯水沥干、称重、充分搅拌,打碎、静置30分钟、焯水、沥干后称重、充分搅拌,自由文本归一、去掉多余称重
设计器草稿,5天/20份 鸡猪-lp,NEEDS_REVIEW,芦笋,FOOD,生,去皮、煮熟后称重、打碎、充分搅拌,去皮、生重、打碎、充分搅拌,生档案：熟制称重→生重
设计器草稿,迪迪 的鲜食食谱 06/27,NEEDS_REVIEW,花椰菜,FOOD,生,去老梗、焯水后称重、打碎、充分搅拌,去老梗、焯水、沥干后称重、打碎、充分搅拌,自由文本归一
设计器草稿,秋葵藜麦米牛肉鸡胸,PUBLISHED,小麦胚芽油,FOOD,油脂,生重、充分搅拌,充分搅拌,油/粉/补剂：删除口径词
设计器草稿,六六 的鲜食食谱 08/25,NEEDS_REVIEW,西葫芦,FOOD,生,煮熟后称重、打碎、充分搅拌,生重、打碎、充分搅拌,生档案：熟制称重→生重
设计器草稿,六六 的鲜食食谱 08/25,NEEDS_REVIEW,南瓜,FOOD,生,去皮、去瓤、煮熟后称重、打碎、充分搅拌,去皮、去瓤、生重、打碎、充分搅拌,生档案：熟制称重→生重
设计器草稿,小米三文鱼猪里脊(幺鸡),PUBLISHED,小麦胚芽油,FOOD,油脂,生重、充分搅拌,充分搅拌,油/粉/补剂：删除口径词
设计器草稿,燕麦米青花鱼鸭肉(财宝),COMPLIANT,紫甘蓝,FOOD,熟,生重、打碎、充分搅拌,熟重、打碎、充分搅拌,熟档案：生重→熟重
设计器草稿,马？,NEEDS_REVIEW,山药,FOOD,生,去皮、煮熟后称重、打碎、充分搅拌,去皮、生重、打碎、充分搅拌,生档案：熟制称重→生重
设计器草稿,马？,NEEDS_REVIEW,红甜椒,FOOD,生,去籽、煮熟后称重、打碎、充分搅拌,去籽、生重、打碎、充分搅拌,生档案：熟制称重→生重
设计器草稿,马？,NEEDS_REVIEW,亚麻籽,FOOD,干,打粉后充分搅拌,打粉、充分搅拌,自由文本归一
设计器草稿,糙米三文鱼猪里脊(烟花),COMPLIANT,娃娃菜,FOOD,熟,生重、打碎、充分搅拌,熟重、打碎、充分搅拌,熟档案：生重→熟重
设计器草稿,青口贝虾仁鸡胸（幺鸡）,PUBLISHED,上海青,FOOD,生,水煮或焯水后沥干、称重、打碎、充分搅拌,焯水、沥干后称重、打碎、充分搅拌,自由文本归一、去掉多余称重
设计器草稿,青口贝虾仁鸡胸（幺鸡）,PUBLISHED,燕麦米,FOOD,生/干,生重打成粉后、搅拌均匀。,生重、打粉、充分搅拌,自由文本归一
设计器草稿,小米三文鱼猪里脊(幺鸡),PUBLISHED,娃娃菜,FOOD,熟,生重、打碎、充分搅拌,熟重、打碎、充分搅拌,熟档案：生重→熟重
设计器草稿,小米三文鱼猪里脊(幺鸡),PUBLISHED,娃娃菜,FOOD,熟,生重、打碎、充分搅拌,熟重、打碎、充分搅拌,熟档案：生重→熟重
设计器草稿,小米三文鱼猪里脊(幺鸡),PUBLISHED,小麦胚芽油,FOOD,油脂,生重、充分搅拌,充分搅拌,油/粉/补剂：删除口径词
设计器草稿,糙米三文鱼猪里脊(烟花),COMPLIANT,小麦胚芽油,FOOD,油脂,生重、充分搅拌,充分搅拌,油/粉/补剂：删除口径词
设计器草稿,马？,NEEDS_REVIEW,碳酸钙粉,SUPPLEMENT,浓缩补剂,生重、充分搅拌,充分搅拌,油/粉/补剂：删除口径词
设计器草稿,小米三文鱼猪里脊(幺鸡) 低能量需求成年犬（95ME）副本,COMPLIANT,娃娃菜,FOOD,熟,生重、打碎、充分搅拌,熟重、打碎、充分搅拌,熟档案：生重→熟重
设计器草稿,小米三文鱼猪里脊(幺鸡) 低能量需求成年犬（95ME）副本,COMPLIANT,小麦胚芽油,FOOD,油脂,生重、充分搅拌,充分搅拌,油/粉/补剂：删除口径词
设计器草稿,小米三文鱼猪里脊(幺鸡),COMPLIANT,娃娃菜,FOOD,熟,生重、打碎、充分搅拌,熟重、打碎、充分搅拌,熟档案：生重→熟重
设计器草稿,小米三文鱼猪里脊(幺鸡),COMPLIANT,小麦胚芽油,FOOD,油脂,生重、充分搅拌,充分搅拌,油/粉/补剂：删除口径词
设计器草稿,鸡胸半餐-lp DV,NEEDS_REVIEW,糙米,FOOD,生,流水冲洗、浸泡60分钟、煮熟后称重、打碎、充分搅拌,流水冲洗、浸泡60分钟、生重、打碎、充分搅拌,生档案：熟制称重→生重
设计器草稿,布丁定制食谱,DRAFT,西兰花,FOOD,熟,打碎、静置30分钟、焯水沥干、称重、充分搅拌,熟重、打碎、静置30分钟、焯水、沥干后称重、充分搅拌,自由文本归一、熟档案：补熟重、去掉多余称重
设计器草稿,青口贝虾仁鸡胸（幺鸡）,COMPLIANT,燕麦米,FOOD,生/干,生重打成粉后、搅拌均匀。,生重、打粉、充分搅拌,自由文本归一
设计器草稿,百万 的鲜食食谱 07/28,COMPLIANT,鸡胸,FOOD,熟,去皮、去骨、生重、打碎、充分搅拌,去皮、去骨、熟重、打碎、充分搅拌,熟档案：生重→熟重
设计器草稿,百万 的鲜食食谱 07/28,COMPLIANT,鸡肝,FOOD,熟,去油、生重、打碎、充分搅拌,去油、熟重、打碎、充分搅拌,熟档案：生重→熟重
设计器草稿,百万 的鲜食食谱 07/28,COMPLIANT,青花鱼,FOOD,熟,去骨、生重、打碎、充分搅拌,去骨、熟重、打碎、充分搅拌,熟档案：生重→熟重
设计器草稿,百万 的鲜食食谱 07/28,COMPLIANT,青口贝,FOOD,熟,去壳、生重、打碎、充分搅拌,去壳、熟重、打碎、充分搅拌,熟档案：生重→熟重
设计器草稿,青口贝虾仁鸡胸（幺鸡）,COMPLIANT,上海青,FOOD,生,水煮或焯水后沥干、称重、打碎、充分搅拌,焯水、沥干后称重、打碎、充分搅拌,自由文本归一、去掉多余称重
设计器草稿,百万 的鲜食食谱 07/28,COMPLIANT,猪心,FOOD,熟,生重、打碎、充分搅拌,熟重、打碎、充分搅拌,熟档案：生重→熟重
设计器草稿,百万 的鲜食食谱 07/28,COMPLIANT,小米,FOOD,熟,生重、充分搅拌,熟重、充分搅拌,熟档案：生重→熟重
设计器草稿,百万 的鲜食食谱 07/28,COMPLIANT,胡萝卜,FOOD,熟,生重、打碎、充分搅拌,熟重、打碎、充分搅拌,熟档案：生重→熟重
设计器草稿,百万 的鲜食食谱 07/28,COMPLIANT,西兰花,FOOD,熟,打碎、静置30分钟、焯水沥干、称重、充分搅拌,熟重、打碎、静置30分钟、焯水、沥干后称重、充分搅拌,自由文本归一、熟档案：补熟重、去掉多余称重
设计器草稿,百万 的鲜食食谱 07/28,COMPLIANT,鲜香菇,FOOD,熟,生重、打碎、充分搅拌,熟重、打碎、充分搅拌,熟档案：生重→熟重
设计器草稿,初一 的鲜食食谱 07/24,NEEDS_REVIEW,羽衣甘蓝,FOOD,熟,生重、打碎、充分搅拌,熟重、打碎、充分搅拌,熟档案：生重→熟重
设计器草稿,六六 的鲜食食谱 08/25,NEEDS_REVIEW,红薯,FOOD,生,去皮、煮熟后称重、打碎、充分搅拌,去皮、生重、打碎、充分搅拌,生档案：熟制称重→生重
设计器草稿,糙米三文鱼猪里脊(烟花),PUBLISHED,小麦胚芽油,FOOD,油脂,生重、充分搅拌,充分搅拌,油/粉/补剂：删除口径词
设计器草稿,鸡胸半餐-lp DV,NEEDS_REVIEW,山药,FOOD,生,去皮、煮熟后称重、打碎、充分搅拌,去皮、生重、打碎、充分搅拌,生档案：熟制称重→生重
设计器草稿,鸡胸半餐-lp DV,NEEDS_REVIEW,西兰花,FOOD,生,打碎、静置30分钟、焯水沥干、称重、充分搅拌,打碎、静置30分钟、焯水、沥干后称重、充分搅拌,自由文本归一、去掉多余称重
设计器草稿,鸡胸半餐-lp DV,NEEDS_REVIEW,芦笋,FOOD,生,去皮、煮熟后称重、打碎、充分搅拌,去皮、生重、打碎、充分搅拌,生档案：熟制称重→生重
设计器草稿,六六 的鲜食食谱 08/25,NEEDS_REVIEW,胡萝卜,FOOD,生,煮熟后称重、打碎、充分搅拌,生重、打碎、充分搅拌,生档案：熟制称重→生重
设计器草稿,六六 的鲜食食谱 08/25,NEEDS_REVIEW,西兰花,FOOD,生,打碎、静置30分钟、焯水沥干、称重、充分搅拌,打碎、静置30分钟、焯水、沥干后称重、充分搅拌,自由文本归一、去掉多余称重
设计器草稿,夏洛克 的鲜食食谱 07/31,NEEDS_REVIEW,鹿腿肉,FOOD,熟,去油、生重、打碎、充分搅拌,去油、熟重、打碎、充分搅拌,熟档案：生重→熟重
设计器草稿,布丁定制食谱,DRAFT,大米,FOOD,生,煮熟后称重、打碎、充分搅拌,生重、打碎、充分搅拌,生档案：熟制称重→生重
设计器草稿,布丁定制食谱,DRAFT,姜黄粉,FOOD,粉,生重、充分搅拌,充分搅拌,油/粉/补剂：删除口径词
设计器草稿,鸡胸牛肉饭(幺鸡),PUBLISHED,花椰菜,FOOD,熟,生重、打碎、充分搅拌,熟重、打碎、充分搅拌,熟档案：生重→熟重
设计器草稿,迪迪 的鲜食食谱 06/27,NEEDS_REVIEW,秋葵,FOOD,熟,生重、打碎、充分搅拌,熟重、打碎、充分搅拌,熟档案：生重→熟重
设计器草稿,小年 的鲜食食谱 08/25,NEEDS_REVIEW,土豆,FOOD,生,去皮、煮熟后称重、打碎、充分搅拌,去皮、生重、打碎、充分搅拌,生档案：熟制称重→生重
设计器草稿,秋菊 的鲜食食谱 08/02,COMPLIANT,藜麦,FOOD,熟,生重、打粉、充分搅拌,熟重、打粉、充分搅拌,熟档案：生重→熟重
设计器草稿,秋菊 的鲜食食谱 08/02,COMPLIANT,小米,FOOD,生,煮熟后称重、充分搅拌,生重、充分搅拌,生档案：熟制称重→生重
设计器草稿,秋菊 的鲜食食谱 08/02,COMPLIANT,亚麻籽,FOOD,干,打粉后充分搅拌,打粉、充分搅拌,自由文本归一
设计器草稿,小年 的鲜食食谱 08/25,NEEDS_REVIEW,小麦胚芽油,FOOD,油脂,生重、充分搅拌,充分搅拌,油/粉/补剂：删除口径词
设计器草稿,小年 的鲜食食谱 08/25,NEEDS_REVIEW,碳酸钙粉,SUPPLEMENT,浓缩补剂,生重、充分搅拌,充分搅拌,油/粉/补剂：删除口径词
设计器草稿,小年 的鲜食食谱 08/25,NEEDS_REVIEW,大米,FOOD,生,煮熟后称重、打碎、充分搅拌,生重、打碎、充分搅拌,生档案：熟制称重→生重
设计器草稿,小年 的鲜食食谱 08/25,NEEDS_REVIEW,南瓜,FOOD,生,去皮、去瓤、煮熟后称重、打碎、充分搅拌,去皮、去瓤、生重、打碎、充分搅拌,生档案：熟制称重→生重
设计器草稿,3天/12份 兔,NEEDS_REVIEW,芦笋,FOOD,生,去皮、煮熟后称重、打碎、充分搅拌,去皮、生重、打碎、充分搅拌,生档案：熟制称重→生重
设计器草稿,鸭,NEEDS_REVIEW,南瓜,FOOD,生,去瓤、留皮、煮熟后称重、静置30分钟、打碎、充分搅拌,去瓤、留皮、生重、静置30分钟、打碎、充分搅拌,生档案：熟制称重→生重
设计器草稿,糙米三文鱼猪里脊(烟花),PUBLISHED,娃娃菜,FOOD,熟,生重、打碎、充分搅拌,熟重、打碎、充分搅拌,熟档案：生重→熟重
设计器草稿,嗨皮 的鲜食食谱 08/01,COMPLIANT,菠菜,FOOD,熟,焯水、沥干后称重、打碎、充分搅拌,焯水、沥干后称重、熟重、打碎、充分搅拌,熟档案：补熟重
设计器草稿,犇犇 的鲜食食谱 08/03,NEEDS_REVIEW,南瓜,FOOD,生,去皮、去瓤、煮熟后称重、打碎、充分搅拌,去皮、去瓤、生重、打碎、充分搅拌,生档案：熟制称重→生重
设计器草稿,鸡胸牛肉饭(幺鸡),PUBLISHED,小麦胚芽油,FOOD,油脂,生重、充分搅拌,充分搅拌,油/粉/补剂：删除口径词
设计器草稿,3天/12份 鸡,NEEDS_REVIEW,南瓜,FOOD,生,去皮、去瓤、煮熟后称重、打碎、充分搅拌,去皮、去瓤、生重、打碎、充分搅拌,生档案：熟制称重→生重
设计器草稿,鸡胸280-lp DV碱,NEEDS_REVIEW,糙米,FOOD,生,流水冲洗、浸泡60分钟、煮熟后称重、打碎、充分搅拌,流水冲洗、浸泡60分钟、生重、打碎、充分搅拌,生档案：熟制称重→生重
设计器草稿,糙米三文鱼猪里脊(烟花),PUBLISHED,娃娃菜,FOOD,熟,生重、打碎、充分搅拌,熟重、打碎、充分搅拌,熟档案：生重→熟重
设计器草稿,糙米三文鱼猪里脊(烟花),PUBLISHED,小麦胚芽油,FOOD,油脂,生重、充分搅拌,充分搅拌,油/粉/补剂：删除口径词
设计器草稿,小斗 的鲜食食谱 08/12,NEEDS_REVIEW,红甜椒,FOOD,熟,去瓤、生重、打碎、充分搅拌,去瓤、熟重、打碎、充分搅拌,熟档案：生重→熟重
设计器草稿,小豆 的鲜食食谱 08/29,NEEDS_REVIEW,南瓜,FOOD,生,去皮、去瓤、煮熟后称重、打碎、充分搅拌,去皮、去瓤、生重、打碎、充分搅拌,生档案：熟制称重→生重
设计器草稿,十六 的鲜食食谱 08/10,NEEDS_REVIEW,胡萝卜,FOOD,生,煮熟后称重、打碎、充分搅拌,生重、打碎、充分搅拌,生档案：熟制称重→生重
设计器草稿,十六 的鲜食食谱 08/10,NEEDS_REVIEW,紫甘蓝,FOOD,生,煮熟后沥水、打碎、充分搅拌,生重、打碎、充分搅拌,自由文本归一、生档案：熟制称重→生重
设计器草稿,十六 的鲜食食谱 08/10,NEEDS_REVIEW,南瓜,FOOD,生,去皮、去瓤、煮熟后称重、打碎、充分搅拌,去皮、去瓤、生重、打碎、充分搅拌,生档案：熟制称重→生重
设计器草稿,鳕鱼鸡蛋牛肉(路宝),PUBLISHED,燕麦米,FOOD,生/干,生重打成粉后、搅拌均匀。,生重、打粉、充分搅拌,自由文本归一
设计器草稿,鸡胸280-lp DV碱,NEEDS_REVIEW,芦笋,FOOD,生,去皮、煮熟后称重、打碎、充分搅拌,去皮、生重、打碎、充分搅拌,生档案：熟制称重→生重
设计器草稿,鳕鱼鸡蛋牛肉(路宝),PUBLISHED,紫甘蓝,FOOD,熟,生重、打碎、充分搅拌,熟重、打碎、充分搅拌,熟档案：生重→熟重
设计器草稿,十六 的鲜食食谱 08/10,NEEDS_REVIEW,西兰花,FOOD,生,打碎、静置30分钟、焯水沥干、称重、充分搅拌,打碎、静置30分钟、焯水、沥干后称重、充分搅拌,自由文本归一、去掉多余称重
设计器草稿,鸡蛋鱼虾鸭胸(路宝),PUBLISHED,比目鱼,FOOD,生,去皮去骨、生重打碎后、搅拌均匀。,去皮、去骨、生重、打碎、充分搅拌,自由文本归一
设计器草稿,鸡蛋鱼虾鸭胸(路宝),PUBLISHED,南瓜,FOOD,熟,去瓤、去皮、煮熟后沥水、称重、打碎、充分搅拌,去瓤、去皮、煮熟后称重、打碎、充分搅拌,自由文本归一、去掉多余称重
设计器草稿,鸡蛋鱼虾鸭胸(路宝),PUBLISHED,绿豆芽,FOOD,熟,生重、打碎、充分搅拌,熟重、打碎、充分搅拌,熟档案：生重→熟重
设计器草稿,鸡蛋鱼虾鸭胸(路宝),PUBLISHED,花椰菜,FOOD,熟,去老梗、焯水后称重、打碎、充分搅拌,去老梗、焯水、沥干后称重、打碎、充分搅拌,自由文本归一
设计器草稿,鸡胸牛肉饭(幺鸡),PUBLISHED,花椰菜,FOOD,熟,生重、打碎、充分搅拌,熟重、打碎、充分搅拌,熟档案：生重→熟重
设计器草稿,鸡胸牛肉饭(幺鸡),PUBLISHED,小麦胚芽油,FOOD,油脂,生重、充分搅拌,充分搅拌,油/粉/补剂：删除口径词
设计器草稿,鸡肉食谱,COMPLIANT,小米,FOOD,生,煮熟后称重、充分搅拌,生重、充分搅拌,生档案：熟制称重→生重
设计器草稿,鳕鱼鸡蛋牛肉(路宝),COMPLIANT,燕麦米,FOOD,生/干,生重打成粉后、搅拌均匀。,生重、打粉、充分搅拌,自由文本归一
设计器草稿,鳕鱼鸡蛋牛肉(路宝),COMPLIANT,紫甘蓝,FOOD,熟,生重、打碎、充分搅拌,熟重、打碎、充分搅拌,熟档案：生重→熟重
设计器草稿,鸡蛋鱼虾鸭胸(路宝),PUBLISHED,比目鱼,FOOD,生,去皮去骨、生重打碎后、搅拌均匀。,去皮、去骨、生重、打碎、充分搅拌,自由文本归一
设计器草稿,鸡蛋鱼虾鸭胸(路宝),PUBLISHED,绿豆芽,FOOD,熟,生重、打碎、充分搅拌,熟重、打碎、充分搅拌,熟档案：生重→熟重
设计器草稿,鸡蛋鱼虾鸭胸(路宝),PUBLISHED,花椰菜,FOOD,熟,去老梗、焯水后称重、打碎、充分搅拌,去老梗、焯水、沥干后称重、打碎、充分搅拌,自由文本归一
设计器草稿,鸡蛋鱼虾鸭胸(路宝),PUBLISHED,南瓜,FOOD,熟,去瓤、去皮、煮熟后沥水、称重、打碎、充分搅拌,去瓤、去皮、煮熟后称重、打碎、充分搅拌,自由文本归一、去掉多余称重
设计器草稿,鸡蛋鱼虾鸭胸(路宝),COMPLIANT,比目鱼,FOOD,生,去皮去骨、生重打碎后、搅拌均匀。,去皮、去骨、生重、打碎、充分搅拌,自由文本归一
设计器草稿,鸡蛋鱼虾鸭胸(路宝),COMPLIANT,南瓜,FOOD,熟,去瓤、去皮、煮熟后沥水、称重、打碎、充分搅拌,去瓤、去皮、煮熟后称重、打碎、充分搅拌,自由文本归一、去掉多余称重
设计器草稿,鸡蛋鱼虾鸭胸(路宝),COMPLIANT,绿豆芽,FOOD,熟,生重、打碎、充分搅拌,熟重、打碎、充分搅拌,熟档案：生重→熟重
设计器草稿,鸡蛋鱼虾鸭胸(路宝),COMPLIANT,花椰菜,FOOD,熟,去老梗、焯水后称重、打碎、充分搅拌,去老梗、焯水、沥干后称重、打碎、充分搅拌,自由文本归一
设计器草稿,兔里脊大米土豆,NEEDS_REVIEW,大米,FOOD,生,煮熟后称重、打碎、充分搅拌,生重、打碎、充分搅拌,生档案：熟制称重→生重
设计器草稿,兔里脊大米土豆,NEEDS_REVIEW,土豆,FOOD,生,去皮、煮熟后称重、打碎、充分搅拌,去皮、生重、打碎、充分搅拌,生档案：熟制称重→生重
设计器草稿,兔里脊大米土豆,NEEDS_REVIEW,南瓜,FOOD,生,去皮、去瓤、煮熟后称重、打碎、充分搅拌,去皮、去瓤、生重、打碎、充分搅拌,生档案：熟制称重→生重
设计器草稿,兔里脊大米土豆,NEEDS_REVIEW,小麦胚芽油,FOOD,油脂,生重、充分搅拌,充分搅拌,油/粉/补剂：删除口径词
设计器草稿,兔里脊大米土豆,NEEDS_REVIEW,碳酸钙粉,SUPPLEMENT,浓缩补剂,生重、充分搅拌,充分搅拌,油/粉/补剂：删除口径词
设计器草稿,兔里脊大米土豆(小满),PUBLISHED,小麦胚芽油,FOOD,油脂,生重、充分搅拌,充分搅拌,油/粉/补剂：删除口径词
设计器草稿,秋菊 的鲜食食谱 06/28,COMPLIANT,碳酸钙粉,SUPPLEMENT,浓缩补剂,生重、充分搅拌,充分搅拌,油/粉/补剂：删除口径词
设计器草稿,花椰菜糙米鸭肉,COMPLIANT,花椰菜,FOOD,熟,生重、打碎、充分搅拌,熟重、打碎、充分搅拌,熟档案：生重→熟重
设计器草稿,花椰菜糙米鸭肉,COMPLIANT,紫甘蓝,FOOD,熟,生重、打碎、充分搅拌,熟重、打碎、充分搅拌,熟档案：生重→熟重
设计器草稿,兔里脊大米土豆(小满),PUBLISHED,小麦胚芽油,FOOD,油脂,生重、充分搅拌,充分搅拌,油/粉/补剂：删除口径词
设计器草稿,乖乖 的鲜食食谱 08/25,NEEDS_REVIEW,西兰花,FOOD,生,打碎、静置30分钟、焯水沥干、称重、充分搅拌,打碎、静置30分钟、焯水、沥干后称重、充分搅拌,自由文本归一、去掉多余称重
设计器草稿,青花鱼对虾牛肉(财宝),PUBLISHED,紫甘蓝,FOOD,熟,煮熟后沥水、打碎、充分搅拌,煮熟后称重、打碎、充分搅拌,自由文本归一
设计器草稿,青花鱼对虾牛肉(财宝),PUBLISHED,西兰花,FOOD,熟,打碎、静置30分钟、焯水沥干、称重、充分搅拌,熟重、打碎、静置30分钟、焯水、沥干后称重、充分搅拌,自由文本归一、熟档案：补熟重、去掉多余称重
设计器草稿,青花鱼对虾牛肉(财宝),PUBLISHED,绿豆芽,FOOD,熟,生重、打碎、充分搅拌,熟重、打碎、充分搅拌,熟档案：生重→熟重
设计器草稿,青花鱼对虾牛肉(财宝),PUBLISHED,小麦胚芽油,FOOD,油脂,生重、充分搅拌,充分搅拌,油/粉/补剂：删除口径词
设计器草稿,秋菊 的鲜食食谱 08/02,COMPLIANT,碳酸钙粉,SUPPLEMENT,浓缩补剂,生重、充分搅拌,充分搅拌,油/粉/补剂：删除口径词
设计器草稿,鸡肉食谱,COMPLIANT,小麦胚芽油,FOOD,油脂,生重、充分搅拌,充分搅拌,油/粉/补剂：删除口径词
设计器草稿,乖乖 的鲜食食谱 08/25,NEEDS_REVIEW,胡萝卜,FOOD,生,煮熟后称重、打碎、充分搅拌,生重、打碎、充分搅拌,生档案：熟制称重→生重
设计器草稿,乖乖 的鲜食食谱 08/25,NEEDS_REVIEW,南瓜,FOOD,生,去皮、去瓤、煮熟后称重、打碎、充分搅拌,去皮、去瓤、生重、打碎、充分搅拌,生档案：熟制称重→生重
设计器草稿,鸡胸牛肉饭(幺鸡),PUBLISHED,花椰菜,FOOD,熟,生重、打碎、充分搅拌,熟重、打碎、充分搅拌,熟档案：生重→熟重
设计器草稿,鸡胸牛肉饭(幺鸡),PUBLISHED,小麦胚芽油,FOOD,油脂,生重、充分搅拌,充分搅拌,油/粉/补剂：删除口径词
设计器草稿,哈子 的鲜食食谱 08/18,NEEDS_REVIEW,小米,FOOD,生,浸泡60分钟、煮熟后称重、充分搅拌,浸泡60分钟、生重、充分搅拌,生档案：熟制称重→生重
设计器草稿,哈子 的鲜食食谱 08/18,NEEDS_REVIEW,胡萝卜,FOOD,生,煮熟后称重、打碎、充分搅拌,生重、打碎、充分搅拌,生档案：熟制称重→生重
设计器草稿,小豆 的鲜食食谱 08/29,NEEDS_REVIEW,碳酸钙粉,SUPPLEMENT,浓缩补剂,生重、充分搅拌,充分搅拌,油/粉/补剂：删除口径词
设计器草稿,哈子 的鲜食食谱 08/18,NEEDS_REVIEW,西兰花,FOOD,生,打碎、静置30分钟、焯水沥干、称重、充分搅拌,打碎、静置30分钟、焯水、沥干后称重、充分搅拌,自由文本归一、去掉多余称重
设计器草稿,哈子 的鲜食食谱 08/18,NEEDS_REVIEW,南瓜,FOOD,生,去皮、去瓤、煮熟后称重、充分搅拌,去皮、去瓤、生重、充分搅拌,生档案：熟制称重→生重
设计器草稿,鸭肉梨,PUBLISHED,红薯,FOOD,熟,去皮、生重、打碎、充分搅拌,去皮、熟重、打碎、充分搅拌,熟档案：生重→熟重
设计器草稿,迪迪 的鲜食食谱 06/27,NEEDS_REVIEW,胡萝卜,FOOD,生,煮熟后称重、打碎、充分搅拌,生重、打碎、充分搅拌,生档案：熟制称重→生重
设计器草稿,3天/12份 鸡,NEEDS_REVIEW,芦笋,FOOD,生,去皮、煮熟后称重、打碎、充分搅拌,去皮、生重、打碎、充分搅拌,生档案：熟制称重→生重
设计器草稿,鸭肉梨,PUBLISHED,胡萝卜,FOOD,熟,去皮、生重、打碎、充分搅拌,去皮、熟重、打碎、充分搅拌,熟档案：生重→熟重
设计器草稿,鸭肉梨,PUBLISHED,绿豆芽,FOOD,熟,生重、打碎、充分搅拌,熟重、打碎、充分搅拌,熟档案：生重→熟重
设计器草稿,鸡胸280-lp DV,NEEDS_REVIEW,山药,FOOD,生,去皮、煮熟后称重、打碎、充分搅拌,去皮、生重、打碎、充分搅拌,生档案：熟制称重→生重
设计器草稿,鸭,NEEDS_REVIEW,大米,FOOD,生,煮熟后称重、打碎、充分搅拌,生重、打碎、充分搅拌,生档案：熟制称重→生重
设计器草稿,鸭,NEEDS_REVIEW,小米,FOOD,生,煮熟后称重、充分搅拌,生重、充分搅拌,生档案：熟制称重→生重
设计器草稿,鸭肉梨,PUBLISHED,西兰花,FOOD,熟,生重、打碎、充分搅拌,熟重、打碎、充分搅拌,熟档案：生重→熟重
设计器草稿,来福 的鲜食食谱 08/06,COMPLIANT,花椰菜,FOOD,生,去老梗、焯水后称重、打碎、充分搅拌,去老梗、焯水、沥干后称重、打碎、充分搅拌,自由文本归一
设计器草稿,百万 的鲜食食谱 07/28,COMPLIANT,橄榄油,FOOD,油脂,生重、充分搅拌,充分搅拌,油/粉/补剂：删除口径词
设计器草稿,3天/12份 鸡,NEEDS_REVIEW,山药,FOOD,生,去皮、煮熟后称重、打碎、充分搅拌,去皮、生重、打碎、充分搅拌,生档案：熟制称重→生重
设计器草稿,灿灿 的鲜食食谱 08/17,COMPLIANT,西兰花,FOOD,熟,生重、打碎、充分搅拌,熟重、打碎、充分搅拌,熟档案：生重→熟重
设计器草稿,鸡兔-lp DV,NEEDS_REVIEW,芦笋,FOOD,生,去皮、煮熟后称重、打碎、充分搅拌,去皮、生重、打碎、充分搅拌,生档案：熟制称重→生重
设计器草稿,鸡胸牛肉饭(幺鸡),PUBLISHED,花椰菜,FOOD,熟,生重、打碎、充分搅拌,熟重、打碎、充分搅拌,熟档案：生重→熟重
设计器草稿,鸡胸牛肉饭(幺鸡),PUBLISHED,小麦胚芽油,FOOD,油脂,生重、充分搅拌,充分搅拌,油/粉/补剂：删除口径词
设计器草稿,鸭,NEEDS_REVIEW,芦笋,FOOD,生,去皮、煮熟后称重、打碎、充分搅拌,去皮、生重、打碎、充分搅拌,生档案：熟制称重→生重
设计器草稿,牛肉食谱,COMPLIANT,红甜椒,FOOD,生,去籽、煮熟后称重、打碎、充分搅拌,去籽、生重、打碎、充分搅拌,生档案：熟制称重→生重
设计器草稿,牛肉食谱,COMPLIANT,南瓜,FOOD,生,去瓤、去皮、煮熟后沥水、称重、打碎、充分搅拌,去瓤、去皮、生重、打碎、充分搅拌,自由文本归一、生档案：熟制称重→生重、去掉多余称重
设计器草稿,鸡胸牛肉饭(幺鸡),PUBLISHED,花椰菜,FOOD,熟,生重、打碎、充分搅拌,熟重、打碎、充分搅拌,熟档案：生重→熟重
设计器草稿,鸭肉梨,PUBLISHED,白蘑菇,FOOD,熟,生重、打碎、充分搅拌,熟重、打碎、充分搅拌,熟档案：生重→熟重
设计器草稿,莓莓 的鲜食食谱 08/23,NEEDS_REVIEW,土豆,FOOD,生,去皮、煮熟后称重、打碎、充分搅拌,去皮、生重、打碎、充分搅拌,生档案：熟制称重→生重
设计器草稿,灿灿 的鲜食食谱 08/17,COMPLIANT,紫甘蓝,FOOD,熟,生重、打碎、充分搅拌,熟重、打碎、充分搅拌,熟档案：生重→熟重
设计器草稿,鸡胸牛肉饭(幺鸡),PUBLISHED,小麦胚芽油,FOOD,油脂,生重、充分搅拌,充分搅拌,油/粉/补剂：删除口径词
设计器草稿,鸡胸280-lp DV碱,NEEDS_REVIEW,西兰花,FOOD,生,打碎、静置30分钟、焯水沥干、称重、充分搅拌,打碎、静置30分钟、焯水、沥干后称重、充分搅拌,自由文本归一、去掉多余称重
设计器草稿,鸡胸280-lp DV碱,NEEDS_REVIEW,山药,FOOD,生,去皮、煮熟后称重、打碎、充分搅拌,去皮、生重、打碎、充分搅拌,生档案：熟制称重→生重
设计器草稿,5天/20份 鸡猪-lp,NEEDS_REVIEW,大米,FOOD,生,煮熟后称重、打碎、充分搅拌,生重、打碎、充分搅拌,生档案：熟制称重→生重
设计器草稿,5天/20份 鸡猪-lp,NEEDS_REVIEW,小米,FOOD,生,煮熟后称重、充分搅拌,生重、充分搅拌,生档案：熟制称重→生重
设计器草稿,鸡胸300 pj,NEEDS_REVIEW,红薯,FOOD,生,去皮、煮熟后称重、打碎、充分搅拌,去皮、生重、打碎、充分搅拌,生档案：熟制称重→生重
设计器草稿,牛肉食谱,COMPLIANT,西葫芦,FOOD,生,煮熟后称重、打碎、充分搅拌,生重、打碎、充分搅拌,生档案：熟制称重→生重
设计器草稿,鸡胸280-lp DV,NEEDS_REVIEW,糙米,FOOD,生,流水冲洗、浸泡60分钟、煮熟后称重、打碎、充分搅拌,流水冲洗、浸泡60分钟、生重、打碎、充分搅拌,生档案：熟制称重→生重
设计器草稿,莓莓 的鲜食食谱 08/23,NEEDS_REVIEW,胡萝卜,FOOD,生,煮熟后称重、打碎、充分搅拌,生重、打碎、充分搅拌,生档案：熟制称重→生重
设计器草稿,牛肉食谱,COMPLIANT,藜麦,FOOD,熟,生重、打粉、充分搅拌,熟重、打粉、充分搅拌,熟档案：生重→熟重
设计器草稿,兔里脊大米土豆(小满),COMPLIANT,小麦胚芽油,FOOD,油脂,生重、充分搅拌,充分搅拌,油/粉/补剂：删除口径词
设计器草稿,鸡胸280-lp DV,NEEDS_REVIEW,芦笋,FOOD,生,去皮、煮熟后称重、打碎、充分搅拌,去皮、生重、打碎、充分搅拌,生档案：熟制称重→生重
设计器草稿,好久 的鲜食食谱 09/06,COMPLIANT,南瓜,FOOD,生,去皮、去瓤、煮熟后称重、充分搅拌,去皮、去瓤、生重、充分搅拌,生档案：熟制称重→生重
设计器草稿,好久 的鲜食食谱 09/06,COMPLIANT,西兰花,FOOD,生,打碎、静置30分钟、焯水沥干、称重、充分搅拌,打碎、静置30分钟、焯水、沥干后称重、充分搅拌,自由文本归一、去掉多余称重
设计器草稿,好久 的鲜食食谱 09/06,COMPLIANT,胡萝卜,FOOD,生,煮熟后称重、打碎、充分搅拌,生重、打碎、充分搅拌,生档案：熟制称重→生重
设计器草稿,好久 的鲜食食谱 09/06,COMPLIANT,红薯,FOOD,生,去皮、煮熟后称重、打碎、充分搅拌,去皮、生重、打碎、充分搅拌,生档案：熟制称重→生重
设计器草稿,好久 的鲜食食谱 09/06,COMPLIANT,糙米,FOOD,生,煮熟后称重、打碎、充分搅拌,生重、打碎、充分搅拌,生档案：熟制称重→生重
设计器草稿,好久 的鲜食食谱 09/06,COMPLIANT,小麦胚芽油,FOOD,油脂,生重、充分搅拌,充分搅拌,油/粉/补剂：删除口径词
设计器草稿,好久 的鲜食食谱 09/06,COMPLIANT,南瓜,FOOD,生,去皮、去瓤、煮熟后称重、充分搅拌,去皮、去瓤、生重、充分搅拌,生档案：熟制称重→生重
设计器草稿,十字花科全谷物三文鱼鸡肉,DRAFT,鸡心,FOOD,熟,去油、生重、打碎、充分搅拌,去油、熟重、打碎、充分搅拌,熟档案：生重→熟重
设计器草稿,十字花科全谷物三文鱼鸡肉,DRAFT,红薯,FOOD,熟,去皮、生重、打碎、充分搅拌,去皮、熟重、打碎、充分搅拌,熟档案：生重→熟重
设计器草稿,十字花科全谷物三文鱼鸡肉,DRAFT,西兰花,FOOD,熟,生重、打碎、充分搅拌,熟重、打碎、充分搅拌,熟档案：生重→熟重
设计器草稿,十字花科全谷物三文鱼鸡肉,DRAFT,卷心菜,FOOD,熟,生重、打碎、充分搅拌,熟重、打碎、充分搅拌,熟档案：生重→熟重
设计器草稿,十字花科全谷物三文鱼鸡肉,DRAFT,白萝卜,FOOD,熟,去皮、生重、打碎、充分搅拌,去皮、熟重、打碎、充分搅拌,熟档案：生重→熟重
设计器草稿,雪莉 的鲜食食谱 09/11,NEEDS_REVIEW,橄榄油,FOOD,油脂,生重、充分搅拌,充分搅拌,油/粉/补剂：删除口径词
设计器草稿,糙米三文鱼猪里脊(烟花),DRAFT,娃娃菜,FOOD,熟,生重、打碎、充分搅拌,熟重、打碎、充分搅拌,熟档案：生重→熟重
设计器草稿,糙米三文鱼猪里脊(烟花),DRAFT,小麦胚芽油,FOOD,油脂,生重、充分搅拌,充分搅拌,油/粉/补剂：删除口径词
设计器草稿,鸡兔-lp DV,NEEDS_REVIEW,红甜椒,FOOD,生,去籽、煮熟后称重、打碎、充分搅拌,去籽、生重、打碎、充分搅拌,生档案：熟制称重→生重
设计器草稿,牛牛的定制食谱（鸭）20260914,PUBLISHED,花椰菜,FOOD,熟,去老梗、焯水后称重、打碎、充分搅拌,去老梗、焯水、沥干后称重、打碎、充分搅拌,自由文本归一
设计器草稿,牛牛的定制食谱（鸭）20260914,PUBLISHED,白萝卜,FOOD,熟,生重、打碎、静置30分钟、充分搅拌,熟重、打碎、静置30分钟、充分搅拌,熟档案：生重→熟重
设计器草稿,牛牛的定制食谱（鸭）20260914,PUBLISHED,绿豆芽,FOOD,熟,生重、打碎、充分搅拌,熟重、打碎、充分搅拌,熟档案：生重→熟重
设计器草稿,牛牛的定制食谱（鸭）20260914,PUBLISHED,藜麦,FOOD,熟,生重、打碎、充分搅拌,熟重、打碎、充分搅拌,熟档案：生重→熟重
设计器草稿,牛牛的定制食谱（牛）20260914,PUBLISHED,紫甘蓝,FOOD,熟,生重、打碎、充分搅拌,熟重、打碎、充分搅拌,熟档案：生重→熟重
设计器草稿,牛牛的定制食谱（牛）20260914,PUBLISHED,红甜椒,FOOD,熟,去瓤、生重、打碎、充分搅拌,去瓤、熟重、打碎、充分搅拌,熟档案：生重→熟重
设计器草稿,牛牛的定制食谱（牛）20260914,PUBLISHED,南瓜,FOOD,熟,去皮、去瓤、生重、打碎、充分搅拌,去皮、去瓤、熟重、打碎、充分搅拌,熟档案：生重→熟重
设计器草稿,牛牛的定制食谱（牛）20260914,PUBLISHED,白蘑菇,FOOD,熟,生重、打碎、充分搅拌,熟重、打碎、充分搅拌,熟档案：生重→熟重
设计器草稿,牛牛的定制食谱（兔）20260914,PUBLISHED,娃娃菜,FOOD,熟,生重、打碎、充分搅拌,熟重、打碎、充分搅拌,熟档案：生重→熟重
设计器草稿,牛牛的定制食谱（兔）20260914,PUBLISHED,小米,FOOD,熟,生重、打碎、充分搅拌,熟重、打碎、充分搅拌,熟档案：生重→熟重
设计器草稿,牛牛的定制食谱（兔）20260914,PUBLISHED,四季豆,FOOD,熟,煮熟后沥水称重、打碎后充分搅拌,煮熟后称重、打碎、充分搅拌,自由文本归一
设计器草稿,牛牛的定制食谱（兔）20260914,PUBLISHED,鲜香菇,FOOD,熟,生重、打碎、充分搅拌,熟重、打碎、充分搅拌,熟档案：生重→熟重
设计器草稿,牛牛的定制食谱（牛）20260914,DRAFT,紫甘蓝,FOOD,熟,生重、打碎、充分搅拌,熟重、打碎、充分搅拌,熟档案：生重→熟重
设计器草稿,牛牛的定制食谱（牛）20260914,DRAFT,红甜椒,FOOD,熟,去瓤、生重、打碎、充分搅拌,去瓤、熟重、打碎、充分搅拌,熟档案：生重→熟重
设计器草稿,牛牛的定制食谱（牛）20260914,DRAFT,南瓜,FOOD,熟,去皮、去瓤、生重、打碎、充分搅拌,去皮、去瓤、熟重、打碎、充分搅拌,熟档案：生重→熟重
设计器草稿,牛牛的定制食谱（牛）20260914,DRAFT,白蘑菇,FOOD,熟,生重、打碎、充分搅拌,熟重、打碎、充分搅拌,熟档案：生重→熟重
设计器草稿,牛牛的定制食谱（鸭）20260914,DRAFT,藜麦,FOOD,熟,生重、打碎、充分搅拌,熟重、打碎、充分搅拌,熟档案：生重→熟重
设计器草稿,牛牛的定制食谱（鸭）20260914,DRAFT,花椰菜,FOOD,熟,去老梗、焯水后称重、打碎、充分搅拌,去老梗、焯水、沥干后称重、打碎、充分搅拌,自由文本归一
设计器草稿,牛牛的定制食谱（鸭）20260914,DRAFT,白萝卜,FOOD,熟,生重、打碎、静置30分钟、充分搅拌,熟重、打碎、静置30分钟、充分搅拌,熟档案：生重→熟重
设计器草稿,牛牛的定制食谱（鸭）20260914,DRAFT,绿豆芽,FOOD,熟,生重、打碎、充分搅拌,熟重、打碎、充分搅拌,熟档案：生重→熟重
设计器草稿,鸡胸280-lp DV,NEEDS_REVIEW,西兰花,FOOD,生,打碎、静置30分钟、焯水沥干、称重、充分搅拌,打碎、静置30分钟、焯水、沥干后称重、充分搅拌,自由文本归一、去掉多余称重
设计器草稿,牛牛的定制食谱（兔）20260914,PUBLISHED,小米,FOOD,熟,生重、打碎、充分搅拌,熟重、打碎、充分搅拌,熟档案：生重→熟重
设计器草稿,牛牛的定制食谱（兔）20260914,PUBLISHED,娃娃菜,FOOD,熟,生重、打碎、充分搅拌,熟重、打碎、充分搅拌,熟档案：生重→熟重
设计器草稿,牛牛的定制食谱（兔）20260914,PUBLISHED,四季豆,FOOD,熟,煮熟后沥水称重、打碎后充分搅拌,煮熟后称重、打碎、充分搅拌,自由文本归一
设计器草稿,牛牛的定制食谱（兔）20260914,PUBLISHED,鲜香菇,FOOD,熟,生重、打碎、充分搅拌,熟重、打碎、充分搅拌,熟档案：生重→熟重