来源,食谱,原料,原料类别,类型,营养状态,营养状态名,当前制备方法,问题数,最高严重度,问题类型,说明,建议修法
正式食谱,（咖喱定制）创伤恢复+红胡子,猪里脊,畜肉类及制品,FOOD,(无档案),,"a6409a79-402b-41d1-bfe1-031a67da0876, dd27baa4-36cb-4405-9092-0eb37e6160fa, 7aa01a87-e4d5-4e3b-b4cf-e4634b303853, af4c8a9c-98bf-4f91-ab07-4927aae2c4c2",2,高,E1 无营养档案 + B1 机器码残留,该原料没有营养档案：生熟状态为空、无法按档案核算营养；文案存的是字典 ID（接口会解析成中文，不显示乱码），但存储形式脆弱：字典缺项就会异常，且会掩盖「无营养档案」等问题,补营养档案映射；按字典还原为标准词（18/19 可确定性还原）
正式食谱,（咖喱定制）创伤恢复+红胡子,鸡蛋,蛋类及制品,FOOD,(无档案),,"e7f1e345-6aee-4274-9c81-b2463dae82df, 81263f8d-49db-4f56-8607-fe9d1c6e61ce, dd27baa4-36cb-4405-9092-0eb37e6160fa, af4c8a9c-98bf-4f91-ab07-4927aae2c4c2",2,高,E1 无营养档案 + B1 机器码残留,该原料没有营养档案：生熟状态为空、无法按档案核算营养；文案存的是字典 ID（接口会解析成中文，不显示乱码），但存储形式脆弱：字典缺项就会异常，且会掩盖「无营养档案」等问题,补营养档案映射；按字典还原为标准词（18/19 可确定性还原）
正式食谱,（咖喱定制）创伤恢复+红胡子,三文鱼,水产类,FOOD,(无档案),,"a8f50f30-16f8-4c18-a216-e9ed0a6d4f65, a8ba4629-0933-4427-a537-5febbee5ed48, dd27baa4-36cb-4405-9092-0eb37e6160fa, 7aa01a87-e4d5-4e3b-b4cf-e4634b303853, af4c8a9c-98bf-4f91-ab07-4927aae2c4c2",2,高,E1 无营养档案 + B1 机器码残留,该原料没有营养档案：生熟状态为空、无法按档案核算营养；文案存的是字典 ID（接口会解析成中文，不显示乱码），但存储形式脆弱：字典缺项就会异常，且会掩盖「无营养档案」等问题,补营养档案映射；按字典还原为标准词（18/19 可确定性还原）
正式食谱,（咖喱定制）创伤恢复+红胡子,牛肝,畜肉类及制品,FOOD,(无档案),,"a6409a79-402b-41d1-bfe1-031a67da0876, dd27baa4-36cb-4405-9092-0eb37e6160fa, 7aa01a87-e4d5-4e3b-b4cf-e4634b303853, af4c8a9c-98bf-4f91-ab07-4927aae2c4c2",2,高,E1 无营养档案 + B1 机器码残留,该原料没有营养档案：生熟状态为空、无法按档案核算营养；文案存的是字典 ID（接口会解析成中文，不显示乱码），但存储形式脆弱：字典缺项就会异常，且会掩盖「无营养档案」等问题,补营养档案映射；按字典还原为标准词（18/19 可确定性还原）
正式食谱,（咖喱定制）创伤恢复+红胡子,糙米,谷类及制品,FOOD,(无档案),,"39b36568-24f1-4b20-b8ef-61ce023d568d, af4c8a9c-98bf-4f91-ab07-4927aae2c4c2",3,高,E1 无营养档案 + B1 机器码残留 + A4 同原料口径不一致,该原料没有营养档案：生熟状态为空、无法按档案核算营养；文案存的是字典 ID（接口会解析成中文，不显示乱码），但存储形式脆弱：字典缺项就会异常，且会掩盖「无营养档案」等问题；该原料在不同食谱里既写过生重又写过熟重,补营养档案映射；按字典还原为标准词（18/19 可确定性还原）；统一口径
正式食谱,（咖喱定制）创伤恢复+红胡子,燕麦,谷类及制品,FOOD,(无档案),,"dd27baa4-36cb-4405-9092-0eb37e6160fa, df60590f-a697-4897-ab08-1322e2287268, af4c8a9c-98bf-4f91-ab07-4927aae2c4c2",2,高,E1 无营养档案 + B1 机器码残留,该原料没有营养档案：生熟状态为空、无法按档案核算营养；文案存的是字典 ID（接口会解析成中文，不显示乱码），但存储形式脆弱：字典缺项就会异常，且会掩盖「无营养档案」等问题,补营养档案映射；按字典还原为标准词（18/19 可确定性还原）
正式食谱,（咖喱定制）创伤恢复+红胡子,红薯,薯类及制品,FOOD,(无档案),,"a8ba4629-0933-4427-a537-5febbee5ed48, 39b36568-24f1-4b20-b8ef-61ce023d568d, 7aa01a87-e4d5-4e3b-b4cf-e4634b303853, af4c8a9c-98bf-4f91-ab07-4927aae2c4c2",3,高,E1 无营养档案 + B1 机器码残留 + A4 同原料口径不一致,该原料没有营养档案：生熟状态为空、无法按档案核算营养；文案存的是字典 ID（接口会解析成中文，不显示乱码），但存储形式脆弱：字典缺项就会异常，且会掩盖「无营养档案」等问题；该原料在不同食谱里既写过生重又写过熟重,补营养档案映射；按字典还原为标准词（18/19 可确定性还原）；统一口径
正式食谱,（咖喱定制）创伤恢复+红胡子,胡萝卜,蔬菜类及制品,FOOD,(无档案),,"39b36568-24f1-4b20-b8ef-61ce023d568d, 7aa01a87-e4d5-4e3b-b4cf-e4634b303853, af4c8a9c-98bf-4f91-ab07-4927aae2c4c2",3,高,E1 无营养档案 + B1 机器码残留 + A4 同原料口径不一致,该原料没有营养档案：生熟状态为空、无法按档案核算营养；文案存的是字典 ID（接口会解析成中文，不显示乱码），但存储形式脆弱：字典缺项就会异常，且会掩盖「无营养档案」等问题；该原料在不同食谱里既写过生重又写过熟重,补营养档案映射；按字典还原为标准词（18/19 可确定性还原）；统一口径
正式食谱,（咖喱定制）创伤恢复+红胡子,西兰花,蔬菜类及制品,FOOD,(无档案),,"5faa5c79-f01f-4f45-876c-57cceb1b9db0, a54a1be3-e846-4439-a316-95d77b4a016a, 7aa01a87-e4d5-4e3b-b4cf-e4634b303853, af4c8a9c-98bf-4f91-ab07-4927aae2c4c2",3,高,E1 无营养档案 + B1 机器码残留 + A4 同原料口径不一致,该原料没有营养档案：生熟状态为空、无法按档案核算营养；文案存的是字典 ID（接口会解析成中文，不显示乱码），但存储形式脆弱：字典缺项就会异常，且会掩盖「无营养档案」等问题；该原料在不同食谱里既写过生重又写过熟重,补营养档案映射；按字典还原为标准词（18/19 可确定性还原）；统一口径
正式食谱,（咖喱定制）创伤恢复+红胡子,白蘑菇,菌藻类,FOOD,(无档案),,"dd27baa4-36cb-4405-9092-0eb37e6160fa, 7aa01a87-e4d5-4e3b-b4cf-e4634b303853, af4c8a9c-98bf-4f91-ab07-4927aae2c4c2",2,高,E1 无营养档案 + B1 机器码残留,该原料没有营养档案：生熟状态为空、无法按档案核算营养；文案存的是字典 ID（接口会解析成中文，不显示乱码），但存储形式脆弱：字典缺项就会异常，且会掩盖「无营养档案」等问题,补营养档案映射；按字典还原为标准词（18/19 可确定性还原）
正式食谱,（咖喱定制）创伤恢复+红胡子,小麦胚芽油,油脂类,FOOD,(无档案),,"dd27baa4-36cb-4405-9092-0eb37e6160fa, af4c8a9c-98bf-4f91-ab07-4927aae2c4c2",2,高,E1 无营养档案 + B1 机器码残留,该原料没有营养档案：生熟状态为空、无法按档案核算营养；文案存的是字典 ID（接口会解析成中文，不显示乱码），但存储形式脆弱：字典缺项就会异常，且会掩盖「无营养档案」等问题,补营养档案映射；按字典还原为标准词（18/19 可确定性还原）
正式食谱,（咖喱定制）创伤恢复+红胡子,姜黄粉,调味品类,FOOD,(无档案),,"dd27baa4-36cb-4405-9092-0eb37e6160fa, af4c8a9c-98bf-4f91-ab07-4927aae2c4c2",2,高,E1 无营养档案 + B1 机器码残留,该原料没有营养档案：生熟状态为空、无法按档案核算营养；文案存的是字典 ID（接口会解析成中文，不显示乱码），但存储形式脆弱：字典缺项就会异常，且会掩盖「无营养档案」等问题,补营养档案映射；按字典还原为标准词（18/19 可确定性还原）
正式食谱,（咖喱定制）创伤恢复+红胡子,食用盐,调味品类,FOOD,(无档案),,"dd27baa4-36cb-4405-9092-0eb37e6160fa, af4c8a9c-98bf-4f91-ab07-4927aae2c4c2",2,高,E1 无营养档案 + B1 机器码残留,该原料没有营养档案：生熟状态为空、无法按档案核算营养；文案存的是字典 ID（接口会解析成中文，不显示乱码），但存储形式脆弱：字典缺项就会异常，且会掩盖「无营养档案」等问题,补营养档案映射；按字典还原为标准词（18/19 可确定性还原）
正式食谱,（咖喱定制）创伤恢复+红胡子,鸡蛋壳粉,乳类及制品,SUPPLEMENT,(无档案),,"dd27baa4-36cb-4405-9092-0eb37e6160fa, af4c8a9c-98bf-4f91-ab07-4927aae2c4c2",2,高,E1 无营养档案 + B1 机器码残留,该原料没有营养档案：生熟状态为空、无法按档案核算营养；文案存的是字典 ID（接口会解析成中文，不显示乱码），但存储形式脆弱：字典缺项就会异常，且会掩盖「无营养档案」等问题,补营养档案映射；按字典还原为标准词（18/19 可确定性还原）
正式食谱,（咖喱定制）创伤恢复+红胡子,葡萄糖酸锌片,乳类及制品,SUPPLEMENT,(无档案),,"df60590f-a697-4897-ab08-1322e2287268, af4c8a9c-98bf-4f91-ab07-4927aae2c4c2",2,高,E1 无营养档案 + B1 机器码残留,该原料没有营养档案：生熟状态为空、无法按档案核算营养；文案存的是字典 ID（接口会解析成中文，不显示乱码），但存储形式脆弱：字典缺项就会异常，且会掩盖「无营养档案」等问题,补营养档案映射；按字典还原为标准词（18/19 可确定性还原）
正式食谱,（咖喱定制）创伤恢复+红胡子,海藻粉,乳类及制品,SUPPLEMENT,(无档案),,af4c8a9c-98bf-4f91-ab07-4927aae2c4c2,2,高,E1 无营养档案 + B1 机器码残留,该原料没有营养档案：生熟状态为空、无法按档案核算营养；文案存的是字典 ID（接口会解析成中文，不显示乱码），但存储形式脆弱：字典缺项就会异常，且会掩盖「无营养档案」等问题,补营养档案映射；按字典还原为标准词（18/19 可确定性还原）
正式食谱,16oz cod,鳕鱼颈背肉,水产类,FOOD,RAW,生,(空),1,高,B3 文案为空,没有任何制备/称重说明,按原料+档案状态补全标准文案
正式食谱,16oz cod,紫薯,蔬菜类及制品,FOOD,RAW,生,去皮、煮熟后称重,1,高,A2 生档案却写熟重,营养数据是生食口径，却让按熟重称量,先定规则：改文案或改档案
正式食谱,5.25天/21份 副本,紫薯,蔬菜类及制品,FOOD,RAW,生,(空),1,高,B3 文案为空,没有任何制备/称重说明,按原料+档案状态补全标准文案
正式食谱,5.75天/23份 猪里脊400,紫薯,蔬菜类及制品,FOOD,RAW,生,(空),1,高,B3 文案为空,没有任何制备/称重说明,按原料+档案状态补全标准文案
正式食谱,525 的鲜食食谱 06/16,金针菇,菌藻类,FOOD,RAW,生,(空),1,高,B3 文案为空,没有任何制备/称重说明,按原料+档案状态补全标准文案
正式食谱,6.75天/27份 猪里脊420,糙米,谷类及制品,FOOD,RAW,生,煮熟后称重、充分搅拌,2,高,A2 生档案却写熟重 + A4 同原料口径不一致,营养数据是生食口径，却让按熟重称量；该原料在不同食谱里既写过生重又写过熟重,先定规则：改文案或改档案；统一口径
正式食谱,6.75天/27份 猪里脊420,紫薯,蔬菜类及制品,FOOD,RAW,生,(空),1,高,B3 文案为空,没有任何制备/称重说明,按原料+档案状态补全标准文案
正式食谱,6.75天/27份✅鸡猪,鸭胗,禽肉类及制品,FOOD,RAW,生,(空),1,高,B3 文案为空,没有任何制备/称重说明,按原料+档案状态补全标准文案
正式食谱,6.75天/27份✅鸡猪,黑米,谷类及制品,FOOD,raw,生/干,煮熟后打碎,3,高,D1 状态枚举不规范 + B5 非标准词 + A2b 生档案却写熟制步骤,营养档案状态写成「raw」，小写/非标准值会让所有语义校验静默失效；自由文本：煮熟后打碎；档案用生数据，步骤却含焯水/蒸煮,把状态枚举归一为 RAW/COOKED 等标准值；归入受控词表或补进字典；确认是口径写错还是档案选错
正式食谱,6.75天/27份✅鸡猪,紫薯,蔬菜类及制品,FOOD,RAW,生,(空),1,高,B3 文案为空,没有任何制备/称重说明,按原料+档案状态补全标准文案
正式食谱,6天/24份 鸡胸300+30kcal/天,鸭胗,禽肉类及制品,FOOD,RAW,生,(空),1,高,B3 文案为空,没有任何制备/称重说明,按原料+档案状态补全标准文案
正式食谱,6天/24份 鸡胸300+30kcal/天,紫薯,蔬菜类及制品,FOOD,RAW,生,(空),1,高,B3 文案为空,没有任何制备/称重说明,按原料+档案状态补全标准文案
正式食谱,derder 夏季鲜食食谱,冬瓜,蔬菜类及制品,FOOD,RAW,生,(空),1,高,B3 文案为空,没有任何制备/称重说明,按原料+档案状态补全标准文案
正式食谱,derder 夏季鲜食食谱,小米,谷类及制品,FOOD,RAW,生,煮熟后称重、充分搅拌,2,高,A2 生档案却写熟重 + A4 同原料口径不一致,营养数据是生食口径，却让按熟重称量；该原料在不同食谱里既写过生重又写过熟重,先定规则：改文案或改档案；统一口径
正式食谱,derder 夏季鲜食食谱,香菜,蔬菜类及制品,FOOD,RAW,生,(空),1,高,B3 文案为空,没有任何制备/称重说明,按原料+档案状态补全标准文案
正式食谱,derder 的鲜食食谱 07/21,冬瓜,蔬菜类及制品,FOOD,RAW,生,(空),1,高,B3 文案为空,没有任何制备/称重说明,按原料+档案状态补全标准文案
正式食谱,derder 的鲜食食谱 07/21,小米,谷类及制品,FOOD,RAW,生,煮熟后称重、充分搅拌,2,高,A2 生档案却写熟重 + A4 同原料口径不一致,营养数据是生食口径，却让按熟重称量；该原料在不同食谱里既写过生重又写过熟重,先定规则：改文案或改档案；统一口径
正式食谱,Dobby 的鲜食食谱 06/15,南瓜,蔬菜类及制品,FOOD,RAW,生,去瓤、去皮、煮熟后沥水、称重、打碎、充分搅拌,3,高,B5 非标准词 + A2 生档案却写熟重 + A4 同原料口径不一致,自由文本：煮熟后沥水 / 称重；营养数据是生食口径，却让按熟重称量；该原料在不同食谱里既写过生重又写过熟重,归入受控词表或补进字典；先定规则：改文案或改档案；统一口径
正式食谱,Foxy的鸭胸食谱,胡萝卜,蔬菜类及制品,FOOD,COOKED,熟,去皮、生重、打碎、充分搅拌,2,高,A1 熟档案却写生重 + A4 同原料口径不一致,营养数据是熟食口径，却让按生重称量；该原料在不同食谱里既写过生重又写过熟重,文案改「熟重」或「煮熟后称重」；统一口径
正式食谱,Foxy的鸭胸食谱,黑米,谷类及制品,FOOD,cooked,熟/米饭,煮熟后打碎,3,高,D1 状态枚举不规范 + B5 非标准词 + A3 熟档案未写口径,营养档案状态写成「cooked」，小写/非标准值会让所有语义校验静默失效；自由文本：煮熟后打碎；没写按生重还是熟重称量,把状态枚举归一为 RAW/COOKED 等标准值；归入受控词表或补进字典；补「熟重」
正式食谱,Foxy的鸭胸食谱,白蘑菇,菌藻类,FOOD,COOKED,熟,生重、打碎、充分搅拌,1,高,A1 熟档案却写生重,营养数据是熟食口径，却让按生重称量,文案改「熟重」或「煮熟后称重」
正式食谱,harley 的鲜食食谱 08/09,鸡胗,禽肉类及制品,FOOD,COOKED,熟,(空),2,高,B3 文案为空 + A3 熟档案未写口径,没有任何制备/称重说明；没写按生重还是熟重称量,按原料+档案状态补全标准文案；补「熟重」
正式食谱,ID的兔肉定制,南瓜,蔬菜类及制品,FOOD,RAW,生,去瓤、去皮、煮熟后沥水、称重、打碎、充分搅拌,3,高,B5 非标准词 + A2 生档案却写熟重 + A4 同原料口径不一致,自由文本：煮熟后沥水 / 称重；营养数据是生食口径，却让按熟重称量；该原料在不同食谱里既写过生重又写过熟重,归入受控词表或补进字典；先定规则：改文案或改档案；统一口径
正式食谱,Lucky 定制食谱,猪里脊,畜肉类及制品,FOOD,(无档案),,"a6409a79-402b-41d1-bfe1-031a67da0876, dd27baa4-36cb-4405-9092-0eb37e6160fa, 7aa01a87-e4d5-4e3b-b4cf-e4634b303853, af4c8a9c-98bf-4f91-ab07-4927aae2c4c2",2,高,E1 无营养档案 + B1 机器码残留,该原料没有营养档案：生熟状态为空、无法按档案核算营养；文案存的是字典 ID（接口会解析成中文，不显示乱码），但存储形式脆弱：字典缺项就会异常，且会掩盖「无营养档案」等问题,补营养档案映射；按字典还原为标准词（18/19 可确定性还原）
正式食谱,Lucky 定制食谱,猪里脊,畜肉类及制品,FOOD,(无档案),,"a6409a79-402b-41d1-bfe1-031a67da0876, dd27baa4-36cb-4405-9092-0eb37e6160fa, 7aa01a87-e4d5-4e3b-b4cf-e4634b303853, af4c8a9c-98bf-4f91-ab07-4927aae2c4c2",2,高,E1 无营养档案 + B1 机器码残留,该原料没有营养档案：生熟状态为空、无法按档案核算营养；文案存的是字典 ID（接口会解析成中文，不显示乱码），但存储形式脆弱：字典缺项就会异常，且会掩盖「无营养档案」等问题,补营养档案映射；按字典还原为标准词（18/19 可确定性还原）
正式食谱,Lucky 定制食谱,猪肝,畜肉类及制品,FOOD,(无档案),,"a6409a79-402b-41d1-bfe1-031a67da0876, dd27baa4-36cb-4405-9092-0eb37e6160fa, 7ac2b49e-63fc-4cfa-b48d-6e0b0681958d, 7aa01a87-e4d5-4e3b-b4cf-e4634b303853, af4c8a9c-98bf-4f91-ab07-4927aae2c4c2",2,高,E1 无营养档案 + B1 机器码残留,该原料没有营养档案：生熟状态为空、无法按档案核算营养；文案存的是字典 ID（接口会解析成中文，不显示乱码），但存储形式脆弱：字典缺项就会异常，且会掩盖「无营养档案」等问题,补营养档案映射；按字典还原为标准词（18/19 可确定性还原）
正式食谱,Lucky 定制食谱,猪肝,畜肉类及制品,FOOD,(无档案),,"a6409a79-402b-41d1-bfe1-031a67da0876, dd27baa4-36cb-4405-9092-0eb37e6160fa, 7ac2b49e-63fc-4cfa-b48d-6e0b0681958d, 7aa01a87-e4d5-4e3b-b4cf-e4634b303853, af4c8a9c-98bf-4f91-ab07-4927aae2c4c2",2,高,E1 无营养档案 + B1 机器码残留,该原料没有营养档案：生熟状态为空、无法按档案核算营养；文案存的是字典 ID（接口会解析成中文，不显示乱码），但存储形式脆弱：字典缺项就会异常，且会掩盖「无营养档案」等问题,补营养档案映射；按字典还原为标准词（18/19 可确定性还原）
正式食谱,Lucky 定制食谱,青花鱼,水产类,FOOD,(无档案),,"a8f50f30-16f8-4c18-a216-e9ed0a6d4f65, dd27baa4-36cb-4405-9092-0eb37e6160fa, 7aa01a87-e4d5-4e3b-b4cf-e4634b303853, af4c8a9c-98bf-4f91-ab07-4927aae2c4c2",2,高,E1 无营养档案 + B1 机器码残留,该原料没有营养档案：生熟状态为空、无法按档案核算营养；文案存的是字典 ID（接口会解析成中文，不显示乱码），但存储形式脆弱：字典缺项就会异常，且会掩盖「无营养档案」等问题,补营养档案映射；按字典还原为标准词（18/19 可确定性还原）
正式食谱,Lucky 定制食谱,青花鱼,水产类,FOOD,(无档案),,"a8f50f30-16f8-4c18-a216-e9ed0a6d4f65, dd27baa4-36cb-4405-9092-0eb37e6160fa, 7aa01a87-e4d5-4e3b-b4cf-e4634b303853, af4c8a9c-98bf-4f91-ab07-4927aae2c4c2",2,高,E1 无营养档案 + B1 机器码残留,该原料没有营养档案：生熟状态为空、无法按档案核算营养；文案存的是字典 ID（接口会解析成中文，不显示乱码），但存储形式脆弱：字典缺项就会异常，且会掩盖「无营养档案」等问题,补营养档案映射；按字典还原为标准词（18/19 可确定性还原）
正式食谱,Lucky 定制食谱,生蚝,水产类,FOOD,(无档案),,"e7f1e345-6aee-4274-9c81-b2463dae82df, dd27baa4-36cb-4405-9092-0eb37e6160fa, 7ac2b49e-63fc-4cfa-b48d-6e0b0681958d, 7aa01a87-e4d5-4e3b-b4cf-e4634b303853, af4c8a9c-98bf-4f91-ab07-4927aae2c4c2",2,高,E1 无营养档案 + B1 机器码残留,该原料没有营养档案：生熟状态为空、无法按档案核算营养；文案存的是字典 ID（接口会解析成中文，不显示乱码），但存储形式脆弱：字典缺项就会异常，且会掩盖「无营养档案」等问题,补营养档案映射；按字典还原为标准词（18/19 可确定性还原）
正式食谱,Lucky 定制食谱,生蚝,水产类,FOOD,(无档案),,"e7f1e345-6aee-4274-9c81-b2463dae82df, dd27baa4-36cb-4405-9092-0eb37e6160fa, 7ac2b49e-63fc-4cfa-b48d-6e0b0681958d, 7aa01a87-e4d5-4e3b-b4cf-e4634b303853, af4c8a9c-98bf-4f91-ab07-4927aae2c4c2",2,高,E1 无营养档案 + B1 机器码残留,该原料没有营养档案：生熟状态为空、无法按档案核算营养；文案存的是字典 ID（接口会解析成中文，不显示乱码），但存储形式脆弱：字典缺项就会异常，且会掩盖「无营养档案」等问题,补营养档案映射；按字典还原为标准词（18/19 可确定性还原）
正式食谱,Lucky 定制食谱,小米,谷类及制品,FOOD,(无档案),,"d7700de4-1e3a-4c63-a95a-f2b7f86cc4f2, 39b36568-24f1-4b20-b8ef-61ce023d568d, af4c8a9c-98bf-4f91-ab07-4927aae2c4c2",3,高,E1 无营养档案 + B1 机器码残留 + A4 同原料口径不一致,该原料没有营养档案：生熟状态为空、无法按档案核算营养；文案存的是字典 ID（接口会解析成中文，不显示乱码），但存储形式脆弱：字典缺项就会异常，且会掩盖「无营养档案」等问题；该原料在不同食谱里既写过生重又写过熟重,补营养档案映射；按字典还原为标准词（18/19 可确定性还原）；统一口径
正式食谱,Lucky 定制食谱,小米,谷类及制品,FOOD,(无档案),,"d7700de4-1e3a-4c63-a95a-f2b7f86cc4f2, 39b36568-24f1-4b20-b8ef-61ce023d568d, af4c8a9c-98bf-4f91-ab07-4927aae2c4c2",3,高,E1 无营养档案 + B1 机器码残留 + A4 同原料口径不一致,该原料没有营养档案：生熟状态为空、无法按档案核算营养；文案存的是字典 ID（接口会解析成中文，不显示乱码），但存储形式脆弱：字典缺项就会异常，且会掩盖「无营养档案」等问题；该原料在不同食谱里既写过生重又写过熟重,补营养档案映射；按字典还原为标准词（18/19 可确定性还原）；统一口径
正式食谱,Lucky 定制食谱,山药,薯类及制品,FOOD,(无档案),,"a8ba4629-0933-4427-a537-5febbee5ed48, 39b36568-24f1-4b20-b8ef-61ce023d568d, 7aa01a87-e4d5-4e3b-b4cf-e4634b303853, af4c8a9c-98bf-4f91-ab07-4927aae2c4c2",3,高,E1 无营养档案 + B1 机器码残留 + A4 同原料口径不一致,该原料没有营养档案：生熟状态为空、无法按档案核算营养；文案存的是字典 ID（接口会解析成中文，不显示乱码），但存储形式脆弱：字典缺项就会异常，且会掩盖「无营养档案」等问题；该原料在不同食谱里既写过生重又写过熟重,补营养档案映射；按字典还原为标准词（18/19 可确定性还原）；统一口径
正式食谱,Lucky 定制食谱,山药,薯类及制品,FOOD,(无档案),,"a8ba4629-0933-4427-a537-5febbee5ed48, 39b36568-24f1-4b20-b8ef-61ce023d568d, 7aa01a87-e4d5-4e3b-b4cf-e4634b303853, af4c8a9c-98bf-4f91-ab07-4927aae2c4c2",3,高,E1 无营养档案 + B1 机器码残留 + A4 同原料口径不一致,该原料没有营养档案：生熟状态为空、无法按档案核算营养；文案存的是字典 ID（接口会解析成中文，不显示乱码），但存储形式脆弱：字典缺项就会异常，且会掩盖「无营养档案」等问题；该原料在不同食谱里既写过生重又写过熟重,补营养档案映射；按字典还原为标准词（18/19 可确定性还原）；统一口径
正式食谱,Lucky 定制食谱,燕麦,谷类及制品,FOOD,(无档案),,"7aa01a87-e4d5-4e3b-b4cf-e4634b303853, af4c8a9c-98bf-4f91-ab07-4927aae2c4c2",2,高,E1 无营养档案 + B1 机器码残留,该原料没有营养档案：生熟状态为空、无法按档案核算营养；文案存的是字典 ID（接口会解析成中文，不显示乱码），但存储形式脆弱：字典缺项就会异常，且会掩盖「无营养档案」等问题,补营养档案映射；按字典还原为标准词（18/19 可确定性还原）
正式食谱,Lucky 定制食谱,燕麦,谷类及制品,FOOD,(无档案),,"7aa01a87-e4d5-4e3b-b4cf-e4634b303853, af4c8a9c-98bf-4f91-ab07-4927aae2c4c2",2,高,E1 无营养档案 + B1 机器码残留,该原料没有营养档案：生熟状态为空、无法按档案核算营养；文案存的是字典 ID（接口会解析成中文，不显示乱码），但存储形式脆弱：字典缺项就会异常，且会掩盖「无营养档案」等问题,补营养档案映射；按字典还原为标准词（18/19 可确定性还原）
正式食谱,Lucky 定制食谱,生菜,蔬菜类及制品,FOOD,(无档案),,"dd27baa4-36cb-4405-9092-0eb37e6160fa, 7ac2b49e-63fc-4cfa-b48d-6e0b0681958d, 7aa01a87-e4d5-4e3b-b4cf-e4634b303853, af4c8a9c-98bf-4f91-ab07-4927aae2c4c2",2,高,E1 无营养档案 + B1 机器码残留,该原料没有营养档案：生熟状态为空、无法按档案核算营养；文案存的是字典 ID（接口会解析成中文，不显示乱码），但存储形式脆弱：字典缺项就会异常，且会掩盖「无营养档案」等问题,补营养档案映射；按字典还原为标准词（18/19 可确定性还原）
正式食谱,Lucky 定制食谱,生菜,蔬菜类及制品,FOOD,(无档案),,"dd27baa4-36cb-4405-9092-0eb37e6160fa, 7ac2b49e-63fc-4cfa-b48d-6e0b0681958d, 7aa01a87-e4d5-4e3b-b4cf-e4634b303853, af4c8a9c-98bf-4f91-ab07-4927aae2c4c2",2,高,E1 无营养档案 + B1 机器码残留,该原料没有营养档案：生熟状态为空、无法按档案核算营养；文案存的是字典 ID（接口会解析成中文，不显示乱码），但存储形式脆弱：字典缺项就会异常，且会掩盖「无营养档案」等问题,补营养档案映射；按字典还原为标准词（18/19 可确定性还原）
正式食谱,Lucky 定制食谱,西兰花,蔬菜类及制品,FOOD,(无档案),,"5faa5c79-f01f-4f45-876c-57cceb1b9db0, 39b36568-24f1-4b20-b8ef-61ce023d568d, 7aa01a87-e4d5-4e3b-b4cf-e4634b303853, af4c8a9c-98bf-4f91-ab07-4927aae2c4c2",3,高,E1 无营养档案 + B1 机器码残留 + A4 同原料口径不一致,该原料没有营养档案：生熟状态为空、无法按档案核算营养；文案存的是字典 ID（接口会解析成中文，不显示乱码），但存储形式脆弱：字典缺项就会异常，且会掩盖「无营养档案」等问题；该原料在不同食谱里既写过生重又写过熟重,补营养档案映射；按字典还原为标准词（18/19 可确定性还原）；统一口径
正式食谱,Lucky 定制食谱,西兰花,蔬菜类及制品,FOOD,(无档案),,"5faa5c79-f01f-4f45-876c-57cceb1b9db0, 39b36568-24f1-4b20-b8ef-61ce023d568d, 7aa01a87-e4d5-4e3b-b4cf-e4634b303853, af4c8a9c-98bf-4f91-ab07-4927aae2c4c2",3,高,E1 无营养档案 + B1 机器码残留 + A4 同原料口径不一致,该原料没有营养档案：生熟状态为空、无法按档案核算营养；文案存的是字典 ID（接口会解析成中文，不显示乱码），但存储形式脆弱：字典缺项就会异常，且会掩盖「无营养档案」等问题；该原料在不同食谱里既写过生重又写过熟重,补营养档案映射；按字典还原为标准词（18/19 可确定性还原）；统一口径
正式食谱,Lucky 定制食谱,小麦胚芽油,油脂类,FOOD,(无档案),,af4c8a9c-98bf-4f91-ab07-4927aae2c4c2,2,高,E1 无营养档案 + B1 机器码残留,该原料没有营养档案：生熟状态为空、无法按档案核算营养；文案存的是字典 ID（接口会解析成中文，不显示乱码），但存储形式脆弱：字典缺项就会异常，且会掩盖「无营养档案」等问题,补营养档案映射；按字典还原为标准词（18/19 可确定性还原）
正式食谱,Lucky 定制食谱,小麦胚芽油,油脂类,FOOD,(无档案),,af4c8a9c-98bf-4f91-ab07-4927aae2c4c2,2,高,E1 无营养档案 + B1 机器码残留,该原料没有营养档案：生熟状态为空、无法按档案核算营养；文案存的是字典 ID（接口会解析成中文，不显示乱码），但存储形式脆弱：字典缺项就会异常，且会掩盖「无营养档案」等问题,补营养档案映射；按字典还原为标准词（18/19 可确定性还原）
正式食谱,Lucky 定制食谱,食用盐,调味品类,FOOD,(无档案),,af4c8a9c-98bf-4f91-ab07-4927aae2c4c2,2,高,E1 无营养档案 + B1 机器码残留,该原料没有营养档案：生熟状态为空、无法按档案核算营养；文案存的是字典 ID（接口会解析成中文，不显示乱码），但存储形式脆弱：字典缺项就会异常，且会掩盖「无营养档案」等问题,补营养档案映射；按字典还原为标准词（18/19 可确定性还原）
正式食谱,Lucky 定制食谱,食用盐,调味品类,FOOD,(无档案),,af4c8a9c-98bf-4f91-ab07-4927aae2c4c2,2,高,E1 无营养档案 + B1 机器码残留,该原料没有营养档案：生熟状态为空、无法按档案核算营养；文案存的是字典 ID（接口会解析成中文，不显示乱码），但存储形式脆弱：字典缺项就会异常，且会掩盖「无营养档案」等问题,补营养档案映射；按字典还原为标准词（18/19 可确定性还原）
正式食谱,Lucky 定制食谱,鸡蛋壳粉,乳类及制品,SUPPLEMENT,(无档案),,af4c8a9c-98bf-4f91-ab07-4927aae2c4c2,2,高,E1 无营养档案 + B1 机器码残留,该原料没有营养档案：生熟状态为空、无法按档案核算营养；文案存的是字典 ID（接口会解析成中文，不显示乱码），但存储形式脆弱：字典缺项就会异常，且会掩盖「无营养档案」等问题,补营养档案映射；按字典还原为标准词（18/19 可确定性还原）
正式食谱,Lucky 定制食谱,鸡蛋壳粉,乳类及制品,SUPPLEMENT,(无档案),,af4c8a9c-98bf-4f91-ab07-4927aae2c4c2,2,高,E1 无营养档案 + B1 机器码残留,该原料没有营养档案：生熟状态为空、无法按档案核算营养；文案存的是字典 ID（接口会解析成中文，不显示乱码），但存储形式脆弱：字典缺项就会异常，且会掩盖「无营养档案」等问题,补营养档案映射；按字典还原为标准词（18/19 可确定性还原）
正式食谱,Lucky 定制食谱,海藻粉,乳类及制品,SUPPLEMENT,(无档案),,af4c8a9c-98bf-4f91-ab07-4927aae2c4c2,2,高,E1 无营养档案 + B1 机器码残留,该原料没有营养档案：生熟状态为空、无法按档案核算营养；文案存的是字典 ID（接口会解析成中文，不显示乱码），但存储形式脆弱：字典缺项就会异常，且会掩盖「无营养档案」等问题,补营养档案映射；按字典还原为标准词（18/19 可确定性还原）
正式食谱,Lucky 定制食谱,海藻粉,乳类及制品,SUPPLEMENT,(无档案),,af4c8a9c-98bf-4f91-ab07-4927aae2c4c2,2,高,E1 无营养档案 + B1 机器码残留,该原料没有营养档案：生熟状态为空、无法按档案核算营养；文案存的是字典 ID（接口会解析成中文，不显示乱码），但存储形式脆弱：字典缺项就会异常，且会掩盖「无营养档案」等问题,补营养档案映射；按字典还原为标准词（18/19 可确定性还原）
正式食谱,Lucky 定制食谱,胆碱片,乳类及制品,SUPPLEMENT,(无档案),,"df60590f-a697-4897-ab08-1322e2287268, af4c8a9c-98bf-4f91-ab07-4927aae2c4c2",2,高,E1 无营养档案 + B1 机器码残留,该原料没有营养档案：生熟状态为空、无法按档案核算营养；文案存的是字典 ID（接口会解析成中文，不显示乱码），但存储形式脆弱：字典缺项就会异常，且会掩盖「无营养档案」等问题,补营养档案映射；按字典还原为标准词（18/19 可确定性还原）
正式食谱,Lucky 定制食谱,胆碱片,乳类及制品,SUPPLEMENT,(无档案),,"df60590f-a697-4897-ab08-1322e2287268, af4c8a9c-98bf-4f91-ab07-4927aae2c4c2",2,高,E1 无营养档案 + B1 机器码残留,该原料没有营养档案：生熟状态为空、无法按档案核算营养；文案存的是字典 ID（接口会解析成中文，不显示乱码），但存储形式脆弱：字典缺项就会异常，且会掩盖「无营养档案」等问题,补营养档案映射；按字典还原为标准词（18/19 可确定性还原）
正式食谱,Lucky 定制食谱,牛磺酸胶囊,乳类及制品,SUPPLEMENT,(无档案),,af4c8a9c-98bf-4f91-ab07-4927aae2c4c2,2,高,E1 无营养档案 + B1 机器码残留,该原料没有营养档案：生熟状态为空、无法按档案核算营养；文案存的是字典 ID（接口会解析成中文，不显示乱码），但存储形式脆弱：字典缺项就会异常，且会掩盖「无营养档案」等问题,补营养档案映射；按字典还原为标准词（18/19 可确定性还原）
正式食谱,Lucky 定制食谱,牛磺酸胶囊,乳类及制品,SUPPLEMENT,(无档案),,af4c8a9c-98bf-4f91-ab07-4927aae2c4c2,2,高,E1 无营养档案 + B1 机器码残留,该原料没有营养档案：生熟状态为空、无法按档案核算营养；文案存的是字典 ID（接口会解析成中文，不显示乱码），但存储形式脆弱：字典缺项就会异常，且会掩盖「无营养档案」等问题,补营养档案映射；按字典还原为标准词（18/19 可确定性还原）
正式食谱,Lucky 定制食谱,洋车前子壳粉,乳类及制品,SUPPLEMENT,(无档案),,af4c8a9c-98bf-4f91-ab07-4927aae2c4c2,2,高,E1 无营养档案 + B1 机器码残留,该原料没有营养档案：生熟状态为空、无法按档案核算营养；文案存的是字典 ID（接口会解析成中文，不显示乱码），但存储形式脆弱：字典缺项就会异常，且会掩盖「无营养档案」等问题,补营养档案映射；按字典还原为标准词（18/19 可确定性还原）
正式食谱,Lucky 定制食谱,洋车前子壳粉,乳类及制品,SUPPLEMENT,(无档案),,af4c8a9c-98bf-4f91-ab07-4927aae2c4c2,2,高,E1 无营养档案 + B1 机器码残留,该原料没有营养档案：生熟状态为空、无法按档案核算营养；文案存的是字典 ID（接口会解析成中文，不显示乱码），但存储形式脆弱：字典缺项就会异常，且会掩盖「无营养档案」等问题,补营养档案映射；按字典还原为标准词（18/19 可确定性还原）
正式食谱,Lucky 的易消化简餐,鸡胸,禽肉类及制品,FOOD,(无档案),,去皮、去骨、生重、打碎、充分搅拌,1,高,E1 无营养档案,该原料没有营养档案：生熟状态为空、无法按档案核算营养,补营养档案映射
正式食谱,Lucky 的易消化简餐,鸡胸,禽肉类及制品,FOOD,(无档案),,去皮、去骨、生重、打碎、充分搅拌,1,高,E1 无营养档案,该原料没有营养档案：生熟状态为空、无法按档案核算营养,补营养档案映射
正式食谱,Lucky 的易消化简餐,西兰花,蔬菜类及制品,FOOD,(无档案),,打碎、静置30分钟、焯水沥干、称重、充分搅拌,3,高,E1 无营养档案 + B5 非标准词 + A4 同原料口径不一致,该原料没有营养档案：生熟状态为空、无法按档案核算营养；自由文本：焯水沥干 / 称重；该原料在不同食谱里既写过生重又写过熟重,补营养档案映射；归入受控词表或补进字典；统一口径
正式食谱,Lucky 的易消化简餐,西兰花,蔬菜类及制品,FOOD,(无档案),,打碎、静置30分钟、焯水沥干、称重、充分搅拌,3,高,E1 无营养档案 + B5 非标准词 + A4 同原料口径不一致,该原料没有营养档案：生熟状态为空、无法按档案核算营养；自由文本：焯水沥干 / 称重；该原料在不同食谱里既写过生重又写过熟重,补营养档案映射；归入受控词表或补进字典；统一口径
正式食谱,Lucky 的易消化简餐,南瓜,蔬菜类及制品,FOOD,(无档案),,去皮、去瓤、煮熟后称重、打碎、充分搅拌,2,高,E1 无营养档案 + A4 同原料口径不一致,该原料没有营养档案：生熟状态为空、无法按档案核算营养；该原料在不同食谱里既写过生重又写过熟重,补营养档案映射；统一口径
正式食谱,Lucky 的易消化简餐,南瓜,蔬菜类及制品,FOOD,(无档案),,去皮、去瓤、煮熟后称重、打碎、充分搅拌,2,高,E1 无营养档案 + A4 同原料口径不一致,该原料没有营养档案：生熟状态为空、无法按档案核算营养；该原料在不同食谱里既写过生重又写过熟重,补营养档案映射；统一口径
正式食谱,Lucky 的易消化简餐,大米,谷类及制品,FOOD,(无档案),,煮熟后称重、打碎、充分搅拌,1,高,E1 无营养档案,该原料没有营养档案：生熟状态为空、无法按档案核算营养,补营养档案映射
正式食谱,Lucky 的易消化简餐,大米,谷类及制品,FOOD,(无档案),,煮熟后称重、打碎、充分搅拌,1,高,E1 无营养档案,该原料没有营养档案：生熟状态为空、无法按档案核算营养,补营养档案映射
正式食谱,TT 的鲜食食谱 07/05,鸡肝,禽肉类及制品,FOOD,COOKED,熟,去油、生重、打碎、充分搅拌,1,高,A1 熟档案却写生重,营养数据是熟食口径，却让按生重称量,文案改「熟重」或「煮熟后称重」
正式食谱,xz 的鲜食食谱 07/08,鸭胗,禽肉类及制品,FOOD,RAW,生,(空),1,高,B3 文案为空,没有任何制备/称重说明,按原料+档案状态补全标准文案
正式食谱,xz 的鲜食食谱 07/08,黑米,谷类及制品,FOOD,cooked,熟/米饭,煮熟后打碎,3,高,D1 状态枚举不规范 + B5 非标准词 + A3 熟档案未写口径,营养档案状态写成「cooked」，小写/非标准值会让所有语义校验静默失效；自由文本：煮熟后打碎；没写按生重还是熟重称量,把状态枚举归一为 RAW/COOKED 等标准值；归入受控词表或补进字典；补「熟重」
正式食谱,xz 的鲜食食谱 07/08,藜麦,谷类及制品,FOOD,COOKED,熟,生重、打粉、充分搅拌,2,高,A1 熟档案却写生重 + A4 同原料口径不一致,营养数据是熟食口径，却让按生重称量；该原料在不同食谱里既写过生重又写过熟重,文案改「熟重」或「煮熟后称重」；统一口径
正式食谱,xz 的鲜食食谱 07/08,紫薯,蔬菜类及制品,FOOD,RAW,生,(空),1,高,B3 文案为空,没有任何制备/称重说明,按原料+档案状态补全标准文案
正式食谱,xz 的鲜食食谱 07/08 副本,鸭胗,禽肉类及制品,FOOD,RAW,生,(空),1,高,B3 文案为空,没有任何制备/称重说明,按原料+档案状态补全标准文案
正式食谱,xz 的鲜食食谱 07/08 副本,黑米,谷类及制品,FOOD,cooked,熟/米饭,煮熟后打碎,3,高,D1 状态枚举不规范 + B5 非标准词 + A3 熟档案未写口径,营养档案状态写成「cooked」，小写/非标准值会让所有语义校验静默失效；自由文本：煮熟后打碎；没写按生重还是熟重称量,把状态枚举归一为 RAW/COOKED 等标准值；归入受控词表或补进字典；补「熟重」
正式食谱,xz 的鲜食食谱 07/08 副本,红小豆,谷类及制品,FOOD,COOKED,熟,生重、打碎、充分搅拌,2,高,A1 熟档案却写生重 + A4 同原料口径不一致,营养数据是熟食口径，却让按生重称量；该原料在不同食谱里既写过生重又写过熟重,文案改「熟重」或「煮熟后称重」；统一口径
正式食谱,xz 的鲜食食谱 07/08 副本,紫薯,蔬菜类及制品,FOOD,RAW,生,(空),1,高,B3 文案为空,没有任何制备/称重说明,按原料+档案状态补全标准文案
正式食谱,xz 的鲜食食谱 07/15,鸭胗,禽肉类及制品,FOOD,RAW,生,(空),1,高,B3 文案为空,没有任何制备/称重说明,按原料+档案状态补全标准文案
正式食谱,xz 的鲜食食谱 07/15,黑米,谷类及制品,FOOD,cooked,熟/米饭,煮熟后打碎,3,高,D1 状态枚举不规范 + B5 非标准词 + A3 熟档案未写口径,营养档案状态写成「cooked」，小写/非标准值会让所有语义校验静默失效；自由文本：煮熟后打碎；没写按生重还是熟重称量,把状态枚举归一为 RAW/COOKED 等标准值；归入受控词表或补进字典；补「熟重」
正式食谱,xz 的鲜食食谱 07/15,红小豆,谷类及制品,FOOD,COOKED,熟,生重、打碎、充分搅拌,2,高,A1 熟档案却写生重 + A4 同原料口径不一致,营养数据是熟食口径，却让按生重称量；该原料在不同食谱里既写过生重又写过熟重,文案改「熟重」或「煮熟后称重」；统一口径
正式食谱,xz 的鲜食食谱 07/15,紫薯,蔬菜类及制品,FOOD,RAW,生,(空),1,高,B3 文案为空,没有任何制备/称重说明,按原料+档案状态补全标准文案
正式食谱,xz 的鲜食食谱 猪里脊鳕鱼鸡蛋,鳕鱼颈背肉,水产类,FOOD,RAW,生,(空),1,高,B3 文案为空,没有任何制备/称重说明,按原料+档案状态补全标准文案
正式食谱,xz 的鲜食食谱 猪里脊鳕鱼鸡蛋,糙米,谷类及制品,FOOD,RAW,生,煮熟后称重、打碎、充分搅拌,2,高,A2 生档案却写熟重 + A4 同原料口径不一致,营养数据是生食口径，却让按熟重称量；该原料在不同食谱里既写过生重又写过熟重,先定规则：改文案或改档案；统一口径
正式食谱,xz 的鲜食食谱 猪里脊鳕鱼鸡蛋,紫薯,蔬菜类及制品,FOOD,RAW,生,(空),1,高,B3 文案为空,没有任何制备/称重说明,按原料+档案状态补全标准文案
正式食谱,乖乖 的鲜食食谱 08/25,胡萝卜,蔬菜类及制品,FOOD,RAW,生,煮熟后称重、打碎、充分搅拌,2,高,A2 生档案却写熟重 + A4 同原料口径不一致,营养数据是生食口径，却让按熟重称量；该原料在不同食谱里既写过生重又写过熟重,先定规则：改文案或改档案；统一口径
正式食谱,乖乖 的鲜食食谱 08/25,南瓜,蔬菜类及制品,FOOD,RAW,生,去皮、去瓤、煮熟后称重、打碎、充分搅拌,2,高,A2 生档案却写熟重 + A4 同原料口径不一致,营养数据是生食口径，却让按熟重称量；该原料在不同食谱里既写过生重又写过熟重,先定规则：改文案或改档案；统一口径
正式食谱,兔肉食谱,四季豆,蔬菜类及制品,FOOD,RAW,生,煮熟后沥水称重、打碎后充分搅拌,2,高,B5 非标准词 + A2 生档案却写熟重,自由文本：煮熟后沥水称重 / 打碎后充分搅拌；营养数据是生食口径，却让按熟重称量,归入受控词表或补进字典；先定规则：改文案或改档案
正式食谱,兔肉食谱,胡萝卜,蔬菜类及制品,FOOD,RAW,生,煮熟后称重、打碎、充分搅拌,2,高,A2 生档案却写熟重 + A4 同原料口径不一致,营养数据是生食口径，却让按熟重称量；该原料在不同食谱里既写过生重又写过熟重,先定规则：改文案或改档案；统一口径
正式食谱,兔里脊大米土豆,兔里脊,畜肉类及制品,FOOD,(无档案),,去油、生重、打碎、充分搅拌,1,高,E1 无营养档案,该原料没有营养档案：生熟状态为空、无法按档案核算营养,补营养档案映射
正式食谱,兔里脊大米土豆,兔里脊,畜肉类及制品,FOOD,(无档案),,去油、生重、打碎、充分搅拌,1,高,E1 无营养档案,该原料没有营养档案：生熟状态为空、无法按档案核算营养,补营养档案映射
正式食谱,兔里脊大米土豆,鸭肝,禽肉类及制品,FOOD,(无档案),,去油、生重、打碎、充分搅拌,1,高,E1 无营养档案,该原料没有营养档案：生熟状态为空、无法按档案核算营养,补营养档案映射
正式食谱,兔里脊大米土豆,鸭肝,禽肉类及制品,FOOD,(无档案),,去油、生重、打碎、充分搅拌,1,高,E1 无营养档案,该原料没有营养档案：生熟状态为空、无法按档案核算营养,补营养档案映射
正式食谱,兔里脊大米土豆,大米,谷类及制品,FOOD,(无档案),,煮熟后称重、打碎、充分搅拌,1,高,E1 无营养档案,该原料没有营养档案：生熟状态为空、无法按档案核算营养,补营养档案映射
正式食谱,兔里脊大米土豆,大米,谷类及制品,FOOD,(无档案),,煮熟后称重、打碎、充分搅拌,1,高,E1 无营养档案,该原料没有营养档案：生熟状态为空、无法按档案核算营养,补营养档案映射
正式食谱,兔里脊大米土豆,土豆,薯类及制品,FOOD,(无档案),,去皮、煮熟后称重、打碎、充分搅拌,1,高,E1 无营养档案,该原料没有营养档案：生熟状态为空、无法按档案核算营养,补营养档案映射
正式食谱,兔里脊大米土豆,土豆,薯类及制品,FOOD,(无档案),,去皮、煮熟后称重、打碎、充分搅拌,1,高,E1 无营养档案,该原料没有营养档案：生熟状态为空、无法按档案核算营养,补营养档案映射
正式食谱,兔里脊大米土豆,南瓜,蔬菜类及制品,FOOD,(无档案),,去皮、去瓤、煮熟后称重、打碎、充分搅拌,2,高,E1 无营养档案 + A4 同原料口径不一致,该原料没有营养档案：生熟状态为空、无法按档案核算营养；该原料在不同食谱里既写过生重又写过熟重,补营养档案映射；统一口径
正式食谱,兔里脊大米土豆,南瓜,蔬菜类及制品,FOOD,(无档案),,去皮、去瓤、煮熟后称重、打碎、充分搅拌,2,高,E1 无营养档案 + A4 同原料口径不一致,该原料没有营养档案：生熟状态为空、无法按档案核算营养；该原料在不同食谱里既写过生重又写过熟重,补营养档案映射；统一口径
正式食谱,兔里脊大米土豆,小麦胚芽油,油脂类,FOOD,(无档案),,生重、充分搅拌,1,高,E1 无营养档案,该原料没有营养档案：生熟状态为空、无法按档案核算营养,补营养档案映射
正式食谱,兔里脊大米土豆,小麦胚芽油,油脂类,FOOD,(无档案),,生重、充分搅拌,1,高,E1 无营养档案,该原料没有营养档案：生熟状态为空、无法按档案核算营养,补营养档案映射
正式食谱,兔里脊大米土豆,食用盐,调味品类,FOOD,(无档案),,生重、充分搅拌,1,高,E1 无营养档案,该原料没有营养档案：生熟状态为空、无法按档案核算营养,补营养档案映射
正式食谱,兔里脊大米土豆,食用盐,调味品类,FOOD,(无档案),,生重、充分搅拌,1,高,E1 无营养档案,该原料没有营养档案：生熟状态为空、无法按档案核算营养,补营养档案映射
正式食谱,兔里脊大米土豆,鱼肝油,乳类及制品,SUPPLEMENT,(无档案),,充分搅拌,1,高,E1 无营养档案,该原料没有营养档案：生熟状态为空、无法按档案核算营养,补营养档案映射
正式食谱,兔里脊大米土豆,鱼肝油,乳类及制品,SUPPLEMENT,(无档案),,充分搅拌,1,高,E1 无营养档案,该原料没有营养档案：生熟状态为空、无法按档案核算营养,补营养档案映射
正式食谱,兔里脊大米土豆,骨粉,乳类及制品,SUPPLEMENT,(无档案),,充分搅拌,1,高,E1 无营养档案,该原料没有营养档案：生熟状态为空、无法按档案核算营养,补营养档案映射
正式食谱,兔里脊大米土豆,骨粉,乳类及制品,SUPPLEMENT,(无档案),,充分搅拌,1,高,E1 无营养档案,该原料没有营养档案：生熟状态为空、无法按档案核算营养,补营养档案映射
正式食谱,兔里脊大米土豆,碳酸钙粉,乳类及制品,SUPPLEMENT,(无档案),,生重、充分搅拌,2,高,E1 无营养档案 + C1c 补剂写了生/熟重,该原料没有营养档案：生熟状态为空、无法按档案核算营养；补剂没有生熟概念,补营养档案映射；改为「按标签量」或去掉
正式食谱,兔里脊大米土豆,碳酸钙粉,乳类及制品,SUPPLEMENT,(无档案),,生重、充分搅拌,2,高,E1 无营养档案 + C1c 补剂写了生/熟重,该原料没有营养档案：生熟状态为空、无法按档案核算营养；补剂没有生熟概念,补营养档案映射；改为「按标签量」或去掉
正式食谱,兔里脊大米土豆,海藻粉,乳类及制品,SUPPLEMENT,(无档案),,充分搅拌,1,高,E1 无营养档案,该原料没有营养档案：生熟状态为空、无法按档案核算营养,补营养档案映射
正式食谱,兔里脊大米土豆,海藻粉,乳类及制品,SUPPLEMENT,(无档案),,充分搅拌,1,高,E1 无营养档案,该原料没有营养档案：生熟状态为空、无法按档案核算营养,补营养档案映射
正式食谱,兔里脊大米土豆,洋车前子壳粉,乳类及制品,SUPPLEMENT,(无档案),,充分搅拌,1,高,E1 无营养档案,该原料没有营养档案：生熟状态为空、无法按档案核算营养,补营养档案映射
正式食谱,兔里脊大米土豆,洋车前子壳粉,乳类及制品,SUPPLEMENT,(无档案),,充分搅拌,1,高,E1 无营养档案,该原料没有营养档案：生熟状态为空、无法按档案核算营养,补营养档案映射
正式食谱,兔里脊大米土豆,B族维生素胶囊,乳类及制品,SUPPLEMENT,(无档案),,充分搅拌,1,高,E1 无营养档案,该原料没有营养档案：生熟状态为空、无法按档案核算营养,补营养档案映射
正式食谱,兔里脊大米土豆,B族维生素胶囊,乳类及制品,SUPPLEMENT,(无档案),,充分搅拌,1,高,E1 无营养档案,该原料没有营养档案：生熟状态为空、无法按档案核算营养,补营养档案映射
正式食谱,兔里脊大米土豆,柠檬酸镁胶囊,乳类及制品,SUPPLEMENT,(无档案),,充分搅拌,1,高,E1 无营养档案,该原料没有营养档案：生熟状态为空、无法按档案核算营养,补营养档案映射
正式食谱,兔里脊大米土豆,柠檬酸镁胶囊,乳类及制品,SUPPLEMENT,(无档案),,充分搅拌,1,高,E1 无营养档案,该原料没有营养档案：生熟状态为空、无法按档案核算营养,补营养档案映射
正式食谱,兔里脊大米土豆,胆碱片,乳类及制品,SUPPLEMENT,(无档案),,打粉、充分搅拌,1,高,E1 无营养档案,该原料没有营养档案：生熟状态为空、无法按档案核算营养,补营养档案映射
正式食谱,兔里脊大米土豆,胆碱片,乳类及制品,SUPPLEMENT,(无档案),,打粉、充分搅拌,1,高,E1 无营养档案,该原料没有营养档案：生熟状态为空、无法按档案核算营养,补营养档案映射
正式食谱,兔里脊大米土豆,甘氨酸锰片,乳类及制品,SUPPLEMENT,(无档案),,打粉、充分搅拌,1,高,E1 无营养档案,该原料没有营养档案：生熟状态为空、无法按档案核算营养,补营养档案映射
正式食谱,兔里脊大米土豆,甘氨酸锰片,乳类及制品,SUPPLEMENT,(无档案),,打粉、充分搅拌,1,高,E1 无营养档案,该原料没有营养档案：生熟状态为空、无法按档案核算营养,补营养档案映射
正式食谱,兔里脊大米土豆,葡萄糖酸锌片,乳类及制品,SUPPLEMENT,(无档案),,打粉、充分搅拌,1,高,E1 无营养档案,该原料没有营养档案：生熟状态为空、无法按档案核算营养,补营养档案映射
正式食谱,兔里脊大米土豆,葡萄糖酸锌片,乳类及制品,SUPPLEMENT,(无档案),,打粉、充分搅拌,1,高,E1 无营养档案,该原料没有营养档案：生熟状态为空、无法按档案核算营养,补营养档案映射
正式食谱,兔里脊鸭胗蛋-lp 副本,鳕鱼颈背肉,水产类,FOOD,RAW,生,(空),1,高,B3 文案为空,没有任何制备/称重说明,按原料+档案状态补全标准文案
正式食谱,兔里脊鸭胗蛋-lp 副本,鸭胗,禽肉类及制品,FOOD,RAW,生,(空),1,高,B3 文案为空,没有任何制备/称重说明,按原料+档案状态补全标准文案
正式食谱,兔里脊鸭胗蛋-lp 副本,黑米,谷类及制品,FOOD,cooked,熟/米饭,煮熟后打碎,3,高,D1 状态枚举不规范 + B5 非标准词 + A3 熟档案未写口径,营养档案状态写成「cooked」，小写/非标准值会让所有语义校验静默失效；自由文本：煮熟后打碎；没写按生重还是熟重称量,把状态枚举归一为 RAW/COOKED 等标准值；归入受控词表或补进字典；补「熟重」
正式食谱,兔里脊鸭胗蛋-lp 副本,紫薯,蔬菜类及制品,FOOD,RAW,生,(空),1,高,B3 文案为空,没有任何制备/称重说明,按原料+档案状态补全标准文案
正式食谱,六六 的鲜食食谱 08/25,黄瓜,蔬菜类及制品,FOOD,RAW,生,(空),1,高,B3 文案为空,没有任何制备/称重说明,按原料+档案状态补全标准文案
正式食谱,创伤恢复+红胡子(牛肉版),红薯,薯类及制品,FOOD,RAW,生,去皮、煮熟后称重、打碎、充分搅拌,2,高,A2 生档案却写熟重 + A4 同原料口径不一致,营养数据是生食口径，却让按熟重称量；该原料在不同食谱里既写过生重又写过熟重,先定规则：改文案或改档案；统一口径
正式食谱,创伤恢复+红胡子(牛肉版),胡萝卜,蔬菜类及制品,FOOD,RAW,生,煮熟后称重、打碎、充分搅拌,2,高,A2 生档案却写熟重 + A4 同原料口径不一致,营养数据是生食口径，却让按熟重称量；该原料在不同食谱里既写过生重又写过熟重,先定规则：改文案或改档案；统一口径
正式食谱,创伤恢复+红胡子(牛肉版),西兰花,蔬菜类及制品,FOOD,RAW,生,盐水/小苏打浸泡30分钟、煮熟（不软）后称重、打碎、充分搅拌,2,高,A2 生档案却写熟重 + A4 同原料口径不一致,营养数据是生食口径，却让按熟重称量；该原料在不同食谱里既写过生重又写过熟重,先定规则：改文案或改档案；统一口径
正式食谱,十字花科全谷物三文鱼鸡肉,鸡心,禽肉类及制品,FOOD,COOKED,熟,去油、生重、打碎、充分搅拌,1,高,A1 熟档案却写生重,营养数据是熟食口径，却让按生重称量,文案改「熟重」或「煮熟后称重」
正式食谱,十字花科全谷物三文鱼鸡肉,鸡心,禽肉类及制品,FOOD,COOKED,熟,去油、生重、打碎、充分搅拌,1,高,A1 熟档案却写生重,营养数据是熟食口径，却让按生重称量,文案改「熟重」或「煮熟后称重」
正式食谱,十字花科全谷物三文鱼鸡肉,鸡心,禽肉类及制品,FOOD,COOKED,熟,去油、生重、打碎、充分搅拌,1,高,A1 熟档案却写生重,营养数据是熟食口径，却让按生重称量,文案改「熟重」或「煮熟后称重」
正式食谱,十字花科全谷物三文鱼鸡肉,鸡心,禽肉类及制品,FOOD,COOKED,熟,去油、生重、打碎、充分搅拌,1,高,A1 熟档案却写生重,营养数据是熟食口径，却让按生重称量,文案改「熟重」或「煮熟后称重」
正式食谱,十字花科全谷物三文鱼鸡肉,鸡心,禽肉类及制品,FOOD,COOKED,熟,去油、生重、打碎、充分搅拌,1,高,A1 熟档案却写生重,营养数据是熟食口径，却让按生重称量,文案改「熟重」或「煮熟后称重」
正式食谱,十字花科全谷物三文鱼鸡肉,红薯,薯类及制品,FOOD,COOKED,熟,去皮、生重、打碎、充分搅拌,2,高,A1 熟档案却写生重 + A4 同原料口径不一致,营养数据是熟食口径，却让按生重称量；该原料在不同食谱里既写过生重又写过熟重,文案改「熟重」或「煮熟后称重」；统一口径
正式食谱,十字花科全谷物三文鱼鸡肉,红薯,薯类及制品,FOOD,COOKED,熟,去皮、生重、打碎、充分搅拌,2,高,A1 熟档案却写生重 + A4 同原料口径不一致,营养数据是熟食口径，却让按生重称量；该原料在不同食谱里既写过生重又写过熟重,文案改「熟重」或「煮熟后称重」；统一口径
正式食谱,十字花科全谷物三文鱼鸡肉,红薯,薯类及制品,FOOD,COOKED,熟,去皮、生重、打碎、充分搅拌,2,高,A1 熟档案却写生重 + A4 同原料口径不一致,营养数据是熟食口径，却让按生重称量；该原料在不同食谱里既写过生重又写过熟重,文案改「熟重」或「煮熟后称重」；统一口径
正式食谱,十字花科全谷物三文鱼鸡肉,红薯,薯类及制品,FOOD,COOKED,熟,去皮、生重、打碎、充分搅拌,2,高,A1 熟档案却写生重 + A4 同原料口径不一致,营养数据是熟食口径，却让按生重称量；该原料在不同食谱里既写过生重又写过熟重,文案改「熟重」或「煮熟后称重」；统一口径
正式食谱,十字花科全谷物三文鱼鸡肉,红薯,薯类及制品,FOOD,COOKED,熟,去皮、生重、打碎、充分搅拌,2,高,A1 熟档案却写生重 + A4 同原料口径不一致,营养数据是熟食口径，却让按生重称量；该原料在不同食谱里既写过生重又写过熟重,文案改「熟重」或「煮熟后称重」；统一口径
正式食谱,十字花科全谷物三文鱼鸡肉,西兰花,蔬菜类及制品,FOOD,COOKED,熟,生重、打碎、充分搅拌,2,高,A1 熟档案却写生重 + A4 同原料口径不一致,营养数据是熟食口径，却让按生重称量；该原料在不同食谱里既写过生重又写过熟重,文案改「熟重」或「煮熟后称重」；统一口径
正式食谱,十字花科全谷物三文鱼鸡肉,西兰花,蔬菜类及制品,FOOD,COOKED,熟,生重、打碎、充分搅拌,2,高,A1 熟档案却写生重 + A4 同原料口径不一致,营养数据是熟食口径，却让按生重称量；该原料在不同食谱里既写过生重又写过熟重,文案改「熟重」或「煮熟后称重」；统一口径
正式食谱,十字花科全谷物三文鱼鸡肉,西兰花,蔬菜类及制品,FOOD,COOKED,熟,生重、打碎、充分搅拌,2,高,A1 熟档案却写生重 + A4 同原料口径不一致,营养数据是熟食口径，却让按生重称量；该原料在不同食谱里既写过生重又写过熟重,文案改「熟重」或「煮熟后称重」；统一口径
正式食谱,十字花科全谷物三文鱼鸡肉,西兰花,蔬菜类及制品,FOOD,COOKED,熟,生重、打碎、充分搅拌,2,高,A1 熟档案却写生重 + A4 同原料口径不一致,营养数据是熟食口径，却让按生重称量；该原料在不同食谱里既写过生重又写过熟重,文案改「熟重」或「煮熟后称重」；统一口径
正式食谱,十字花科全谷物三文鱼鸡肉,西兰花,蔬菜类及制品,FOOD,COOKED,熟,生重、打碎、充分搅拌,2,高,A1 熟档案却写生重 + A4 同原料口径不一致,营养数据是熟食口径，却让按生重称量；该原料在不同食谱里既写过生重又写过熟重,文案改「熟重」或「煮熟后称重」；统一口径
正式食谱,十字花科全谷物三文鱼鸡肉,糙米,谷类及制品,FOOD,RAW,生,煮熟后称重、打碎、充分搅拌,2,高,A2 生档案却写熟重 + A4 同原料口径不一致,营养数据是生食口径，却让按熟重称量；该原料在不同食谱里既写过生重又写过熟重,先定规则：改文案或改档案；统一口径
正式食谱,十字花科全谷物三文鱼鸡肉,糙米,谷类及制品,FOOD,RAW,生,煮熟后称重、打碎、充分搅拌,2,高,A2 生档案却写熟重 + A4 同原料口径不一致,营养数据是生食口径，却让按熟重称量；该原料在不同食谱里既写过生重又写过熟重,先定规则：改文案或改档案；统一口径
正式食谱,十字花科全谷物三文鱼鸡肉,卷心菜,蔬菜类及制品,FOOD,COOKED,熟,生重、打碎、充分搅拌,1,高,A1 熟档案却写生重,营养数据是熟食口径，却让按生重称量,文案改「熟重」或「煮熟后称重」
正式食谱,十字花科全谷物三文鱼鸡肉,卷心菜,蔬菜类及制品,FOOD,COOKED,熟,生重、打碎、充分搅拌,1,高,A1 熟档案却写生重,营养数据是熟食口径，却让按生重称量,文案改「熟重」或「煮熟后称重」
正式食谱,十字花科全谷物三文鱼鸡肉,卷心菜,蔬菜类及制品,FOOD,COOKED,熟,生重、打碎、充分搅拌,1,高,A1 熟档案却写生重,营养数据是熟食口径，却让按生重称量,文案改「熟重」或「煮熟后称重」
正式食谱,十字花科全谷物三文鱼鸡肉,卷心菜,蔬菜类及制品,FOOD,COOKED,熟,生重、打碎、充分搅拌,1,高,A1 熟档案却写生重,营养数据是熟食口径，却让按生重称量,文案改「熟重」或「煮熟后称重」
正式食谱,十字花科全谷物三文鱼鸡肉,卷心菜,蔬菜类及制品,FOOD,COOKED,熟,生重、打碎、充分搅拌,1,高,A1 熟档案却写生重,营养数据是熟食口径，却让按生重称量,文案改「熟重」或「煮熟后称重」
正式食谱,十字花科全谷物三文鱼鸡肉,白萝卜,蔬菜类及制品,FOOD,COOKED,熟,去皮、生重、打碎、充分搅拌,2,高,A1 熟档案却写生重 + A4 同原料口径不一致,营养数据是熟食口径，却让按生重称量；该原料在不同食谱里既写过生重又写过熟重,文案改「熟重」或「煮熟后称重」；统一口径
正式食谱,十字花科全谷物三文鱼鸡肉,红薯,薯类及制品,FOOD,RAW,生,去皮、煮熟后称重、打碎、充分搅拌,2,高,A2 生档案却写熟重 + A4 同原料口径不一致,营养数据是生食口径，却让按熟重称量；该原料在不同食谱里既写过生重又写过熟重,先定规则：改文案或改档案；统一口径
正式食谱,十字花科全谷物三文鱼鸡肉,白萝卜,蔬菜类及制品,FOOD,COOKED,熟,去皮、生重、打碎、充分搅拌,2,高,A1 熟档案却写生重 + A4 同原料口径不一致,营养数据是熟食口径，却让按生重称量；该原料在不同食谱里既写过生重又写过熟重,文案改「熟重」或「煮熟后称重」；统一口径
正式食谱,十字花科全谷物三文鱼鸡肉,白萝卜,蔬菜类及制品,FOOD,COOKED,熟,去皮、生重、打碎、充分搅拌,2,高,A1 熟档案却写生重 + A4 同原料口径不一致,营养数据是熟食口径，却让按生重称量；该原料在不同食谱里既写过生重又写过熟重,文案改「熟重」或「煮熟后称重」；统一口径
正式食谱,十字花科全谷物三文鱼鸡肉,红薯,薯类及制品,FOOD,RAW,生,去皮、煮熟后称重、打碎、充分搅拌,2,高,A2 生档案却写熟重 + A4 同原料口径不一致,营养数据是生食口径，却让按熟重称量；该原料在不同食谱里既写过生重又写过熟重,先定规则：改文案或改档案；统一口径
正式食谱,十字花科全谷物三文鱼鸡肉,白萝卜,蔬菜类及制品,FOOD,COOKED,熟,去皮、生重、打碎、充分搅拌,2,高,A1 熟档案却写生重 + A4 同原料口径不一致,营养数据是熟食口径，却让按生重称量；该原料在不同食谱里既写过生重又写过熟重,文案改「熟重」或「煮熟后称重」；统一口径
正式食谱,十字花科全谷物三文鱼鸡肉,白萝卜,蔬菜类及制品,FOOD,COOKED,熟,去皮、生重、打碎、充分搅拌,2,高,A1 熟档案却写生重 + A4 同原料口径不一致,营养数据是熟食口径，却让按生重称量；该原料在不同食谱里既写过生重又写过熟重,文案改「熟重」或「煮熟后称重」；统一口径
正式食谱,咘咘 的鲜食食谱 08/06,鸡胸,禽肉类及制品,FOOD,COOKED,熟,去皮、去骨、生重、打碎、充分搅拌,1,高,A1 熟档案却写生重,营养数据是熟食口径，却让按生重称量,文案改「熟重」或「煮熟后称重」
正式食谱,咘咘 的鲜食食谱 08/06,鸭蛋,蛋类及制品,FOOD,COOKED,熟,(空),2,高,B3 文案为空 + A3 熟档案未写口径,没有任何制备/称重说明；没写按生重还是熟重称量,按原料+档案状态补全标准文案；补「熟重」
正式食谱,哈子 的鲜食食谱 08/18,小米,谷类及制品,FOOD,RAW,生,浸泡60分钟、煮熟后称重、充分搅拌,2,高,A2 生档案却写熟重 + A4 同原料口径不一致,营养数据是生食口径，却让按熟重称量；该原料在不同食谱里既写过生重又写过熟重,先定规则：改文案或改档案；统一口径
正式食谱,哈子 的鲜食食谱 08/18,南瓜,蔬菜类及制品,FOOD,RAW,生,去皮、去瓤、煮熟后称重、充分搅拌,2,高,A2 生档案却写熟重 + A4 同原料口径不一致,营养数据是生食口径，却让按熟重称量；该原料在不同食谱里既写过生重又写过熟重,先定规则：改文案或改档案；统一口径
正式食谱,哈子 的鲜食食谱 08/18,胡萝卜,蔬菜类及制品,FOOD,RAW,生,煮熟后称重、打碎、充分搅拌,2,高,A2 生档案却写熟重 + A4 同原料口径不一致,营养数据是生食口径，却让按熟重称量；该原料在不同食谱里既写过生重又写过熟重,先定规则：改文案或改档案；统一口径
正式食谱,嗨皮 的鲜食食谱 08/01,鳕鱼颈背肉,水产类,FOOD,RAW,生,(空),1,高,B3 文案为空,没有任何制备/称重说明,按原料+档案状态补全标准文案
正式食谱,嗨皮 的鲜食食谱 08/01,红甜椒,蔬菜类及制品,FOOD,RAW,生,去籽、煮熟后称重、打碎、充分搅拌,3,高,B5 非标准词 + A2 生档案却写熟重 + A4 同原料口径不一致,自由文本：去籽；营养数据是生食口径，却让按熟重称量；该原料在不同食谱里既写过生重又写过熟重,归入受控词表或补进字典；先定规则：改文案或改档案；统一口径
正式食谱,嗨皮 的鲜食食谱 08/01,南瓜,蔬菜类及制品,FOOD,COOKED,熟,去皮、去瓤、生重、打碎、充分搅拌,2,高,A1 熟档案却写生重 + A4 同原料口径不一致,营养数据是熟食口径，却让按生重称量；该原料在不同食谱里既写过生重又写过熟重,文案改「熟重」或「煮熟后称重」；统一口径
正式食谱,土豆大米兔,南瓜,蔬菜类及制品,FOOD,COOKED,熟,去皮、去瓤、生重、打碎、充分搅拌,2,高,A1 熟档案却写生重 + A4 同原料口径不一致,营养数据是熟食口径，却让按生重称量；该原料在不同食谱里既写过生重又写过熟重,文案改「熟重」或「煮熟后称重」；统一口径
正式食谱,土豆大米兔,紫甘蓝,蔬菜类及制品,FOOD,COOKED,熟,生重、打碎、充分搅拌,2,高,A1 熟档案却写生重 + A4 同原料口径不一致,营养数据是熟食口径，却让按生重称量；该原料在不同食谱里既写过生重又写过熟重,文案改「熟重」或「煮熟后称重」；统一口径
正式食谱,土豆大米鳕鱼火鸡胸,火鸡胸,禽肉类及制品,FOOD,(无档案),,"a8ba4629-0933-4427-a537-5febbee5ed48, a8f50f30-16f8-4c18-a216-e9ed0a6d4f65, dd27baa4-36cb-4405-9092-0eb37e6160fa, 7aa01a87-e4d5-4e3b-b4cf-e4634b303853, af4c8a9c-98bf-4f91-ab07-4927aae2c4c2",2,高,E1 无营养档案 + B1 机器码残留,该原料没有营养档案：生熟状态为空、无法按档案核算营养；文案存的是字典 ID（接口会解析成中文，不显示乱码），但存储形式脆弱：字典缺项就会异常，且会掩盖「无营养档案」等问题,补营养档案映射；按字典还原为标准词（18/19 可确定性还原）
正式食谱,土豆大米鳕鱼火鸡胸,狭鳕鱼柳,水产类,FOOD,(无档案),,"dd27baa4-36cb-4405-9092-0eb37e6160fa, 7aa01a87-e4d5-4e3b-b4cf-e4634b303853, af4c8a9c-98bf-4f91-ab07-4927aae2c4c2",2,高,E1 无营养档案 + B1 机器码残留,该原料没有营养档案：生熟状态为空、无法按档案核算营养；文案存的是字典 ID（接口会解析成中文，不显示乱码），但存储形式脆弱：字典缺项就会异常，且会掩盖「无营养档案」等问题,补营养档案映射；按字典还原为标准词（18/19 可确定性还原）
正式食谱,土豆大米鳕鱼火鸡胸,牛肝,畜肉类及制品,FOOD,(无档案),,"a6409a79-402b-41d1-bfe1-031a67da0876, dd27baa4-36cb-4405-9092-0eb37e6160fa, 7aa01a87-e4d5-4e3b-b4cf-e4634b303853, af4c8a9c-98bf-4f91-ab07-4927aae2c4c2",2,高,E1 无营养档案 + B1 机器码残留,该原料没有营养档案：生熟状态为空、无法按档案核算营养；文案存的是字典 ID（接口会解析成中文，不显示乱码），但存储形式脆弱：字典缺项就会异常，且会掩盖「无营养档案」等问题,补营养档案映射；按字典还原为标准词（18/19 可确定性还原）
正式食谱,土豆大米鳕鱼火鸡胸,鸡蛋,蛋类及制品,FOOD,(无档案),,"e7f1e345-6aee-4274-9c81-b2463dae82df, 81263f8d-49db-4f56-8607-fe9d1c6e61ce, dd27baa4-36cb-4405-9092-0eb37e6160fa, af4c8a9c-98bf-4f91-ab07-4927aae2c4c2",2,高,E1 无营养档案 + B1 机器码残留,该原料没有营养档案：生熟状态为空、无法按档案核算营养；文案存的是字典 ID（接口会解析成中文，不显示乱码），但存储形式脆弱：字典缺项就会异常，且会掩盖「无营养档案」等问题,补营养档案映射；按字典还原为标准词（18/19 可确定性还原）
正式食谱,土豆大米鳕鱼火鸡胸,大米,谷类及制品,FOOD,(无档案),,"39b36568-24f1-4b20-b8ef-61ce023d568d, 7aa01a87-e4d5-4e3b-b4cf-e4634b303853, af4c8a9c-98bf-4f91-ab07-4927aae2c4c2",2,高,E1 无营养档案 + B1 机器码残留,该原料没有营养档案：生熟状态为空、无法按档案核算营养；文案存的是字典 ID（接口会解析成中文，不显示乱码），但存储形式脆弱：字典缺项就会异常，且会掩盖「无营养档案」等问题,补营养档案映射；按字典还原为标准词（18/19 可确定性还原）
正式食谱,土豆大米鳕鱼火鸡胸,大米,谷类及制品,FOOD,RAW,生,煮熟后称重、打碎、充分搅拌,1,高,A2 生档案却写熟重,营养数据是生食口径，却让按熟重称量,先定规则：改文案或改档案
正式食谱,土豆大米鳕鱼火鸡胸,土豆,薯类及制品,FOOD,RAW,生,去皮、煮熟后称重、打碎、充分搅拌,1,高,A2 生档案却写熟重,营养数据是生食口径，却让按熟重称量,先定规则：改文案或改档案
正式食谱,土豆大米鳕鱼火鸡胸,土豆,薯类及制品,FOOD,(无档案),,"a8ba4629-0933-4427-a537-5febbee5ed48, 39b36568-24f1-4b20-b8ef-61ce023d568d, 7aa01a87-e4d5-4e3b-b4cf-e4634b303853, af4c8a9c-98bf-4f91-ab07-4927aae2c4c2",2,高,E1 无营养档案 + B1 机器码残留,该原料没有营养档案：生熟状态为空、无法按档案核算营养；文案存的是字典 ID（接口会解析成中文，不显示乱码），但存储形式脆弱：字典缺项就会异常，且会掩盖「无营养档案」等问题,补营养档案映射；按字典还原为标准词（18/19 可确定性还原）
正式食谱,土豆大米鳕鱼火鸡胸,南瓜,蔬菜类及制品,FOOD,(无档案),,"a8ba4629-0933-4427-a537-5febbee5ed48, 70de9668-660e-4f3e-91aa-79506f12f4d0, dd27baa4-36cb-4405-9092-0eb37e6160fa, 7aa01a87-e4d5-4e3b-b4cf-e4634b303853, af4c8a9c-98bf-4f91-ab07-4927aae2c4c2",3,高,E1 无营养档案 + B1 机器码残留 + A4 同原料口径不一致,该原料没有营养档案：生熟状态为空、无法按档案核算营养；文案存的是字典 ID（接口会解析成中文，不显示乱码），但存储形式脆弱：字典缺项就会异常，且会掩盖「无营养档案」等问题；该原料在不同食谱里既写过生重又写过熟重,补营养档案映射；按字典还原为标准词（18/19 可确定性还原）；统一口径
正式食谱,土豆大米鳕鱼火鸡胸,胡萝卜,蔬菜类及制品,FOOD,(无档案),,"dd27baa4-36cb-4405-9092-0eb37e6160fa, 7aa01a87-e4d5-4e3b-b4cf-e4634b303853, af4c8a9c-98bf-4f91-ab07-4927aae2c4c2",3,高,E1 无营养档案 + B1 机器码残留 + A4 同原料口径不一致,该原料没有营养档案：生熟状态为空、无法按档案核算营养；文案存的是字典 ID（接口会解析成中文，不显示乱码），但存储形式脆弱：字典缺项就会异常，且会掩盖「无营养档案」等问题；该原料在不同食谱里既写过生重又写过熟重,补营养档案映射；按字典还原为标准词（18/19 可确定性还原）；统一口径
正式食谱,土豆大米鳕鱼火鸡胸,小麦胚芽油,油脂类,FOOD,(无档案),,af4c8a9c-98bf-4f91-ab07-4927aae2c4c2,2,高,E1 无营养档案 + B1 机器码残留,该原料没有营养档案：生熟状态为空、无法按档案核算营养；文案存的是字典 ID（接口会解析成中文，不显示乱码），但存储形式脆弱：字典缺项就会异常，且会掩盖「无营养档案」等问题,补营养档案映射；按字典还原为标准词（18/19 可确定性还原）
正式食谱,土豆大米鳕鱼火鸡胸,生南瓜籽仁,坚果种子类,FOOD,(无档案),,"dd27baa4-36cb-4405-9092-0eb37e6160fa, 7aa01a87-e4d5-4e3b-b4cf-e4634b303853, af4c8a9c-98bf-4f91-ab07-4927aae2c4c2",2,高,E1 无营养档案 + B1 机器码残留,该原料没有营养档案：生熟状态为空、无法按档案核算营养；文案存的是字典 ID（接口会解析成中文，不显示乱码），但存储形式脆弱：字典缺项就会异常，且会掩盖「无营养档案」等问题,补营养档案映射；按字典还原为标准词（18/19 可确定性还原）
正式食谱,土豆大米鳕鱼火鸡胸,鸡蛋壳粉,乳类及制品,SUPPLEMENT,(无档案),,af4c8a9c-98bf-4f91-ab07-4927aae2c4c2,2,高,E1 无营养档案 + B1 机器码残留,该原料没有营养档案：生熟状态为空、无法按档案核算营养；文案存的是字典 ID（接口会解析成中文，不显示乱码），但存储形式脆弱：字典缺项就会异常，且会掩盖「无营养档案」等问题,补营养档案映射；按字典还原为标准词（18/19 可确定性还原）
正式食谱,土豆大米鳕鱼火鸡胸,营养酵母粉,乳类及制品,SUPPLEMENT,(无档案),,af4c8a9c-98bf-4f91-ab07-4927aae2c4c2,2,高,E1 无营养档案 + B1 机器码残留,该原料没有营养档案：生熟状态为空、无法按档案核算营养；文案存的是字典 ID（接口会解析成中文，不显示乱码），但存储形式脆弱：字典缺项就会异常，且会掩盖「无营养档案」等问题,补营养档案映射；按字典还原为标准词（18/19 可确定性还原）
正式食谱,土豆大米鳕鱼火鸡胸,双甘氨酸亚铁胶囊,乳类及制品,SUPPLEMENT,(无档案),,"df60590f-a697-4897-ab08-1322e2287268, af4c8a9c-98bf-4f91-ab07-4927aae2c4c2",2,高,E1 无营养档案 + B1 机器码残留,该原料没有营养档案：生熟状态为空、无法按档案核算营养；文案存的是字典 ID（接口会解析成中文，不显示乱码），但存储形式脆弱：字典缺项就会异常，且会掩盖「无营养档案」等问题,补营养档案映射；按字典还原为标准词（18/19 可确定性还原）
正式食谱,土豆大米鳕鱼火鸡胸,葡萄糖酸锌片,乳类及制品,SUPPLEMENT,(无档案),,"df60590f-a697-4897-ab08-1322e2287268, af4c8a9c-98bf-4f91-ab07-4927aae2c4c2",2,高,E1 无营养档案 + B1 机器码残留,该原料没有营养档案：生熟状态为空、无法按档案核算营养；文案存的是字典 ID（接口会解析成中文，不显示乱码），但存储形式脆弱：字典缺项就会异常，且会掩盖「无营养档案」等问题,补营养档案映射；按字典还原为标准词（18/19 可确定性还原）
正式食谱,土豆大米鳕鱼火鸡胸,海藻粉,乳类及制品,SUPPLEMENT,(无档案),,af4c8a9c-98bf-4f91-ab07-4927aae2c4c2,2,高,E1 无营养档案 + B1 机器码残留,该原料没有营养档案：生熟状态为空、无法按档案核算营养；文案存的是字典 ID（接口会解析成中文，不显示乱码），但存储形式脆弱：字典缺项就会异常，且会掩盖「无营养档案」等问题,补营养档案映射；按字典还原为标准词（18/19 可确定性还原）
正式食谱,土豆大米鳕鱼火鸡胸,甘氨酸锰片,乳类及制品,SUPPLEMENT,(无档案),,"df60590f-a697-4897-ab08-1322e2287268, af4c8a9c-98bf-4f91-ab07-4927aae2c4c2",2,高,E1 无营养档案 + B1 机器码残留,该原料没有营养档案：生熟状态为空、无法按档案核算营养；文案存的是字典 ID（接口会解析成中文，不显示乱码），但存储形式脆弱：字典缺项就会异常，且会掩盖「无营养档案」等问题,补营养档案映射；按字典还原为标准词（18/19 可确定性还原）
正式食谱,土豆大米鳕鱼火鸡胸,鱼油胶囊,乳类及制品,SUPPLEMENT,(无档案),,af4c8a9c-98bf-4f91-ab07-4927aae2c4c2,2,高,E1 无营养档案 + B1 机器码残留,该原料没有营养档案：生熟状态为空、无法按档案核算营养；文案存的是字典 ID（接口会解析成中文，不显示乱码），但存储形式脆弱：字典缺项就会异常，且会掩盖「无营养档案」等问题,补营养档案映射；按字典还原为标准词（18/19 可确定性还原）
正式食谱,大米南瓜鸡胸兔里脊,兔里脊,畜肉类及制品,FOOD,(无档案),,去油、生重、打碎、充分搅拌,1,高,E1 无营养档案,该原料没有营养档案：生熟状态为空、无法按档案核算营养,补营养档案映射
正式食谱,大米南瓜鸡胸兔里脊,兔里脊,畜肉类及制品,FOOD,(无档案),,去油、生重、打碎、充分搅拌,1,高,E1 无营养档案,该原料没有营养档案：生熟状态为空、无法按档案核算营养,补营养档案映射
正式食谱,大米南瓜鸡胸兔里脊,鸡胸,禽肉类及制品,FOOD,(无档案),,去皮、去油、生重、打碎、充分搅拌,1,高,E1 无营养档案,该原料没有营养档案：生熟状态为空、无法按档案核算营养,补营养档案映射
正式食谱,大米南瓜鸡胸兔里脊,鸡胸,禽肉类及制品,FOOD,(无档案),,去皮、去油、生重、打碎、充分搅拌,1,高,E1 无营养档案,该原料没有营养档案：生熟状态为空、无法按档案核算营养,补营养档案映射
正式食谱,大米南瓜鸡胸兔里脊,鸡肝,禽肉类及制品,FOOD,(无档案),,去油、生重、打碎、充分搅拌,1,高,E1 无营养档案,该原料没有营养档案：生熟状态为空、无法按档案核算营养,补营养档案映射
正式食谱,大米南瓜鸡胸兔里脊,鸡肝,禽肉类及制品,FOOD,(无档案),,去油、生重、打碎、充分搅拌,1,高,E1 无营养档案,该原料没有营养档案：生熟状态为空、无法按档案核算营养,补营养档案映射
正式食谱,大米南瓜鸡胸兔里脊,生蚝,水产类,FOOD,(无档案),,去壳、生重、打碎、充分搅拌,1,高,E1 无营养档案,该原料没有营养档案：生熟状态为空、无法按档案核算营养,补营养档案映射
正式食谱,大米南瓜鸡胸兔里脊,生蚝,水产类,FOOD,(无档案),,去壳、生重、打碎、充分搅拌,1,高,E1 无营养档案,该原料没有营养档案：生熟状态为空、无法按档案核算营养,补营养档案映射
正式食谱,大米南瓜鸡胸兔里脊,三文鱼,水产类,FOOD,(无档案),,去皮、去骨、生重、打碎、充分搅拌,1,高,E1 无营养档案,该原料没有营养档案：生熟状态为空、无法按档案核算营养,补营养档案映射
正式食谱,大米南瓜鸡胸兔里脊,三文鱼,水产类,FOOD,(无档案),,去皮、去骨、生重、打碎、充分搅拌,1,高,E1 无营养档案,该原料没有营养档案：生熟状态为空、无法按档案核算营养,补营养档案映射
正式食谱,大米南瓜鸡胸兔里脊,大米,谷类及制品,FOOD,(无档案),,煮熟后称重、打碎、充分搅拌,1,高,E1 无营养档案,该原料没有营养档案：生熟状态为空、无法按档案核算营养,补营养档案映射
正式食谱,大米南瓜鸡胸兔里脊,大米,谷类及制品,FOOD,(无档案),,煮熟后称重、打碎、充分搅拌,1,高,E1 无营养档案,该原料没有营养档案：生熟状态为空、无法按档案核算营养,补营养档案映射
正式食谱,大米南瓜鸡胸兔里脊,南瓜,蔬菜类及制品,FOOD,(无档案),,去皮、去瓤、生重、打碎、充分搅拌,2,高,E1 无营养档案 + A4 同原料口径不一致,该原料没有营养档案：生熟状态为空、无法按档案核算营养；该原料在不同食谱里既写过生重又写过熟重,补营养档案映射；统一口径
正式食谱,大米南瓜鸡胸兔里脊,南瓜,蔬菜类及制品,FOOD,(无档案),,去皮、去瓤、生重、打碎、充分搅拌,2,高,E1 无营养档案 + A4 同原料口径不一致,该原料没有营养档案：生熟状态为空、无法按档案核算营养；该原料在不同食谱里既写过生重又写过熟重,补营养档案映射；统一口径
正式食谱,大米南瓜鸡胸兔里脊,豌豆,谷类及制品,FOOD,(无档案),,生重、打碎、充分搅拌,1,高,E1 无营养档案,该原料没有营养档案：生熟状态为空、无法按档案核算营养,补营养档案映射
正式食谱,大米南瓜鸡胸兔里脊,豌豆,谷类及制品,FOOD,(无档案),,生重、打碎、充分搅拌,1,高,E1 无营养档案,该原料没有营养档案：生熟状态为空、无法按档案核算营养,补营养档案映射
正式食谱,大米南瓜鸡胸兔里脊,红甜椒,蔬菜类及制品,FOOD,(无档案),,去瓤、生重、打碎、充分搅拌,2,高,E1 无营养档案 + A4 同原料口径不一致,该原料没有营养档案：生熟状态为空、无法按档案核算营养；该原料在不同食谱里既写过生重又写过熟重,补营养档案映射；统一口径
正式食谱,大米南瓜鸡胸兔里脊,红甜椒,蔬菜类及制品,FOOD,(无档案),,去瓤、生重、打碎、充分搅拌,2,高,E1 无营养档案 + A4 同原料口径不一致,该原料没有营养档案：生熟状态为空、无法按档案核算营养；该原料在不同食谱里既写过生重又写过熟重,补营养档案映射；统一口径
正式食谱,大米南瓜鸡胸兔里脊,白蘑菇,菌藻类,FOOD,(无档案),,生重、打碎、充分搅拌,1,高,E1 无营养档案,该原料没有营养档案：生熟状态为空、无法按档案核算营养,补营养档案映射
正式食谱,大米南瓜鸡胸兔里脊,白蘑菇,菌藻类,FOOD,(无档案),,生重、打碎、充分搅拌,1,高,E1 无营养档案,该原料没有营养档案：生熟状态为空、无法按档案核算营养,补营养档案映射
正式食谱,大米南瓜鸡胸兔里脊,苹果,水果类及制品,FOOD,(无档案),,留皮、去瓤、生重、打碎、充分搅拌,1,高,E1 无营养档案,该原料没有营养档案：生熟状态为空、无法按档案核算营养,补营养档案映射
正式食谱,大米南瓜鸡胸兔里脊,苹果,水果类及制品,FOOD,(无档案),,留皮、去瓤、生重、打碎、充分搅拌,1,高,E1 无营养档案,该原料没有营养档案：生熟状态为空、无法按档案核算营养,补营养档案映射
正式食谱,大米南瓜鸡胸兔里脊,姜黄粉,调味品类,FOOD,(无档案),,充分搅拌,1,高,E1 无营养档案,该原料没有营养档案：生熟状态为空、无法按档案核算营养,补营养档案映射
正式食谱,大米南瓜鸡胸兔里脊,姜黄粉,调味品类,FOOD,(无档案),,充分搅拌,1,高,E1 无营养档案,该原料没有营养档案：生熟状态为空、无法按档案核算营养,补营养档案映射
正式食谱,大米南瓜鸡胸兔里脊,生葵花籽仁,坚果种子类,FOOD,(无档案),,生重、打碎、充分搅拌,1,高,E1 无营养档案,该原料没有营养档案：生熟状态为空、无法按档案核算营养,补营养档案映射
正式食谱,大米南瓜鸡胸兔里脊,生葵花籽仁,坚果种子类,FOOD,(无档案),,生重、打碎、充分搅拌,1,高,E1 无营养档案,该原料没有营养档案：生熟状态为空、无法按档案核算营养,补营养档案映射
正式食谱,大米南瓜鸡胸兔里脊,食用盐,调味品类,FOOD,(无档案),,充分搅拌,1,高,E1 无营养档案,该原料没有营养档案：生熟状态为空、无法按档案核算营养,补营养档案映射
正式食谱,大米南瓜鸡胸兔里脊,食用盐,调味品类,FOOD,(无档案),,充分搅拌,1,高,E1 无营养档案,该原料没有营养档案：生熟状态为空、无法按档案核算营养,补营养档案映射
正式食谱,大米南瓜鸡胸兔里脊,鸡蛋壳粉,乳类及制品,SUPPLEMENT,(无档案),,充分搅拌,1,高,E1 无营养档案,该原料没有营养档案：生熟状态为空、无法按档案核算营养,补营养档案映射
正式食谱,大米南瓜鸡胸兔里脊,鸡蛋壳粉,乳类及制品,SUPPLEMENT,(无档案),,充分搅拌,1,高,E1 无营养档案,该原料没有营养档案：生熟状态为空、无法按档案核算营养,补营养档案映射
正式食谱,大米南瓜鸡胸兔里脊,海藻粉,乳类及制品,SUPPLEMENT,(无档案),,充分搅拌,1,高,E1 无营养档案,该原料没有营养档案：生熟状态为空、无法按档案核算营养,补营养档案映射
正式食谱,大米南瓜鸡胸兔里脊,海藻粉,乳类及制品,SUPPLEMENT,(无档案),,充分搅拌,1,高,E1 无营养档案,该原料没有营养档案：生熟状态为空、无法按档案核算营养,补营养档案映射
正式食谱,大米燕麦三文鱼兔里脊,西兰花,蔬菜类及制品,FOOD,COOKED,熟,生重、打碎、充分搅拌,2,高,A1 熟档案却写生重 + A4 同原料口径不一致,营养数据是熟食口径，却让按生重称量；该原料在不同食谱里既写过生重又写过熟重,文案改「熟重」或「煮熟后称重」；统一口径
正式食谱,大米红薯兔里脊,红薯,薯类及制品,FOOD,COOKED,熟,去皮、生重、打碎、充分搅拌,2,高,A1 熟档案却写生重 + A4 同原料口径不一致,营养数据是熟食口径，却让按生重称量；该原料在不同食谱里既写过生重又写过熟重,文案改「熟重」或「煮熟后称重」；统一口径
正式食谱,大米红薯兔里脊,红甜椒,蔬菜类及制品,FOOD,RAW,生,去籽、煮熟后称重、打碎、充分搅拌,3,高,B5 非标准词 + A2 生档案却写熟重 + A4 同原料口径不一致,自由文本：去籽；营养数据是生食口径，却让按熟重称量；该原料在不同食谱里既写过生重又写过熟重,归入受控词表或补进字典；先定规则：改文案或改档案；统一口径
正式食谱,好久 的鲜食食谱 09/06,鹅胸肉,禽肉类及制品,FOOD,RAW,生,(空),1,高,B3 文案为空,没有任何制备/称重说明,按原料+档案状态补全标准文案
正式食谱,好久 的鲜食食谱 09/06,南瓜,蔬菜类及制品,FOOD,RAW,生,去皮、去瓤、煮熟后称重、充分搅拌,2,高,A2 生档案却写熟重 + A4 同原料口径不一致,营养数据是生食口径，却让按熟重称量；该原料在不同食谱里既写过生重又写过熟重,先定规则：改文案或改档案；统一口径
正式食谱,好久 的鲜食食谱 09/06,胡萝卜,蔬菜类及制品,FOOD,RAW,生,煮熟后称重、打碎、充分搅拌,2,高,A2 生档案却写熟重 + A4 同原料口径不一致,营养数据是生食口径，却让按熟重称量；该原料在不同食谱里既写过生重又写过熟重,先定规则：改文案或改档案；统一口径
正式食谱,好久 的鲜食食谱 09/06,糙米,谷类及制品,FOOD,RAW,生,煮熟后称重、打碎、充分搅拌,2,高,A2 生档案却写熟重 + A4 同原料口径不一致,营养数据是生食口径，却让按熟重称量；该原料在不同食谱里既写过生重又写过熟重,先定规则：改文案或改档案；统一口径
正式食谱,好久 的鲜食食谱 09/06,红薯,薯类及制品,FOOD,RAW,生,去皮、煮熟后称重、打碎、充分搅拌,2,高,A2 生档案却写熟重 + A4 同原料口径不一致,营养数据是生食口径，却让按熟重称量；该原料在不同食谱里既写过生重又写过熟重,先定规则：改文案或改档案；统一口径
正式食谱,好久 的鲜食食谱 09/06,南瓜,蔬菜类及制品,FOOD,RAW,生,去皮、去瓤、煮熟后称重、充分搅拌,2,高,A2 生档案却写熟重 + A4 同原料口径不一致,营养数据是生食口径，却让按熟重称量；该原料在不同食谱里既写过生重又写过熟重,先定规则：改文案或改档案；统一口径
正式食谱,好久 的鲜食食谱 09/06,冬瓜,蔬菜类及制品,FOOD,RAW,生,(空),1,高,B3 文案为空,没有任何制备/称重说明,按原料+档案状态补全标准文案
正式食谱,小瓜 的鲜食食谱 07/02,小米,谷类及制品,FOOD,RAW,生,浸泡60分钟、煮熟后称重、充分搅拌,2,高,A2 生档案却写熟重 + A4 同原料口径不一致,营养数据是生食口径，却让按熟重称量；该原料在不同食谱里既写过生重又写过熟重,先定规则：改文案或改档案；统一口径
正式食谱,小瓜 的鲜食食谱 07/02,鸡蛋,蛋类及制品,FOOD,COOKED,熟,去壳、全蛋、生重、充分搅拌,1,高,A1 熟档案却写生重,营养数据是熟食口径，却让按生重称量,文案改「熟重」或「煮熟后称重」
正式食谱,小瓜 的鲜食食谱 07/15,卷心菜,蔬菜类及制品,FOOD,COOKED,熟,生重、打碎、静置30分钟、充分搅拌,1,高,A1 熟档案却写生重,营养数据是熟食口径，却让按生重称量,文案改「熟重」或「煮熟后称重」
正式食谱,小瓜 的鲜食食谱 07/15,鸡蛋,蛋类及制品,FOOD,COOKED,熟,去壳、全蛋、生重、充分搅拌,1,高,A1 熟档案却写生重,营养数据是熟食口径，却让按生重称量,文案改「熟重」或「煮熟后称重」
正式食谱,小瓜 的鲜食食谱 07/15,猪肝,畜肉类及制品,FOOD,COOKED,熟,去油、生重、焯水、打碎、充分搅拌,1,高,A1 熟档案却写生重,营养数据是熟食口径，却让按生重称量,文案改「熟重」或「煮熟后称重」
正式食谱,小瓜 的鲜食食谱 07/15,猪肾,畜肉类及制品,FOOD,COOKED,熟,(空),2,高,B3 文案为空 + A3 熟档案未写口径,没有任何制备/称重说明；没写按生重还是熟重称量,按原料+档案状态补全标准文案；补「熟重」
正式食谱,小米三文鱼猪里脊(幺鸡),娃娃菜,蔬菜类及制品,FOOD,COOKED,熟,生重、打碎、充分搅拌,1,高,A1 熟档案却写生重,营养数据是熟食口径，却让按生重称量,文案改「熟重」或「煮熟后称重」
正式食谱,小米山药猪肉,猪里脊,畜肉类及制品,FOOD,(无档案),,去油、生重、打碎、充分搅拌,1,高,E1 无营养档案,该原料没有营养档案：生熟状态为空、无法按档案核算营养,补营养档案映射
正式食谱,小米山药猪肉,猪里脊,畜肉类及制品,FOOD,(无档案),,去油、生重、打碎、充分搅拌,1,高,E1 无营养档案,该原料没有营养档案：生熟状态为空、无法按档案核算营养,补营养档案映射
正式食谱,小米山药猪肉,猪肝,畜肉类及制品,FOOD,(无档案),,去油、生重、焯水、打碎、充分搅拌,1,高,E1 无营养档案,该原料没有营养档案：生熟状态为空、无法按档案核算营养,补营养档案映射
正式食谱,小米山药猪肉,猪肝,畜肉类及制品,FOOD,(无档案),,去油、生重、焯水、打碎、充分搅拌,1,高,E1 无营养档案,该原料没有营养档案：生熟状态为空、无法按档案核算营养,补营养档案映射
正式食谱,小米山药猪肉,青花鱼,水产类,FOOD,(无档案),,去骨、生重、打碎、充分搅拌,1,高,E1 无营养档案,该原料没有营养档案：生熟状态为空、无法按档案核算营养,补营养档案映射
正式食谱,小米山药猪肉,青花鱼,水产类,FOOD,(无档案),,去骨、生重、打碎、充分搅拌,1,高,E1 无营养档案,该原料没有营养档案：生熟状态为空、无法按档案核算营养,补营养档案映射
正式食谱,小米山药猪肉,生蚝,水产类,FOOD,(无档案),,去壳、生重、焯水、打碎、充分搅拌,1,高,E1 无营养档案,该原料没有营养档案：生熟状态为空、无法按档案核算营养,补营养档案映射
正式食谱,小米山药猪肉,生蚝,水产类,FOOD,(无档案),,去壳、生重、焯水、打碎、充分搅拌,1,高,E1 无营养档案,该原料没有营养档案：生熟状态为空、无法按档案核算营养,补营养档案映射
正式食谱,小米山药猪肉,小米,谷类及制品,FOOD,(无档案),,浸泡60分钟、煮熟后称重、充分搅拌,2,高,E1 无营养档案 + A4 同原料口径不一致,该原料没有营养档案：生熟状态为空、无法按档案核算营养；该原料在不同食谱里既写过生重又写过熟重,补营养档案映射；统一口径
正式食谱,小米山药猪肉,小米,谷类及制品,FOOD,(无档案),,浸泡60分钟、煮熟后称重、充分搅拌,2,高,E1 无营养档案 + A4 同原料口径不一致,该原料没有营养档案：生熟状态为空、无法按档案核算营养；该原料在不同食谱里既写过生重又写过熟重,补营养档案映射；统一口径
正式食谱,小米山药猪肉,山药,薯类及制品,FOOD,(无档案),,去皮、煮熟后称重、打碎、充分搅拌,2,高,E1 无营养档案 + A4 同原料口径不一致,该原料没有营养档案：生熟状态为空、无法按档案核算营养；该原料在不同食谱里既写过生重又写过熟重,补营养档案映射；统一口径
正式食谱,小米山药猪肉,山药,薯类及制品,FOOD,(无档案),,去皮、煮熟后称重、打碎、充分搅拌,2,高,E1 无营养档案 + A4 同原料口径不一致,该原料没有营养档案：生熟状态为空、无法按档案核算营养；该原料在不同食谱里既写过生重又写过熟重,补营养档案映射；统一口径
正式食谱,小米山药猪肉,燕麦,谷类及制品,FOOD,(无档案),,打碎、充分搅拌,1,高,E1 无营养档案,该原料没有营养档案：生熟状态为空、无法按档案核算营养,补营养档案映射
正式食谱,小米山药猪肉,燕麦,谷类及制品,FOOD,(无档案),,打碎、充分搅拌,1,高,E1 无营养档案,该原料没有营养档案：生熟状态为空、无法按档案核算营养,补营养档案映射
正式食谱,小米山药猪肉,生菜,蔬菜类及制品,FOOD,(无档案),,生重、焯水、打碎、充分搅拌,1,高,E1 无营养档案,该原料没有营养档案：生熟状态为空、无法按档案核算营养,补营养档案映射
正式食谱,小米山药猪肉,生菜,蔬菜类及制品,FOOD,(无档案),,生重、焯水、打碎、充分搅拌,1,高,E1 无营养档案,该原料没有营养档案：生熟状态为空、无法按档案核算营养,补营养档案映射
正式食谱,小米山药猪肉,花椰菜,蔬菜类及制品,FOOD,(无档案),,去老梗、焯水后称重、打碎、充分搅拌,2,高,E1 无营养档案 + B5 非标准词,该原料没有营养档案：生熟状态为空、无法按档案核算营养；自由文本：焯水后称重,补营养档案映射；归入受控词表或补进字典
正式食谱,小米山药猪肉,花椰菜,蔬菜类及制品,FOOD,(无档案),,去老梗、焯水后称重、打碎、充分搅拌,2,高,E1 无营养档案 + B5 非标准词,该原料没有营养档案：生熟状态为空、无法按档案核算营养；自由文本：焯水后称重,补营养档案映射；归入受控词表或补进字典
正式食谱,小米山药猪肉,小麦胚芽油,油脂类,FOOD,(无档案),,充分搅拌,1,高,E1 无营养档案,该原料没有营养档案：生熟状态为空、无法按档案核算营养,补营养档案映射
正式食谱,小米山药猪肉,小麦胚芽油,油脂类,FOOD,(无档案),,充分搅拌,1,高,E1 无营养档案,该原料没有营养档案：生熟状态为空、无法按档案核算营养,补营养档案映射
正式食谱,小米山药猪肉,食用盐,调味品类,FOOD,(无档案),,充分搅拌,1,高,E1 无营养档案,该原料没有营养档案：生熟状态为空、无法按档案核算营养,补营养档案映射
正式食谱,小米山药猪肉,食用盐,调味品类,FOOD,(无档案),,充分搅拌,1,高,E1 无营养档案,该原料没有营养档案：生熟状态为空、无法按档案核算营养,补营养档案映射
正式食谱,小米山药猪肉,鸡蛋壳粉,乳类及制品,SUPPLEMENT,(无档案),,充分搅拌,1,高,E1 无营养档案,该原料没有营养档案：生熟状态为空、无法按档案核算营养,补营养档案映射
正式食谱,小米山药猪肉,鸡蛋壳粉,乳类及制品,SUPPLEMENT,(无档案),,充分搅拌,1,高,E1 无营养档案,该原料没有营养档案：生熟状态为空、无法按档案核算营养,补营养档案映射
正式食谱,小米山药猪肉,海藻粉,乳类及制品,SUPPLEMENT,(无档案),,充分搅拌,1,高,E1 无营养档案,该原料没有营养档案：生熟状态为空、无法按档案核算营养,补营养档案映射
正式食谱,小米山药猪肉,海藻粉,乳类及制品,SUPPLEMENT,(无档案),,充分搅拌,1,高,E1 无营养档案,该原料没有营养档案：生熟状态为空、无法按档案核算营养,补营养档案映射
正式食谱,小米山药猪肉,胆碱片,乳类及制品,SUPPLEMENT,(无档案),,打粉、充分搅拌,1,高,E1 无营养档案,该原料没有营养档案：生熟状态为空、无法按档案核算营养,补营养档案映射
正式食谱,小米山药猪肉,胆碱片,乳类及制品,SUPPLEMENT,(无档案),,打粉、充分搅拌,1,高,E1 无营养档案,该原料没有营养档案：生熟状态为空、无法按档案核算营养,补营养档案映射
正式食谱,小米山药猪肉,牛磺酸胶囊,乳类及制品,SUPPLEMENT,(无档案),,充分搅拌,1,高,E1 无营养档案,该原料没有营养档案：生熟状态为空、无法按档案核算营养,补营养档案映射
正式食谱,小米山药猪肉,牛磺酸胶囊,乳类及制品,SUPPLEMENT,(无档案),,充分搅拌,1,高,E1 无营养档案,该原料没有营养档案：生熟状态为空、无法按档案核算营养,补营养档案映射
正式食谱,小米山药猪肉,洋车前子壳粉,乳类及制品,SUPPLEMENT,(无档案),,充分搅拌,1,高,E1 无营养档案,该原料没有营养档案：生熟状态为空、无法按档案核算营养,补营养档案映射
正式食谱,小米山药猪肉,洋车前子壳粉,乳类及制品,SUPPLEMENT,(无档案),,充分搅拌,1,高,E1 无营养档案,该原料没有营养档案：生熟状态为空、无法按档案核算营养,补营养档案映射
正式食谱,小米山药猪肉 (副本),小米,谷类及制品,FOOD,RAW,生,浸泡60分钟、煮熟后称重、充分搅拌,2,高,A2 生档案却写熟重 + A4 同原料口径不一致,营养数据是生食口径，却让按熟重称量；该原料在不同食谱里既写过生重又写过熟重,先定规则：改文案或改档案；统一口径
正式食谱,小米山药猪肉 (副本),小米,谷类及制品,FOOD,RAW,生,浸泡60分钟、煮熟后称重、充分搅拌,2,高,A2 生档案却写熟重 + A4 同原料口径不一致,营养数据是生食口径，却让按熟重称量；该原料在不同食谱里既写过生重又写过熟重,先定规则：改文案或改档案；统一口径
正式食谱,小米山药猪肉 (副本),山药,薯类及制品,FOOD,RAW,生,去皮、煮熟后称重、打碎、充分搅拌,2,高,A2 生档案却写熟重 + A4 同原料口径不一致,营养数据是生食口径，却让按熟重称量；该原料在不同食谱里既写过生重又写过熟重,先定规则：改文案或改档案；统一口径
正式食谱,小米山药猪肉 (副本),山药,薯类及制品,FOOD,RAW,生,去皮、煮熟后称重、打碎、充分搅拌,2,高,A2 生档案却写熟重 + A4 同原料口径不一致,营养数据是生食口径，却让按熟重称量；该原料在不同食谱里既写过生重又写过熟重,先定规则：改文案或改档案；统一口径
正式食谱,小米红豆兔里脊火鸡胸,火鸡胸,禽肉类及制品,FOOD,(无档案),,去油、去皮、生重、打碎、充分搅拌,1,高,E1 无营养档案,该原料没有营养档案：生熟状态为空、无法按档案核算营养,补营养档案映射
正式食谱,小米红豆兔里脊火鸡胸,火鸡胸,禽肉类及制品,FOOD,(无档案),,去油、去皮、生重、打碎、充分搅拌,1,高,E1 无营养档案,该原料没有营养档案：生熟状态为空、无法按档案核算营养,补营养档案映射
正式食谱,小米红豆兔里脊火鸡胸,兔里脊,畜肉类及制品,FOOD,(无档案),,去油、去皮、生重、打碎、充分搅拌,1,高,E1 无营养档案,该原料没有营养档案：生熟状态为空、无法按档案核算营养,补营养档案映射
正式食谱,小米红豆兔里脊火鸡胸,兔里脊,畜肉类及制品,FOOD,(无档案),,去油、去皮、生重、打碎、充分搅拌,1,高,E1 无营养档案,该原料没有营养档案：生熟状态为空、无法按档案核算营养,补营养档案映射
正式食谱,小米红豆兔里脊火鸡胸,猪心,畜肉类及制品,FOOD,(无档案),,去油、生重、打碎、充分搅拌,1,高,E1 无营养档案,该原料没有营养档案：生熟状态为空、无法按档案核算营养,补营养档案映射
正式食谱,小米红豆兔里脊火鸡胸,猪心,畜肉类及制品,FOOD,(无档案),,去油、生重、打碎、充分搅拌,1,高,E1 无营养档案,该原料没有营养档案：生熟状态为空、无法按档案核算营养,补营养档案映射
正式食谱,小米红豆兔里脊火鸡胸,猪肝,畜肉类及制品,FOOD,(无档案),,去油、生重、打碎、充分搅拌,1,高,E1 无营养档案,该原料没有营养档案：生熟状态为空、无法按档案核算营养,补营养档案映射
正式食谱,小米红豆兔里脊火鸡胸,猪肝,畜肉类及制品,FOOD,(无档案),,去油、生重、打碎、充分搅拌,1,高,E1 无营养档案,该原料没有营养档案：生熟状态为空、无法按档案核算营养,补营养档案映射
正式食谱,小米红豆兔里脊火鸡胸,小米,谷类及制品,FOOD,(无档案),,生重、充分搅拌,2,高,E1 无营养档案 + A4 同原料口径不一致,该原料没有营养档案：生熟状态为空、无法按档案核算营养；该原料在不同食谱里既写过生重又写过熟重,补营养档案映射；统一口径
正式食谱,小米红豆兔里脊火鸡胸,小米,谷类及制品,FOOD,(无档案),,生重、充分搅拌,2,高,E1 无营养档案 + A4 同原料口径不一致,该原料没有营养档案：生熟状态为空、无法按档案核算营养；该原料在不同食谱里既写过生重又写过熟重,补营养档案映射；统一口径
正式食谱,小米红豆兔里脊火鸡胸,红小豆,谷类及制品,FOOD,(无档案),,生重、打碎、充分搅拌,2,高,E1 无营养档案 + A4 同原料口径不一致,该原料没有营养档案：生熟状态为空、无法按档案核算营养；该原料在不同食谱里既写过生重又写过熟重,补营养档案映射；统一口径
正式食谱,小米红豆兔里脊火鸡胸,红小豆,谷类及制品,FOOD,(无档案),,生重、打碎、充分搅拌,2,高,E1 无营养档案 + A4 同原料口径不一致,该原料没有营养档案：生熟状态为空、无法按档案核算营养；该原料在不同食谱里既写过生重又写过熟重,补营养档案映射；统一口径
正式食谱,小米红豆兔里脊火鸡胸,南瓜,蔬菜类及制品,FOOD,(无档案),,去皮、去瓤、生重、打碎、充分搅拌,2,高,E1 无营养档案 + A4 同原料口径不一致,该原料没有营养档案：生熟状态为空、无法按档案核算营养；该原料在不同食谱里既写过生重又写过熟重,补营养档案映射；统一口径
正式食谱,小米红豆兔里脊火鸡胸,南瓜,蔬菜类及制品,FOOD,(无档案),,去皮、去瓤、生重、打碎、充分搅拌,2,高,E1 无营养档案 + A4 同原料口径不一致,该原料没有营养档案：生熟状态为空、无法按档案核算营养；该原料在不同食谱里既写过生重又写过熟重,补营养档案映射；统一口径
正式食谱,小米红豆兔里脊火鸡胸,胡萝卜,蔬菜类及制品,FOOD,(无档案),,留皮、生重、打碎、充分搅拌,2,高,E1 无营养档案 + A4 同原料口径不一致,该原料没有营养档案：生熟状态为空、无法按档案核算营养；该原料在不同食谱里既写过生重又写过熟重,补营养档案映射；统一口径
正式食谱,小米红豆兔里脊火鸡胸,胡萝卜,蔬菜类及制品,FOOD,(无档案),,留皮、生重、打碎、充分搅拌,2,高,E1 无营养档案 + A4 同原料口径不一致,该原料没有营养档案：生熟状态为空、无法按档案核算营养；该原料在不同食谱里既写过生重又写过熟重,补营养档案映射；统一口径
正式食谱,小米红豆兔里脊火鸡胸,卷心菜,蔬菜类及制品,FOOD,(无档案),,生重、打碎、充分搅拌,1,高,E1 无营养档案,该原料没有营养档案：生熟状态为空、无法按档案核算营养,补营养档案映射
正式食谱,小米红豆兔里脊火鸡胸,卷心菜,蔬菜类及制品,FOOD,(无档案),,生重、打碎、充分搅拌,1,高,E1 无营养档案,该原料没有营养档案：生熟状态为空、无法按档案核算营养,补营养档案映射
正式食谱,小米红豆兔里脊火鸡胸,生南瓜籽仁,坚果种子类,FOOD,(无档案),,生重、打碎、充分搅拌,1,高,E1 无营养档案,该原料没有营养档案：生熟状态为空、无法按档案核算营养,补营养档案映射
正式食谱,小米红豆兔里脊火鸡胸,生南瓜籽仁,坚果种子类,FOOD,(无档案),,生重、打碎、充分搅拌,1,高,E1 无营养档案,该原料没有营养档案：生熟状态为空、无法按档案核算营养,补营养档案映射
正式食谱,小米红豆兔里脊火鸡胸,食用盐,调味品类,FOOD,(无档案),,充分搅拌,1,高,E1 无营养档案,该原料没有营养档案：生熟状态为空、无法按档案核算营养,补营养档案映射
正式食谱,小米红豆兔里脊火鸡胸,食用盐,调味品类,FOOD,(无档案),,充分搅拌,1,高,E1 无营养档案,该原料没有营养档案：生熟状态为空、无法按档案核算营养,补营养档案映射
正式食谱,小米红豆兔里脊火鸡胸,碳酸钙粉,乳类及制品,SUPPLEMENT,(无档案),,充分搅拌,1,高,E1 无营养档案,该原料没有营养档案：生熟状态为空、无法按档案核算营养,补营养档案映射
正式食谱,小米红豆兔里脊火鸡胸,碳酸钙粉,乳类及制品,SUPPLEMENT,(无档案),,充分搅拌,1,高,E1 无营养档案,该原料没有营养档案：生熟状态为空、无法按档案核算营养,补营养档案映射
正式食谱,小米红豆兔里脊火鸡胸,葡萄糖酸锌片,乳类及制品,SUPPLEMENT,(无档案),,打粉、充分搅拌,1,高,E1 无营养档案,该原料没有营养档案：生熟状态为空、无法按档案核算营养,补营养档案映射
正式食谱,小米红豆兔里脊火鸡胸,葡萄糖酸锌片,乳类及制品,SUPPLEMENT,(无档案),,打粉、充分搅拌,1,高,E1 无营养档案,该原料没有营养档案：生熟状态为空、无法按档案核算营养,补营养档案映射
正式食谱,小米红豆兔里脊火鸡胸,维生素D3胶囊,乳类及制品,SUPPLEMENT,(无档案),,(空),2,高,E1 无营养档案 + B3b 补剂/油/粉空文案,该原料没有营养档案：生熟状态为空、无法按档案核算营养；补剂/油/粉无生熟概念，按剂量称取即可，空文案影响小,补营养档案映射；批量套用「直接称取」模板
正式食谱,小米红豆兔里脊火鸡胸,维生素D3胶囊,乳类及制品,SUPPLEMENT,(无档案),,(空),2,高,E1 无营养档案 + B3b 补剂/油/粉空文案,该原料没有营养档案：生熟状态为空、无法按档案核算营养；补剂/油/粉无生熟概念，按剂量称取即可，空文案影响小,补营养档案映射；批量套用「直接称取」模板
正式食谱,小米红豆兔里脊火鸡胸,海藻粉,乳类及制品,SUPPLEMENT,(无档案),,充分搅拌,1,高,E1 无营养档案,该原料没有营养档案：生熟状态为空、无法按档案核算营养,补营养档案映射
正式食谱,小米红豆兔里脊火鸡胸,海藻粉,乳类及制品,SUPPLEMENT,(无档案),,充分搅拌,1,高,E1 无营养档案,该原料没有营养档案：生熟状态为空、无法按档案核算营养,补营养档案映射
正式食谱,小米红豆兔里脊火鸡胸,维生素E胶囊 ,乳类及制品,SUPPLEMENT,(无档案),,(空),2,高,E1 无营养档案 + B3b 补剂/油/粉空文案,该原料没有营养档案：生熟状态为空、无法按档案核算营养；补剂/油/粉无生熟概念，按剂量称取即可，空文案影响小,补营养档案映射；批量套用「直接称取」模板
正式食谱,小米红豆兔里脊火鸡胸,维生素E胶囊 ,乳类及制品,SUPPLEMENT,(无档案),,(空),2,高,E1 无营养档案 + B3b 补剂/油/粉空文案,该原料没有营养档案：生熟状态为空、无法按档案核算营养；补剂/油/粉无生熟概念，按剂量称取即可，空文案影响小,补营养档案映射；批量套用「直接称取」模板
正式食谱,小米红豆兔里脊火鸡胸,胆碱片,乳类及制品,SUPPLEMENT,(无档案),,打粉、充分搅拌,1,高,E1 无营养档案,该原料没有营养档案：生熟状态为空、无法按档案核算营养,补营养档案映射
正式食谱,小米红豆兔里脊火鸡胸,胆碱片,乳类及制品,SUPPLEMENT,(无档案),,打粉、充分搅拌,1,高,E1 无营养档案,该原料没有营养档案：生熟状态为空、无法按档案核算营养,补营养档案映射
正式食谱,小米红豆兔里脊火鸡胸,鱼油胶囊,乳类及制品,SUPPLEMENT,(无档案),,充分搅拌,1,高,E1 无营养档案,该原料没有营养档案：生熟状态为空、无法按档案核算营养,补营养档案映射
正式食谱,小米红豆兔里脊火鸡胸,鱼油胶囊,乳类及制品,SUPPLEMENT,(无档案),,充分搅拌,1,高,E1 无营养档案,该原料没有营养档案：生熟状态为空、无法按档案核算营养,补营养档案映射
正式食谱,小米鳕鱼鸡胸,鸡胸,禽肉类及制品,FOOD,(无档案),,去油、去皮、生重、打碎、充分搅拌,1,高,E1 无营养档案,该原料没有营养档案：生熟状态为空、无法按档案核算营养,补营养档案映射
正式食谱,小米鳕鱼鸡胸,狭鳕鱼柳,水产类,FOOD,(无档案),,生重、打碎、充分搅拌,1,高,E1 无营养档案,该原料没有营养档案：生熟状态为空、无法按档案核算营养,补营养档案映射
正式食谱,小米鳕鱼鸡胸,鸡蛋,蛋类及制品,FOOD,(无档案),,去壳、全蛋、生重、充分搅拌,1,高,E1 无营养档案,该原料没有营养档案：生熟状态为空、无法按档案核算营养,补营养档案映射
正式食谱,小米鳕鱼鸡胸,鸭肝,禽肉类及制品,FOOD,(无档案),,去油、生重、打碎、充分搅拌,1,高,E1 无营养档案,该原料没有营养档案：生熟状态为空、无法按档案核算营养,补营养档案映射
正式食谱,小米鳕鱼鸡胸,小米,谷类及制品,FOOD,COOKED,熟,生重、打碎、充分搅拌,2,高,A1 熟档案却写生重 + A4 同原料口径不一致,营养数据是熟食口径，却让按生重称量；该原料在不同食谱里既写过生重又写过熟重,文案改「熟重」或「煮熟后称重」；统一口径
正式食谱,小米鳕鱼鸡胸,小米,谷类及制品,FOOD,COOKED,熟,生重、打碎、充分搅拌,2,高,A1 熟档案却写生重 + A4 同原料口径不一致,营养数据是熟食口径，却让按生重称量；该原料在不同食谱里既写过生重又写过熟重,文案改「熟重」或「煮熟后称重」；统一口径
正式食谱,小米鳕鱼鸡胸,小米,谷类及制品,FOOD,(无档案),,生重、打碎、充分搅拌,2,高,E1 无营养档案 + A4 同原料口径不一致,该原料没有营养档案：生熟状态为空、无法按档案核算营养；该原料在不同食谱里既写过生重又写过熟重,补营养档案映射；统一口径
正式食谱,小米鳕鱼鸡胸,小米,谷类及制品,FOOD,COOKED,熟,生重、打碎、充分搅拌,2,高,A1 熟档案却写生重 + A4 同原料口径不一致,营养数据是熟食口径，却让按生重称量；该原料在不同食谱里既写过生重又写过熟重,文案改「熟重」或「煮熟后称重」；统一口径
正式食谱,小米鳕鱼鸡胸,小米,谷类及制品,FOOD,COOKED,熟,生重、打碎、充分搅拌,2,高,A1 熟档案却写生重 + A4 同原料口径不一致,营养数据是熟食口径，却让按生重称量；该原料在不同食谱里既写过生重又写过熟重,文案改「熟重」或「煮熟后称重」；统一口径
正式食谱,小米鳕鱼鸡胸,小米,谷类及制品,FOOD,COOKED,熟,生重、打碎、充分搅拌,2,高,A1 熟档案却写生重 + A4 同原料口径不一致,营养数据是熟食口径，却让按生重称量；该原料在不同食谱里既写过生重又写过熟重,文案改「熟重」或「煮熟后称重」；统一口径
正式食谱,小米鳕鱼鸡胸,红薯,薯类及制品,FOOD,COOKED,熟,去皮、生重、打碎、充分搅拌,2,高,A1 熟档案却写生重 + A4 同原料口径不一致,营养数据是熟食口径，却让按生重称量；该原料在不同食谱里既写过生重又写过熟重,文案改「熟重」或「煮熟后称重」；统一口径
正式食谱,小米鳕鱼鸡胸,红薯,薯类及制品,FOOD,COOKED,熟,去皮、生重、打碎、充分搅拌,2,高,A1 熟档案却写生重 + A4 同原料口径不一致,营养数据是熟食口径，却让按生重称量；该原料在不同食谱里既写过生重又写过熟重,文案改「熟重」或「煮熟后称重」；统一口径
正式食谱,小米鳕鱼鸡胸,红薯,薯类及制品,FOOD,(无档案),,去皮、生重、打碎、充分搅拌,2,高,E1 无营养档案 + A4 同原料口径不一致,该原料没有营养档案：生熟状态为空、无法按档案核算营养；该原料在不同食谱里既写过生重又写过熟重,补营养档案映射；统一口径
正式食谱,小米鳕鱼鸡胸,红薯,薯类及制品,FOOD,COOKED,熟,去皮、生重、打碎、充分搅拌,2,高,A1 熟档案却写生重 + A4 同原料口径不一致,营养数据是熟食口径，却让按生重称量；该原料在不同食谱里既写过生重又写过熟重,文案改「熟重」或「煮熟后称重」；统一口径
正式食谱,小米鳕鱼鸡胸,红薯,薯类及制品,FOOD,COOKED,熟,去皮、生重、打碎、充分搅拌,2,高,A1 熟档案却写生重 + A4 同原料口径不一致,营养数据是熟食口径，却让按生重称量；该原料在不同食谱里既写过生重又写过熟重,文案改「熟重」或「煮熟后称重」；统一口径
正式食谱,小米鳕鱼鸡胸,红薯,薯类及制品,FOOD,COOKED,熟,去皮、生重、打碎、充分搅拌,2,高,A1 熟档案却写生重 + A4 同原料口径不一致,营养数据是熟食口径，却让按生重称量；该原料在不同食谱里既写过生重又写过熟重,文案改「熟重」或「煮熟后称重」；统一口径
正式食谱,小米鳕鱼鸡胸,秋葵,蔬菜类及制品,FOOD,COOKED,熟,生重、打碎、充分搅拌,2,高,A1 熟档案却写生重 + A4 同原料口径不一致,营养数据是熟食口径，却让按生重称量；该原料在不同食谱里既写过生重又写过熟重,文案改「熟重」或「煮熟后称重」；统一口径
正式食谱,小米鳕鱼鸡胸,秋葵,蔬菜类及制品,FOOD,(无档案),,生重、打碎、充分搅拌,2,高,E1 无营养档案 + A4 同原料口径不一致,该原料没有营养档案：生熟状态为空、无法按档案核算营养；该原料在不同食谱里既写过生重又写过熟重,补营养档案映射；统一口径
正式食谱,小米鳕鱼鸡胸,秋葵,蔬菜类及制品,FOOD,COOKED,熟,生重、打碎、充分搅拌,2,高,A1 熟档案却写生重 + A4 同原料口径不一致,营养数据是熟食口径，却让按生重称量；该原料在不同食谱里既写过生重又写过熟重,文案改「熟重」或「煮熟后称重」；统一口径
正式食谱,小米鳕鱼鸡胸,秋葵,蔬菜类及制品,FOOD,COOKED,熟,生重、打碎、充分搅拌,2,高,A1 熟档案却写生重 + A4 同原料口径不一致,营养数据是熟食口径，却让按生重称量；该原料在不同食谱里既写过生重又写过熟重,文案改「熟重」或「煮熟后称重」；统一口径
正式食谱,小米鳕鱼鸡胸,苹果,水果类及制品,FOOD,(无档案),,留皮、去瓤、生重、打碎、充分搅拌,1,高,E1 无营养档案,该原料没有营养档案：生熟状态为空、无法按档案核算营养,补营养档案映射
正式食谱,小米鳕鱼鸡胸,生葵花籽仁,坚果种子类,FOOD,(无档案),,生重、打碎、充分搅拌,1,高,E1 无营养档案,该原料没有营养档案：生熟状态为空、无法按档案核算营养,补营养档案映射
正式食谱,小米鳕鱼鸡胸,奇亚籽,坚果种子类,FOOD,(无档案),,生重、打碎、充分搅拌,1,高,E1 无营养档案,该原料没有营养档案：生熟状态为空、无法按档案核算营养,补营养档案映射
正式食谱,小米鳕鱼鸡胸,食用盐,调味品类,FOOD,(无档案),,充分搅拌,1,高,E1 无营养档案,该原料没有营养档案：生熟状态为空、无法按档案核算营养,补营养档案映射
正式食谱,小米鳕鱼鸡胸,鸡蛋壳粉,乳类及制品,SUPPLEMENT,(无档案),,充分搅拌,1,高,E1 无营养档案,该原料没有营养档案：生熟状态为空、无法按档案核算营养,补营养档案映射
正式食谱,小米鳕鱼鸡胸,葡萄糖酸锌片,乳类及制品,SUPPLEMENT,(无档案),,打粉、充分搅拌,1,高,E1 无营养档案,该原料没有营养档案：生熟状态为空、无法按档案核算营养,补营养档案映射
正式食谱,小米鳕鱼鸡胸,海藻粉,乳类及制品,SUPPLEMENT,(无档案),,充分搅拌,1,高,E1 无营养档案,该原料没有营养档案：生熟状态为空、无法按档案核算营养,补营养档案映射
正式食谱,小豆 的鲜食食谱 08/27,糙米,谷类及制品,FOOD,RAW,生,煮熟后称重、打碎、充分搅拌,2,高,A2 生档案却写熟重 + A4 同原料口径不一致,营养数据是生食口径，却让按熟重称量；该原料在不同食谱里既写过生重又写过熟重,先定规则：改文案或改档案；统一口径
正式食谱,小豆 的鲜食食谱 08/27,红薯,薯类及制品,FOOD,RAW,生,去皮、煮熟后称重、打碎、充分搅拌,2,高,A2 生档案却写熟重 + A4 同原料口径不一致,营养数据是生食口径，却让按熟重称量；该原料在不同食谱里既写过生重又写过熟重,先定规则：改文案或改档案；统一口径
正式食谱,小豆 的鲜食食谱 08/29,鳕鱼颈背肉,水产类,FOOD,RAW,生,(空),1,高,B3 文案为空,没有任何制备/称重说明,按原料+档案状态补全标准文案
正式食谱,小豆 的鲜食食谱 08/29,南瓜,蔬菜类及制品,FOOD,RAW,生,去皮、去瓤、煮熟后称重、打碎、充分搅拌,2,高,A2 生档案却写熟重 + A4 同原料口径不一致,营养数据是生食口径，却让按熟重称量；该原料在不同食谱里既写过生重又写过熟重,先定规则：改文案或改档案；统一口径
正式食谱,小豆 的鲜食食谱 08/29,紫薯,蔬菜类及制品,FOOD,RAW,生,去皮、煮熟后称重,1,高,A2 生档案却写熟重,营养数据是生食口径，却让按熟重称量,先定规则：改文案或改档案
正式食谱,小豆 的鲜食食谱 08/29,鳕鱼颈背肉,水产类,FOOD,COOKED,熟,(空),2,高,B3 文案为空 + A3 熟档案未写口径,没有任何制备/称重说明；没写按生重还是熟重称量,按原料+档案状态补全标准文案；补「熟重」
正式食谱,山药 辅食,山药,薯类及制品,FOOD,RAW,生,去皮、煮熟后称重、打碎、充分搅拌,2,高,A2 生档案却写熟重 + A4 同原料口径不一致,营养数据是生食口径，却让按熟重称量；该原料在不同食谱里既写过生重又写过熟重,先定规则：改文案或改档案；统一口径
正式食谱,布丁定制食谱,大米,谷类及制品,FOOD,RAW,生,煮熟后称重、打碎、充分搅拌,1,高,A2 生档案却写熟重,营养数据是生食口径，却让按熟重称量,先定规则：改文案或改档案
正式食谱,帽帽 的鲜食食谱 07/10,山药,薯类及制品,FOOD,RAW,生,去皮、煮熟后称重、打碎、充分搅拌,2,高,A2 生档案却写熟重 + A4 同原料口径不一致,营养数据是生食口径，却让按熟重称量；该原料在不同食谱里既写过生重又写过熟重,先定规则：改文案或改档案；统一口径
正式食谱,帽帽 的鲜食食谱 07/10,南瓜,蔬菜类及制品,FOOD,RAW,生,去瓤、去皮、煮熟后沥水、称重、打碎、充分搅拌,3,高,B5 非标准词 + A2 生档案却写熟重 + A4 同原料口径不一致,自由文本：煮熟后沥水 / 称重；营养数据是生食口径，却让按熟重称量；该原料在不同食谱里既写过生重又写过熟重,归入受控词表或补进字典；先定规则：改文案或改档案；统一口径
正式食谱,帽帽 的鲜食食谱 07/10,小米,谷类及制品,FOOD,RAW,生,煮熟后称重、充分搅拌,2,高,A2 生档案却写熟重 + A4 同原料口径不一致,营养数据是生食口径，却让按熟重称量；该原料在不同食谱里既写过生重又写过熟重,先定规则：改文案或改档案；统一口径
正式食谱,当前名称：排敏：鸡肉7.2-7.6,鸡胸,禽肉类及制品,FOOD,COOKED,熟,去油、去皮、生重、打碎、充分搅拌,1,高,A1 熟档案却写生重,营养数据是熟食口径，却让按生重称量,文案改「熟重」或「煮熟后称重」
正式食谱,当前名称：排敏：鸡肉7.2-7.6,胡萝卜,蔬菜类及制品,FOOD,COOKED,熟,生重、打碎、充分搅拌,2,高,A1 熟档案却写生重 + A4 同原料口径不一致,营养数据是熟食口径，却让按生重称量；该原料在不同食谱里既写过生重又写过熟重,文案改「熟重」或「煮熟后称重」；统一口径
正式食谱,当前名称：排敏：鸡肉7.2-7.6,鲜香菇,菌藻类,FOOD,COOKED,熟,生重、打碎、充分搅拌,1,高,A1 熟档案却写生重,营养数据是熟食口径，却让按生重称量,文案改「熟重」或「煮熟后称重」
正式食谱,当前名称：排敏：鸡肉7.2-7.6,鸡蛋,蛋类及制品,FOOD,COOKED,熟,去壳、全蛋、生重、充分搅拌,1,高,A1 熟档案却写生重,营养数据是熟食口径，却让按生重称量,文案改「熟重」或「煮熟后称重」
正式食谱,排敏：猪肉7.7-12,小米,谷类及制品,FOOD,RAW,生,煮熟后称重、充分搅拌,2,高,A2 生档案却写熟重 + A4 同原料口径不一致,营养数据是生食口径，却让按熟重称量；该原料在不同食谱里既写过生重又写过熟重,先定规则：改文案或改档案；统一口径
正式食谱,排敏：猪肉7.7-12,白蘑菇,菌藻类,FOOD,COOKED,熟,生重、打碎、充分搅拌,1,高,A1 熟档案却写生重,营养数据是熟食口径，却让按生重称量,文案改「熟重」或「煮熟后称重」
正式食谱,排敏：猪肉7.7-12,娃娃菜,蔬菜类及制品,FOOD,COOKED,熟,生重、打碎、充分搅拌,1,高,A1 熟档案却写生重,营养数据是熟食口径，却让按生重称量,文案改「熟重」或「煮熟后称重」
正式食谱,排敏：猪肉7.7-12,鸡蛋,蛋类及制品,FOOD,COOKED,熟,去壳、全蛋、生重、充分搅拌,1,高,A1 熟档案却写生重,营养数据是熟食口径，却让按生重称量,文案改「熟重」或「煮熟后称重」
正式食谱,杂粮三文鱼猪肉,猪里脊,畜肉类及制品,FOOD,(无档案),,去皮、去油、生重、打碎、充分搅拌,1,高,E1 无营养档案,该原料没有营养档案：生熟状态为空、无法按档案核算营养,补营养档案映射
正式食谱,杂粮三文鱼猪肉,猪里脊,畜肉类及制品,FOOD,(无档案),,去皮、去油、生重、打碎、充分搅拌,1,高,E1 无营养档案,该原料没有营养档案：生熟状态为空、无法按档案核算营养,补营养档案映射
正式食谱,杂粮三文鱼猪肉,鸡蛋,蛋类及制品,FOOD,(无档案),,去壳、全蛋、生重、充分搅拌,1,高,E1 无营养档案,该原料没有营养档案：生熟状态为空、无法按档案核算营养,补营养档案映射
正式食谱,杂粮三文鱼猪肉,鸡蛋,蛋类及制品,FOOD,(无档案),,去壳、全蛋、生重、充分搅拌,1,高,E1 无营养档案,该原料没有营养档案：生熟状态为空、无法按档案核算营养,补营养档案映射
正式食谱,杂粮三文鱼猪肉,三文鱼,水产类,FOOD,(无档案),,去皮、去骨、生重、打碎、充分搅拌,1,高,E1 无营养档案,该原料没有营养档案：生熟状态为空、无法按档案核算营养,补营养档案映射
正式食谱,杂粮三文鱼猪肉,三文鱼,水产类,FOOD,(无档案),,去皮、去骨、生重、打碎、充分搅拌,1,高,E1 无营养档案,该原料没有营养档案：生熟状态为空、无法按档案核算营养,补营养档案映射
正式食谱,杂粮三文鱼猪肉,牛肝,畜肉类及制品,FOOD,(无档案),,去油、生重、打碎、充分搅拌,1,高,E1 无营养档案,该原料没有营养档案：生熟状态为空、无法按档案核算营养,补营养档案映射
正式食谱,杂粮三文鱼猪肉,牛肝,畜肉类及制品,FOOD,(无档案),,去油、生重、打碎、充分搅拌,1,高,E1 无营养档案,该原料没有营养档案：生熟状态为空、无法按档案核算营养,补营养档案映射
正式食谱,杂粮三文鱼猪肉,糙米,谷类及制品,FOOD,(无档案),,煮熟后称重、打碎、充分搅拌,2,高,E1 无营养档案 + A4 同原料口径不一致,该原料没有营养档案：生熟状态为空、无法按档案核算营养；该原料在不同食谱里既写过生重又写过熟重,补营养档案映射；统一口径
正式食谱,杂粮三文鱼猪肉,糙米,谷类及制品,FOOD,(无档案),,煮熟后称重、打碎、充分搅拌,2,高,E1 无营养档案 + A4 同原料口径不一致,该原料没有营养档案：生熟状态为空、无法按档案核算营养；该原料在不同食谱里既写过生重又写过熟重,补营养档案映射；统一口径
正式食谱,杂粮三文鱼猪肉,小米,谷类及制品,FOOD,(无档案),,煮熟后称重、充分搅拌,2,高,E1 无营养档案 + A4 同原料口径不一致,该原料没有营养档案：生熟状态为空、无法按档案核算营养；该原料在不同食谱里既写过生重又写过熟重,补营养档案映射；统一口径
正式食谱,杂粮三文鱼猪肉,小米,谷类及制品,FOOD,(无档案),,煮熟后称重、充分搅拌,2,高,E1 无营养档案 + A4 同原料口径不一致,该原料没有营养档案：生熟状态为空、无法按档案核算营养；该原料在不同食谱里既写过生重又写过熟重,补营养档案映射；统一口径
正式食谱,杂粮三文鱼猪肉,南瓜,蔬菜类及制品,FOOD,(无档案),,去皮、去瓤、煮熟后称重、打碎、充分搅拌,2,高,E1 无营养档案 + A4 同原料口径不一致,该原料没有营养档案：生熟状态为空、无法按档案核算营养；该原料在不同食谱里既写过生重又写过熟重,补营养档案映射；统一口径
正式食谱,杂粮三文鱼猪肉,南瓜,蔬菜类及制品,FOOD,(无档案),,去皮、去瓤、煮熟后称重、打碎、充分搅拌,2,高,E1 无营养档案 + A4 同原料口径不一致,该原料没有营养档案：生熟状态为空、无法按档案核算营养；该原料在不同食谱里既写过生重又写过熟重,补营养档案映射；统一口径
正式食谱,杂粮三文鱼猪肉,娃娃菜,蔬菜类及制品,FOOD,(无档案),,生重、打碎、充分搅拌,1,高,E1 无营养档案,该原料没有营养档案：生熟状态为空、无法按档案核算营养,补营养档案映射
正式食谱,杂粮三文鱼猪肉,娃娃菜,蔬菜类及制品,FOOD,(无档案),,生重、打碎、充分搅拌,1,高,E1 无营养档案,该原料没有营养档案：生熟状态为空、无法按档案核算营养,补营养档案映射
正式食谱,杂粮三文鱼猪肉,红甜椒,蔬菜类及制品,FOOD,(无档案),,去瓤、生重、打碎、充分搅拌,2,高,E1 无营养档案 + A4 同原料口径不一致,该原料没有营养档案：生熟状态为空、无法按档案核算营养；该原料在不同食谱里既写过生重又写过熟重,补营养档案映射；统一口径
正式食谱,杂粮三文鱼猪肉,红甜椒,蔬菜类及制品,FOOD,(无档案),,去瓤、生重、打碎、充分搅拌,2,高,E1 无营养档案 + A4 同原料口径不一致,该原料没有营养档案：生熟状态为空、无法按档案核算营养；该原料在不同食谱里既写过生重又写过熟重,补营养档案映射；统一口径
正式食谱,杂粮三文鱼猪肉,生葵花籽仁,坚果种子类,FOOD,(无档案),,生重、打碎、充分搅拌,1,高,E1 无营养档案,该原料没有营养档案：生熟状态为空、无法按档案核算营养,补营养档案映射
正式食谱,杂粮三文鱼猪肉,生葵花籽仁,坚果种子类,FOOD,(无档案),,生重、打碎、充分搅拌,1,高,E1 无营养档案,该原料没有营养档案：生熟状态为空、无法按档案核算营养,补营养档案映射
正式食谱,杂粮三文鱼猪肉,姜黄粉,调味品类,FOOD,(无档案),,充分搅拌,1,高,E1 无营养档案,该原料没有营养档案：生熟状态为空、无法按档案核算营养,补营养档案映射
正式食谱,杂粮三文鱼猪肉,姜黄粉,调味品类,FOOD,(无档案),,充分搅拌,1,高,E1 无营养档案,该原料没有营养档案：生熟状态为空、无法按档案核算营养,补营养档案映射
正式食谱,杂粮三文鱼猪肉,食用盐,调味品类,FOOD,(无档案),,充分搅拌,1,高,E1 无营养档案,该原料没有营养档案：生熟状态为空、无法按档案核算营养,补营养档案映射
正式食谱,杂粮三文鱼猪肉,食用盐,调味品类,FOOD,(无档案),,充分搅拌,1,高,E1 无营养档案,该原料没有营养档案：生熟状态为空、无法按档案核算营养,补营养档案映射
正式食谱,杂粮三文鱼猪肉,鸡蛋壳粉,乳类及制品,SUPPLEMENT,(无档案),,充分搅拌,1,高,E1 无营养档案,该原料没有营养档案：生熟状态为空、无法按档案核算营养,补营养档案映射
正式食谱,杂粮三文鱼猪肉,鸡蛋壳粉,乳类及制品,SUPPLEMENT,(无档案),,充分搅拌,1,高,E1 无营养档案,该原料没有营养档案：生熟状态为空、无法按档案核算营养,补营养档案映射
正式食谱,杂粮三文鱼猪肉,海藻粉,乳类及制品,SUPPLEMENT,(无档案),,充分搅拌,1,高,E1 无营养档案,该原料没有营养档案：生熟状态为空、无法按档案核算营养,补营养档案映射
正式食谱,杂粮三文鱼猪肉,海藻粉,乳类及制品,SUPPLEMENT,(无档案),,充分搅拌,1,高,E1 无营养档案,该原料没有营养档案：生熟状态为空、无法按档案核算营养,补营养档案映射
正式食谱,杂粮三文鱼猪肉,葡萄糖酸锌片,乳类及制品,SUPPLEMENT,(无档案),,打粉、充分搅拌,1,高,E1 无营养档案,该原料没有营养档案：生熟状态为空、无法按档案核算营养,补营养档案映射
正式食谱,杂粮三文鱼猪肉,葡萄糖酸锌片,乳类及制品,SUPPLEMENT,(无档案),,打粉、充分搅拌,1,高,E1 无营养档案,该原料没有营养档案：生熟状态为空、无法按档案核算营养,补营养档案映射
正式食谱,李开心定制食谱（兔+猪）,兔里脊,畜肉类及制品,FOOD,(无档案),,去油、生重、打碎、充分搅拌,1,高,E1 无营养档案,该原料没有营养档案：生熟状态为空、无法按档案核算营养,补营养档案映射
正式食谱,李开心定制食谱（兔+猪）,猪里脊,畜肉类及制品,FOOD,(无档案),,去油、生重、打碎、充分搅拌,1,高,E1 无营养档案,该原料没有营养档案：生熟状态为空、无法按档案核算营养,补营养档案映射
正式食谱,李开心定制食谱（兔+猪）,三文鱼,水产类,FOOD,(无档案),,去皮、去骨、生重、打碎、充分搅拌,1,高,E1 无营养档案,该原料没有营养档案：生熟状态为空、无法按档案核算营养,补营养档案映射
正式食谱,李开心定制食谱（兔+猪）,猪肝,畜肉类及制品,FOOD,(无档案),,去油、生重、打碎、充分搅拌,1,高,E1 无营养档案,该原料没有营养档案：生熟状态为空、无法按档案核算营养,补营养档案映射
正式食谱,李开心定制食谱（兔+猪）,小米,谷类及制品,FOOD,(无档案),,煮熟后称重、充分搅拌,2,高,E1 无营养档案 + A4 同原料口径不一致,该原料没有营养档案：生熟状态为空、无法按档案核算营养；该原料在不同食谱里既写过生重又写过熟重,补营养档案映射；统一口径
正式食谱,李开心定制食谱（兔+猪）,红薯,薯类及制品,FOOD,(无档案),,去皮、煮熟后称重、打碎、充分搅拌,2,高,E1 无营养档案 + A4 同原料口径不一致,该原料没有营养档案：生熟状态为空、无法按档案核算营养；该原料在不同食谱里既写过生重又写过熟重,补营养档案映射；统一口径
正式食谱,李开心定制食谱（兔+猪）,秋葵,蔬菜类及制品,FOOD,(无档案),,煮熟后称重、打碎、充分搅拌,2,高,E1 无营养档案 + A4 同原料口径不一致,该原料没有营养档案：生熟状态为空、无法按档案核算营养；该原料在不同食谱里既写过生重又写过熟重,补营养档案映射；统一口径
正式食谱,李开心定制食谱（兔+猪）,白蘑菇,菌藻类,FOOD,(无档案),,生重、打碎、充分搅拌,1,高,E1 无营养档案,该原料没有营养档案：生熟状态为空、无法按档案核算营养,补营养档案映射
正式食谱,李开心定制食谱（兔+猪）,苹果,水果类及制品,FOOD,(无档案),,去瓤、留皮、生重、打碎、充分搅拌,1,高,E1 无营养档案,该原料没有营养档案：生熟状态为空、无法按档案核算营养,补营养档案映射
正式食谱,李开心定制食谱（兔+猪）,小麦胚芽油,油脂类,FOOD,(无档案),,生重、充分搅拌,1,高,E1 无营养档案,该原料没有营养档案：生熟状态为空、无法按档案核算营养,补营养档案映射
正式食谱,李开心定制食谱（兔+猪）,食用盐,调味品类,FOOD,(无档案),,充分搅拌,1,高,E1 无营养档案,该原料没有营养档案：生熟状态为空、无法按档案核算营养,补营养档案映射
正式食谱,李开心定制食谱（兔+猪）,海藻粉,乳类及制品,SUPPLEMENT,(无档案),,充分搅拌,1,高,E1 无营养档案,该原料没有营养档案：生熟状态为空、无法按档案核算营养,补营养档案映射
正式食谱,李开心定制食谱（兔+猪）,碳酸钙粉,乳类及制品,SUPPLEMENT,(无档案),,充分搅拌,1,高,E1 无营养档案,该原料没有营养档案：生熟状态为空、无法按档案核算营养,补营养档案映射
正式食谱,李开心定制食谱（兔+猪）,葡萄糖酸锌片,乳类及制品,SUPPLEMENT,(无档案),,打粉、充分搅拌,1,高,E1 无营养档案,该原料没有营养档案：生熟状态为空、无法按档案核算营养,补营养档案映射
正式食谱,李开心定制食谱（兔+猪）,胆碱片,乳类及制品,SUPPLEMENT,(无档案),,打粉、充分搅拌,1,高,E1 无营养档案,该原料没有营养档案：生熟状态为空、无法按档案核算营养,补营养档案映射
正式食谱,李皮皮 的鲜食食谱 07/02,藜麦,谷类及制品,FOOD,COOKED,熟,生重、打粉、充分搅拌,2,高,A1 熟档案却写生重 + A4 同原料口径不一致,营养数据是熟食口径，却让按生重称量；该原料在不同食谱里既写过生重又写过熟重,文案改「熟重」或「煮熟后称重」；统一口径
正式食谱,李皮皮 的鲜食食谱 07/02,秋葵,蔬菜类及制品,FOOD,COOKED,熟,生重、打碎、充分搅拌,2,高,A1 熟档案却写生重 + A4 同原料口径不一致,营养数据是熟食口径，却让按生重称量；该原料在不同食谱里既写过生重又写过熟重,文案改「熟重」或「煮熟后称重」；统一口径
正式食谱,李皮皮 的鲜食食谱 07/02,胡萝卜,蔬菜类及制品,FOOD,COOKED,熟,生重、打碎、充分搅拌,2,高,A1 熟档案却写生重 + A4 同原料口径不一致,营养数据是熟食口径，却让按生重称量；该原料在不同食谱里既写过生重又写过熟重,文案改「熟重」或「煮熟后称重」；统一口径
正式食谱,李皮皮 的鲜食食谱 07/02,青口贝,水产类,FOOD,COOKED,熟,去壳、生重、打碎、充分搅拌,1,高,A1 熟档案却写生重,营养数据是熟食口径，却让按生重称量,文案改「熟重」或「煮熟后称重」
正式食谱,杠铃 的鲜食食谱 07/25,三文鱼,水产类,FOOD,COOKED,熟,去皮、去骨、生重、打碎、充分搅拌,1,高,A1 熟档案却写生重,营养数据是熟食口径，却让按生重称量,文案改「熟重」或「煮熟后称重」
正式食谱,杠铃 的鲜食食谱 07/25,鸭心,禽肉类及制品,FOOD,RAW,生,(空),1,高,B3 文案为空,没有任何制备/称重说明,按原料+档案状态补全标准文案
正式食谱,杠铃 的鲜食食谱 07/25,青口贝,水产类,FOOD,COOKED,熟,去壳、生重、打碎、充分搅拌,1,高,A1 熟档案却写生重,营养数据是熟食口径，却让按生重称量,文案改「熟重」或「煮熟后称重」
正式食谱,杠铃 的鲜食食谱 07/25,西兰花,蔬菜类及制品,FOOD,COOKED,熟,生重、打碎、充分搅拌,2,高,A1 熟档案却写生重 + A4 同原料口径不一致,营养数据是熟食口径，却让按生重称量；该原料在不同食谱里既写过生重又写过熟重,文案改「熟重」或「煮熟后称重」；统一口径
正式食谱,杠铃 的鲜食食谱 07/25,猪肾,畜肉类及制品,FOOD,RAW,生,(空),1,高,B3 文案为空,没有任何制备/称重说明,按原料+档案状态补全标准文案
正式食谱,来福 的鲜食食谱 08/06,鹅胸肉,禽肉类及制品,FOOD,RAW,生,(空),1,高,B3 文案为空,没有任何制备/称重说明,按原料+档案状态补全标准文案
正式食谱,来福 的鲜食食谱 08/06,鳕鱼颈背肉,水产类,FOOD,RAW,生,(空),1,高,B3 文案为空,没有任何制备/称重说明,按原料+档案状态补全标准文案
正式食谱,来福 的鲜食食谱 08/06,金针菇,菌藻类,FOOD,RAW,生,(空),1,高,B3 文案为空,没有任何制备/称重说明,按原料+档案状态补全标准文案
正式食谱,柠檬茶 的鲜食食谱 08/05,小米,谷类及制品,FOOD,RAW,生,煮熟后称重、充分搅拌,2,高,A2 生档案却写熟重 + A4 同原料口径不一致,营养数据是生食口径，却让按熟重称量；该原料在不同食谱里既写过生重又写过熟重,先定规则：改文案或改档案；统一口径
正式食谱,柠檬茶 的鲜食食谱 08/05,紫薯,蔬菜类及制品,FOOD,RAW,生,(空),1,高,B3 文案为空,没有任何制备/称重说明,按原料+档案状态补全标准文案
正式食谱,桑迪 的鲜食食谱 07/25,黄瓜,蔬菜类及制品,FOOD,RAW,生,(空),1,高,B3 文案为空,没有任何制备/称重说明,按原料+档案状态补全标准文案
正式食谱,桑迪 的鲜食食谱 07/25,紫薯,蔬菜类及制品,FOOD,RAW,生,(空),1,高,B3 文案为空,没有任何制备/称重说明,按原料+档案状态补全标准文案
正式食谱,灿灿 的鲜食食谱 08/17,藜麦,谷类及制品,FOOD,COOKED,熟,生重、打粉、充分搅拌,2,高,A1 熟档案却写生重 + A4 同原料口径不一致,营养数据是熟食口径，却让按生重称量；该原料在不同食谱里既写过生重又写过熟重,文案改「熟重」或「煮熟后称重」；统一口径
正式食谱,灿灿 的鲜食食谱 08/17,西兰花,蔬菜类及制品,FOOD,COOKED,熟,生重、打碎、充分搅拌,2,高,A1 熟档案却写生重 + A4 同原料口径不一致,营养数据是熟食口径，却让按生重称量；该原料在不同食谱里既写过生重又写过熟重,文案改「熟重」或「煮熟后称重」；统一口径
正式食谱,灿灿 的鲜食食谱 08/17,鲜香菇,菌藻类,FOOD,COOKED,熟,生重、打碎、充分搅拌,1,高,A1 熟档案却写生重,营养数据是熟食口径，却让按生重称量,文案改「熟重」或「煮熟后称重」
正式食谱,灿灿 的鲜食食谱 08/17,紫甘蓝,蔬菜类及制品,FOOD,COOKED,熟,生重、打碎、充分搅拌,2,高,A1 熟档案却写生重 + A4 同原料口径不一致,营养数据是熟食口径，却让按生重称量；该原料在不同食谱里既写过生重又写过熟重,文案改「熟重」或「煮熟后称重」；统一口径
正式食谱,燕麦三文鱼猪肉,猪里脊,畜肉类及制品,FOOD,(无档案),,生重、打碎、充分搅拌,1,高,E1 无营养档案,该原料没有营养档案：生熟状态为空、无法按档案核算营养,补营养档案映射
正式食谱,燕麦三文鱼猪肉,猪里脊,畜肉类及制品,FOOD,(无档案),,生重、打碎、充分搅拌,1,高,E1 无营养档案,该原料没有营养档案：生熟状态为空、无法按档案核算营养,补营养档案映射
正式食谱,燕麦三文鱼猪肉,猪里脊,畜肉类及制品,FOOD,(无档案),,生重、打碎、充分搅拌,1,高,E1 无营养档案,该原料没有营养档案：生熟状态为空、无法按档案核算营养,补营养档案映射
正式食谱,燕麦三文鱼猪肉,猪里脊,畜肉类及制品,FOOD,(无档案),,生重、打碎、充分搅拌,1,高,E1 无营养档案,该原料没有营养档案：生熟状态为空、无法按档案核算营养,补营养档案映射
正式食谱,燕麦三文鱼猪肉,猪心,畜肉类及制品,FOOD,(无档案),,生重、打碎、充分搅拌,1,高,E1 无营养档案,该原料没有营养档案：生熟状态为空、无法按档案核算营养,补营养档案映射
正式食谱,燕麦三文鱼猪肉,猪心,畜肉类及制品,FOOD,(无档案),,生重、打碎、充分搅拌,1,高,E1 无营养档案,该原料没有营养档案：生熟状态为空、无法按档案核算营养,补营养档案映射
正式食谱,燕麦三文鱼猪肉,猪心,畜肉类及制品,FOOD,(无档案),,生重、打碎、充分搅拌,1,高,E1 无营养档案,该原料没有营养档案：生熟状态为空、无法按档案核算营养,补营养档案映射
正式食谱,燕麦三文鱼猪肉,猪心,畜肉类及制品,FOOD,(无档案),,生重、打碎、充分搅拌,1,高,E1 无营养档案,该原料没有营养档案：生熟状态为空、无法按档案核算营养,补营养档案映射
正式食谱,燕麦三文鱼猪肉,生蚝,水产类,FOOD,(无档案),,去壳、生重、打碎、充分搅拌,1,高,E1 无营养档案,该原料没有营养档案：生熟状态为空、无法按档案核算营养,补营养档案映射
正式食谱,燕麦三文鱼猪肉,猪肝,畜肉类及制品,FOOD,(无档案),,生重、打碎、充分搅拌,1,高,E1 无营养档案,该原料没有营养档案：生熟状态为空、无法按档案核算营养,补营养档案映射
正式食谱,燕麦三文鱼猪肉,生蚝,水产类,FOOD,(无档案),,去壳、生重、打碎、充分搅拌,1,高,E1 无营养档案,该原料没有营养档案：生熟状态为空、无法按档案核算营养,补营养档案映射
正式食谱,燕麦三文鱼猪肉,猪肝,畜肉类及制品,FOOD,(无档案),,生重、打碎、充分搅拌,1,高,E1 无营养档案,该原料没有营养档案：生熟状态为空、无法按档案核算营养,补营养档案映射
正式食谱,燕麦三文鱼猪肉,生蚝,水产类,FOOD,(无档案),,去壳、生重、打碎、充分搅拌,1,高,E1 无营养档案,该原料没有营养档案：生熟状态为空、无法按档案核算营养,补营养档案映射
正式食谱,燕麦三文鱼猪肉,三文鱼,水产类,FOOD,(无档案),,去骨、生重、打碎、充分搅拌,1,高,E1 无营养档案,该原料没有营养档案：生熟状态为空、无法按档案核算营养,补营养档案映射
正式食谱,燕麦三文鱼猪肉,三文鱼,水产类,FOOD,(无档案),,去骨、生重、打碎、充分搅拌,1,高,E1 无营养档案,该原料没有营养档案：生熟状态为空、无法按档案核算营养,补营养档案映射
正式食谱,燕麦三文鱼猪肉,生蚝,水产类,FOOD,(无档案),,去壳、生重、打碎、充分搅拌,1,高,E1 无营养档案,该原料没有营养档案：生熟状态为空、无法按档案核算营养,补营养档案映射
正式食谱,燕麦三文鱼猪肉,鸡蛋,蛋类及制品,FOOD,(无档案),,去壳、全蛋、生重、充分搅拌,1,高,E1 无营养档案,该原料没有营养档案：生熟状态为空、无法按档案核算营养,补营养档案映射
正式食谱,燕麦三文鱼猪肉,鸡蛋,蛋类及制品,FOOD,(无档案),,去壳、全蛋、生重、充分搅拌,1,高,E1 无营养档案,该原料没有营养档案：生熟状态为空、无法按档案核算营养,补营养档案映射
正式食谱,燕麦三文鱼猪肉,三文鱼,水产类,FOOD,(无档案),,去骨、生重、打碎、充分搅拌,1,高,E1 无营养档案,该原料没有营养档案：生熟状态为空、无法按档案核算营养,补营养档案映射
正式食谱,燕麦三文鱼猪肉,三文鱼,水产类,FOOD,(无档案),,去骨、生重、打碎、充分搅拌,1,高,E1 无营养档案,该原料没有营养档案：生熟状态为空、无法按档案核算营养,补营养档案映射
正式食谱,燕麦三文鱼猪肉,鸡蛋,蛋类及制品,FOOD,(无档案),,去壳、全蛋、生重、充分搅拌,1,高,E1 无营养档案,该原料没有营养档案：生熟状态为空、无法按档案核算营养,补营养档案映射
正式食谱,燕麦三文鱼猪肉,燕麦,谷类及制品,FOOD,(无档案),,打碎、充分搅拌,1,高,E1 无营养档案,该原料没有营养档案：生熟状态为空、无法按档案核算营养,补营养档案映射
正式食谱,燕麦三文鱼猪肉,鸡蛋,蛋类及制品,FOOD,(无档案),,去壳、全蛋、生重、充分搅拌,1,高,E1 无营养档案,该原料没有营养档案：生熟状态为空、无法按档案核算营养,补营养档案映射
正式食谱,燕麦三文鱼猪肉,燕麦,谷类及制品,FOOD,(无档案),,打碎、充分搅拌,1,高,E1 无营养档案,该原料没有营养档案：生熟状态为空、无法按档案核算营养,补营养档案映射
正式食谱,燕麦三文鱼猪肉,南瓜,蔬菜类及制品,FOOD,(无档案),,去皮、去瓤、生重、打碎、充分搅拌,2,高,E1 无营养档案 + A4 同原料口径不一致,该原料没有营养档案：生熟状态为空、无法按档案核算营养；该原料在不同食谱里既写过生重又写过熟重,补营养档案映射；统一口径
正式食谱,燕麦三文鱼猪肉,燕麦,谷类及制品,FOOD,(无档案),,打碎、充分搅拌,1,高,E1 无营养档案,该原料没有营养档案：生熟状态为空、无法按档案核算营养,补营养档案映射
正式食谱,燕麦三文鱼猪肉,南瓜,蔬菜类及制品,FOOD,(无档案),,去皮、去瓤、生重、打碎、充分搅拌,2,高,E1 无营养档案 + A4 同原料口径不一致,该原料没有营养档案：生熟状态为空、无法按档案核算营养；该原料在不同食谱里既写过生重又写过熟重,补营养档案映射；统一口径
正式食谱,燕麦三文鱼猪肉,燕麦,谷类及制品,FOOD,(无档案),,打碎、充分搅拌,1,高,E1 无营养档案,该原料没有营养档案：生熟状态为空、无法按档案核算营养,补营养档案映射
正式食谱,燕麦三文鱼猪肉,南瓜,蔬菜类及制品,FOOD,(无档案),,去皮、去瓤、生重、打碎、充分搅拌,2,高,E1 无营养档案 + A4 同原料口径不一致,该原料没有营养档案：生熟状态为空、无法按档案核算营养；该原料在不同食谱里既写过生重又写过熟重,补营养档案映射；统一口径
正式食谱,燕麦三文鱼猪肉,卷心菜,蔬菜类及制品,FOOD,(无档案),,生重、打碎、充分搅拌,1,高,E1 无营养档案,该原料没有营养档案：生熟状态为空、无法按档案核算营养,补营养档案映射
正式食谱,燕麦三文鱼猪肉,南瓜,蔬菜类及制品,FOOD,(无档案),,去皮、去瓤、生重、打碎、充分搅拌,2,高,E1 无营养档案 + A4 同原料口径不一致,该原料没有营养档案：生熟状态为空、无法按档案核算营养；该原料在不同食谱里既写过生重又写过熟重,补营养档案映射；统一口径
正式食谱,燕麦三文鱼猪肉,卷心菜,蔬菜类及制品,FOOD,(无档案),,生重、打碎、充分搅拌,1,高,E1 无营养档案,该原料没有营养档案：生熟状态为空、无法按档案核算营养,补营养档案映射
正式食谱,燕麦三文鱼猪肉,红甜椒,蔬菜类及制品,FOOD,(无档案),,去瓤、生重、打碎、充分搅拌,2,高,E1 无营养档案 + A4 同原料口径不一致,该原料没有营养档案：生熟状态为空、无法按档案核算营养；该原料在不同食谱里既写过生重又写过熟重,补营养档案映射；统一口径
正式食谱,燕麦三文鱼猪肉,卷心菜,蔬菜类及制品,FOOD,(无档案),,生重、打碎、充分搅拌,1,高,E1 无营养档案,该原料没有营养档案：生熟状态为空、无法按档案核算营养,补营养档案映射
正式食谱,燕麦三文鱼猪肉,卷心菜,蔬菜类及制品,FOOD,(无档案),,生重、打碎、充分搅拌,1,高,E1 无营养档案,该原料没有营养档案：生熟状态为空、无法按档案核算营养,补营养档案映射
正式食谱,燕麦三文鱼猪肉,红甜椒,蔬菜类及制品,FOOD,(无档案),,去瓤、生重、打碎、充分搅拌,2,高,E1 无营养档案 + A4 同原料口径不一致,该原料没有营养档案：生熟状态为空、无法按档案核算营养；该原料在不同食谱里既写过生重又写过熟重,补营养档案映射；统一口径
正式食谱,燕麦三文鱼猪肉,生葵花籽仁,坚果种子类,FOOD,(无档案),,生重、打碎、充分搅拌,1,高,E1 无营养档案,该原料没有营养档案：生熟状态为空、无法按档案核算营养,补营养档案映射
正式食谱,燕麦三文鱼猪肉,红甜椒,蔬菜类及制品,FOOD,(无档案),,去瓤、生重、打碎、充分搅拌,2,高,E1 无营养档案 + A4 同原料口径不一致,该原料没有营养档案：生熟状态为空、无法按档案核算营养；该原料在不同食谱里既写过生重又写过熟重,补营养档案映射；统一口径
正式食谱,燕麦三文鱼猪肉,生葵花籽仁,坚果种子类,FOOD,(无档案),,生重、打碎、充分搅拌,1,高,E1 无营养档案,该原料没有营养档案：生熟状态为空、无法按档案核算营养,补营养档案映射
正式食谱,燕麦三文鱼猪肉,红甜椒,蔬菜类及制品,FOOD,(无档案),,去瓤、生重、打碎、充分搅拌,2,高,E1 无营养档案 + A4 同原料口径不一致,该原料没有营养档案：生熟状态为空、无法按档案核算营养；该原料在不同食谱里既写过生重又写过熟重,补营养档案映射；统一口径
正式食谱,燕麦三文鱼猪肉,生葵花籽仁,坚果种子类,FOOD,(无档案),,生重、打碎、充分搅拌,1,高,E1 无营养档案,该原料没有营养档案：生熟状态为空、无法按档案核算营养,补营养档案映射
正式食谱,燕麦三文鱼猪肉,橄榄油,油脂类,FOOD,(无档案),,生重、充分搅拌,1,高,E1 无营养档案,该原料没有营养档案：生熟状态为空、无法按档案核算营养,补营养档案映射
正式食谱,燕麦三文鱼猪肉,生葵花籽仁,坚果种子类,FOOD,(无档案),,生重、打碎、充分搅拌,1,高,E1 无营养档案,该原料没有营养档案：生熟状态为空、无法按档案核算营养,补营养档案映射
正式食谱,燕麦三文鱼猪肉,橄榄油,油脂类,FOOD,(无档案),,生重、充分搅拌,1,高,E1 无营养档案,该原料没有营养档案：生熟状态为空、无法按档案核算营养,补营养档案映射
正式食谱,燕麦三文鱼猪肉,食用盐,调味品类,FOOD,(无档案),,充分搅拌,1,高,E1 无营养档案,该原料没有营养档案：生熟状态为空、无法按档案核算营养,补营养档案映射
正式食谱,燕麦三文鱼猪肉,白芝麻,坚果种子类,FOOD,(无档案),,生重、充分搅拌,1,高,E1 无营养档案,该原料没有营养档案：生熟状态为空、无法按档案核算营养,补营养档案映射
正式食谱,燕麦三文鱼猪肉,白芝麻,坚果种子类,FOOD,(无档案),,生重、充分搅拌,1,高,E1 无营养档案,该原料没有营养档案：生熟状态为空、无法按档案核算营养,补营养档案映射
正式食谱,燕麦三文鱼猪肉,食用盐,调味品类,FOOD,(无档案),,充分搅拌,1,高,E1 无营养档案,该原料没有营养档案：生熟状态为空、无法按档案核算营养,补营养档案映射
正式食谱,燕麦三文鱼猪肉,鸡蛋壳粉,乳类及制品,SUPPLEMENT,(无档案),,充分搅拌,1,高,E1 无营养档案,该原料没有营养档案：生熟状态为空、无法按档案核算营养,补营养档案映射
正式食谱,燕麦三文鱼猪肉,橄榄油,油脂类,FOOD,(无档案),,生重、充分搅拌,1,高,E1 无营养档案,该原料没有营养档案：生熟状态为空、无法按档案核算营养,补营养档案映射
正式食谱,燕麦三文鱼猪肉,鸡蛋壳粉,乳类及制品,SUPPLEMENT,(无档案),,充分搅拌,1,高,E1 无营养档案,该原料没有营养档案：生熟状态为空、无法按档案核算营养,补营养档案映射
正式食谱,燕麦三文鱼猪肉,橄榄油,油脂类,FOOD,(无档案),,生重、充分搅拌,1,高,E1 无营养档案,该原料没有营养档案：生熟状态为空、无法按档案核算营养,补营养档案映射
正式食谱,燕麦三文鱼猪肉,食用盐,调味品类,FOOD,(无档案),,充分搅拌,1,高,E1 无营养档案,该原料没有营养档案：生熟状态为空、无法按档案核算营养,补营养档案映射
正式食谱,燕麦三文鱼猪肉,海藻粉,乳类及制品,SUPPLEMENT,(无档案),,充分搅拌,1,高,E1 无营养档案,该原料没有营养档案：生熟状态为空、无法按档案核算营养,补营养档案映射
正式食谱,燕麦三文鱼猪肉,食用盐,调味品类,FOOD,(无档案),,充分搅拌,1,高,E1 无营养档案,该原料没有营养档案：生熟状态为空、无法按档案核算营养,补营养档案映射
正式食谱,燕麦三文鱼猪肉,海藻粉,乳类及制品,SUPPLEMENT,(无档案),,充分搅拌,1,高,E1 无营养档案,该原料没有营养档案：生熟状态为空、无法按档案核算营养,补营养档案映射
正式食谱,燕麦三文鱼猪肉,骨粉,乳类及制品,SUPPLEMENT,(无档案),,充分搅拌,1,高,E1 无营养档案,该原料没有营养档案：生熟状态为空、无法按档案核算营养,补营养档案映射
正式食谱,燕麦三文鱼猪肉,骨粉,乳类及制品,SUPPLEMENT,(无档案),,充分搅拌,1,高,E1 无营养档案,该原料没有营养档案：生熟状态为空、无法按档案核算营养,补营养档案映射
正式食谱,燕麦三文鱼猪肉,海藻粉,乳类及制品,SUPPLEMENT,(无档案),,充分搅拌,1,高,E1 无营养档案,该原料没有营养档案：生熟状态为空、无法按档案核算营养,补营养档案映射
正式食谱,燕麦三文鱼猪肉,海藻粉,乳类及制品,SUPPLEMENT,(无档案),,充分搅拌,1,高,E1 无营养档案,该原料没有营养档案：生熟状态为空、无法按档案核算营养,补营养档案映射
正式食谱,燕麦山药牛肉饭,牛霖,畜肉类及制品,FOOD,(无档案),,去油、生重、打碎、充分搅拌,1,高,E1 无营养档案,该原料没有营养档案：生熟状态为空、无法按档案核算营养,补营养档案映射
正式食谱,燕麦山药牛肉饭,牛霖,畜肉类及制品,FOOD,(无档案),,去油、生重、打碎、充分搅拌,1,高,E1 无营养档案,该原料没有营养档案：生熟状态为空、无法按档案核算营养,补营养档案映射
正式食谱,燕麦山药牛肉饭,牛心,畜肉类及制品,FOOD,(无档案),,去油、生重、打碎、充分搅拌,1,高,E1 无营养档案,该原料没有营养档案：生熟状态为空、无法按档案核算营养,补营养档案映射
正式食谱,燕麦山药牛肉饭,牛心,畜肉类及制品,FOOD,(无档案),,去油、生重、打碎、充分搅拌,1,高,E1 无营养档案,该原料没有营养档案：生熟状态为空、无法按档案核算营养,补营养档案映射
正式食谱,燕麦山药牛肉饭,牛肝,畜肉类及制品,FOOD,(无档案),,去油、生重、打碎、充分搅拌,1,高,E1 无营养档案,该原料没有营养档案：生熟状态为空、无法按档案核算营养,补营养档案映射
正式食谱,燕麦山药牛肉饭,牛肝,畜肉类及制品,FOOD,(无档案),,去油、生重、打碎、充分搅拌,1,高,E1 无营养档案,该原料没有营养档案：生熟状态为空、无法按档案核算营养,补营养档案映射
正式食谱,燕麦山药牛肉饭,鸡蛋,蛋类及制品,FOOD,(无档案),,去壳、全蛋、生重、充分搅拌,1,高,E1 无营养档案,该原料没有营养档案：生熟状态为空、无法按档案核算营养,补营养档案映射
正式食谱,燕麦山药牛肉饭,鸡蛋,蛋类及制品,FOOD,(无档案),,去壳、全蛋、生重、充分搅拌,1,高,E1 无营养档案,该原料没有营养档案：生熟状态为空、无法按档案核算营养,补营养档案映射
正式食谱,燕麦山药牛肉饭,三文鱼,水产类,FOOD,(无档案),,去皮、去骨、生重、打碎、充分搅拌,1,高,E1 无营养档案,该原料没有营养档案：生熟状态为空、无法按档案核算营养,补营养档案映射
正式食谱,燕麦山药牛肉饭,三文鱼,水产类,FOOD,(无档案),,去皮、去骨、生重、打碎、充分搅拌,1,高,E1 无营养档案,该原料没有营养档案：生熟状态为空、无法按档案核算营养,补营养档案映射
正式食谱,燕麦山药牛肉饭,燕麦,谷类及制品,FOOD,(无档案),,生重、打碎、充分搅拌,1,高,E1 无营养档案,该原料没有营养档案：生熟状态为空、无法按档案核算营养,补营养档案映射
正式食谱,燕麦山药牛肉饭,燕麦,谷类及制品,FOOD,(无档案),,生重、打碎、充分搅拌,1,高,E1 无营养档案,该原料没有营养档案：生熟状态为空、无法按档案核算营养,补营养档案映射
正式食谱,燕麦山药牛肉饭,山药,薯类及制品,FOOD,(无档案),,去皮、生重、打碎、充分搅拌,2,高,E1 无营养档案 + A4 同原料口径不一致,该原料没有营养档案：生熟状态为空、无法按档案核算营养；该原料在不同食谱里既写过生重又写过熟重,补营养档案映射；统一口径
正式食谱,燕麦山药牛肉饭,山药,薯类及制品,FOOD,(无档案),,去皮、生重、打碎、充分搅拌,2,高,E1 无营养档案 + A4 同原料口径不一致,该原料没有营养档案：生熟状态为空、无法按档案核算营养；该原料在不同食谱里既写过生重又写过熟重,补营养档案映射；统一口径
正式食谱,燕麦山药牛肉饭,紫甘蓝,蔬菜类及制品,FOOD,(无档案),,生重、打碎、充分搅拌,2,高,E1 无营养档案 + A4 同原料口径不一致,该原料没有营养档案：生熟状态为空、无法按档案核算营养；该原料在不同食谱里既写过生重又写过熟重,补营养档案映射；统一口径
正式食谱,燕麦山药牛肉饭,紫甘蓝,蔬菜类及制品,FOOD,(无档案),,生重、打碎、充分搅拌,2,高,E1 无营养档案 + A4 同原料口径不一致,该原料没有营养档案：生熟状态为空、无法按档案核算营养；该原料在不同食谱里既写过生重又写过熟重,补营养档案映射；统一口径
正式食谱,燕麦山药牛肉饭,秋葵,蔬菜类及制品,FOOD,(无档案),,生重、打碎、充分搅拌,2,高,E1 无营养档案 + A4 同原料口径不一致,该原料没有营养档案：生熟状态为空、无法按档案核算营养；该原料在不同食谱里既写过生重又写过熟重,补营养档案映射；统一口径
正式食谱,燕麦山药牛肉饭,秋葵,蔬菜类及制品,FOOD,(无档案),,生重、打碎、充分搅拌,2,高,E1 无营养档案 + A4 同原料口径不一致,该原料没有营养档案：生熟状态为空、无法按档案核算营养；该原料在不同食谱里既写过生重又写过熟重,补营养档案映射；统一口径
正式食谱,燕麦山药牛肉饭,生葵花籽仁,坚果种子类,FOOD,(无档案),,生重、打碎、充分搅拌,1,高,E1 无营养档案,该原料没有营养档案：生熟状态为空、无法按档案核算营养,补营养档案映射
正式食谱,燕麦山药牛肉饭,生葵花籽仁,坚果种子类,FOOD,(无档案),,生重、打碎、充分搅拌,1,高,E1 无营养档案,该原料没有营养档案：生熟状态为空、无法按档案核算营养,补营养档案映射
正式食谱,燕麦山药牛肉饭,食用盐,调味品类,FOOD,(无档案),,充分搅拌,1,高,E1 无营养档案,该原料没有营养档案：生熟状态为空、无法按档案核算营养,补营养档案映射
正式食谱,燕麦山药牛肉饭,食用盐,调味品类,FOOD,(无档案),,充分搅拌,1,高,E1 无营养档案,该原料没有营养档案：生熟状态为空、无法按档案核算营养,补营养档案映射
正式食谱,燕麦山药牛肉饭,鸡蛋壳粉,乳类及制品,SUPPLEMENT,(无档案),,充分搅拌,1,高,E1 无营养档案,该原料没有营养档案：生熟状态为空、无法按档案核算营养,补营养档案映射
正式食谱,燕麦山药牛肉饭,鸡蛋壳粉,乳类及制品,SUPPLEMENT,(无档案),,充分搅拌,1,高,E1 无营养档案,该原料没有营养档案：生熟状态为空、无法按档案核算营养,补营养档案映射
正式食谱,燕麦山药牛肉饭,葡萄糖酸锌片,乳类及制品,SUPPLEMENT,(无档案),,打粉、充分搅拌,1,高,E1 无营养档案,该原料没有营养档案：生熟状态为空、无法按档案核算营养,补营养档案映射
正式食谱,燕麦山药牛肉饭,葡萄糖酸锌片,乳类及制品,SUPPLEMENT,(无档案),,打粉、充分搅拌,1,高,E1 无营养档案,该原料没有营养档案：生熟状态为空、无法按档案核算营养,补营养档案映射
正式食谱,燕麦山药牛肉饭,海藻粉,乳类及制品,SUPPLEMENT,(无档案),,充分搅拌,1,高,E1 无营养档案,该原料没有营养档案：生熟状态为空、无法按档案核算营养,补营养档案映射
正式食谱,燕麦山药牛肉饭,海藻粉,乳类及制品,SUPPLEMENT,(无档案),,充分搅拌,1,高,E1 无营养档案,该原料没有营养档案：生熟状态为空、无法按档案核算营养,补营养档案映射
正式食谱,燕麦米比目鱼鸭肉,燕麦米,谷类及制品,FOOD,raw,生/干,生重打成粉后，搅拌均匀。,4,高,D1 状态枚举不规范 + B4 口语化/标点 + B2 分隔符不规范 + B5 非标准词,营养档案状态写成「raw」，小写/非标准值会让所有语义校验静默失效；句尾带句号，与其它文案不统一；用了半角逗号；自由文本：生重打成粉后 / 搅拌均匀。,把状态枚举归一为 RAW/COOKED 等标准值；去掉句号，统一用「、」分隔；统一改为顿号「、」；归入受控词表或补进字典
正式食谱,燕麦米青花鱼鸭肉,燕麦米,谷类及制品,FOOD,raw,生/干,生重打成粉后、搅拌均匀。,3,高,D1 状态枚举不规范 + B4 口语化/标点 + B5 非标准词,营养档案状态写成「raw」，小写/非标准值会让所有语义校验静默失效；句尾带句号，与其它文案不统一；自由文本：生重打成粉后 / 搅拌均匀。,把状态枚举归一为 RAW/COOKED 等标准值；去掉句号，统一用「、」分隔；归入受控词表或补进字典
正式食谱,燕麦米青花鱼鸭肉,紫甘蓝,蔬菜类及制品,FOOD,COOKED,熟,生重、打碎、充分搅拌,2,高,A1 熟档案却写生重 + A4 同原料口径不一致,营养数据是熟食口径，却让按生重称量；该原料在不同食谱里既写过生重又写过熟重,文案改「熟重」或「煮熟后称重」；统一口径
正式食谱,燕麦米青花鱼鸭肉(财宝),燕麦米,谷类及制品,FOOD,raw,生/干,生重打成粉后、搅拌均匀。,3,高,D1 状态枚举不规范 + B4 口语化/标点 + B5 非标准词,营养档案状态写成「raw」，小写/非标准值会让所有语义校验静默失效；句尾带句号，与其它文案不统一；自由文本：生重打成粉后 / 搅拌均匀。,把状态枚举归一为 RAW/COOKED 等标准值；去掉句号，统一用「、」分隔；归入受控词表或补进字典
正式食谱,燕麦米青花鱼鸭肉(财宝),紫甘蓝,蔬菜类及制品,FOOD,COOKED,熟,生重、打碎、充分搅拌,2,高,A1 熟档案却写生重 + A4 同原料口径不一致,营养数据是熟食口径，却让按生重称量；该原料在不同食谱里既写过生重又写过熟重,文案改「熟重」或「煮熟后称重」；统一口径
正式食谱,燕麦鳕鱼猪肉,猪里脊,畜肉类及制品,FOOD,(无档案),,去油、生重、打碎、充分搅拌,1,高,E1 无营养档案,该原料没有营养档案：生熟状态为空、无法按档案核算营养,补营养档案映射
正式食谱,燕麦鳕鱼猪肉,猪肝,畜肉类及制品,FOOD,(无档案),,去油、生重、打碎、充分搅拌,1,高,E1 无营养档案,该原料没有营养档案：生熟状态为空、无法按档案核算营养,补营养档案映射
正式食谱,燕麦鳕鱼猪肉,狭鳕鱼柳,水产类,FOOD,(无档案),,生重、打碎、充分搅拌,1,高,E1 无营养档案,该原料没有营养档案：生熟状态为空、无法按档案核算营养,补营养档案映射
正式食谱,燕麦鳕鱼猪肉,生蚝,水产类,FOOD,(无档案),,去壳、生重、打碎、充分搅拌,1,高,E1 无营养档案,该原料没有营养档案：生熟状态为空、无法按档案核算营养,补营养档案映射
正式食谱,燕麦鳕鱼猪肉,红薯,薯类及制品,FOOD,(无档案),,去皮、生重、打碎、充分搅拌,2,高,E1 无营养档案 + A4 同原料口径不一致,该原料没有营养档案：生熟状态为空、无法按档案核算营养；该原料在不同食谱里既写过生重又写过熟重,补营养档案映射；统一口径
正式食谱,燕麦鳕鱼猪肉,红薯,薯类及制品,FOOD,COOKED,熟,去皮、生重、打碎、充分搅拌,2,高,A1 熟档案却写生重 + A4 同原料口径不一致,营养数据是熟食口径，却让按生重称量；该原料在不同食谱里既写过生重又写过熟重,文案改「熟重」或「煮熟后称重」；统一口径
正式食谱,燕麦鳕鱼猪肉,红薯,薯类及制品,FOOD,COOKED,熟,去皮、生重、打碎、充分搅拌,2,高,A1 熟档案却写生重 + A4 同原料口径不一致,营养数据是熟食口径，却让按生重称量；该原料在不同食谱里既写过生重又写过熟重,文案改「熟重」或「煮熟后称重」；统一口径
正式食谱,燕麦鳕鱼猪肉,红薯,薯类及制品,FOOD,COOKED,熟,去皮、生重、打碎、充分搅拌,2,高,A1 熟档案却写生重 + A4 同原料口径不一致,营养数据是熟食口径，却让按生重称量；该原料在不同食谱里既写过生重又写过熟重,文案改「熟重」或「煮熟后称重」；统一口径
正式食谱,燕麦鳕鱼猪肉,燕麦,谷类及制品,FOOD,(无档案),,打碎、充分搅拌,1,高,E1 无营养档案,该原料没有营养档案：生熟状态为空、无法按档案核算营养,补营养档案映射
正式食谱,燕麦鳕鱼猪肉,红薯,薯类及制品,FOOD,COOKED,熟,去皮、生重、打碎、充分搅拌,2,高,A1 熟档案却写生重 + A4 同原料口径不一致,营养数据是熟食口径，却让按生重称量；该原料在不同食谱里既写过生重又写过熟重,文案改「熟重」或「煮熟后称重」；统一口径
正式食谱,燕麦鳕鱼猪肉,红薯,薯类及制品,FOOD,COOKED,熟,去皮、生重、打碎、充分搅拌,2,高,A1 熟档案却写生重 + A4 同原料口径不一致,营养数据是熟食口径，却让按生重称量；该原料在不同食谱里既写过生重又写过熟重,文案改「熟重」或「煮熟后称重」；统一口径
正式食谱,燕麦鳕鱼猪肉,西兰花,蔬菜类及制品,FOOD,(无档案),,生重、打碎、充分搅拌,2,高,E1 无营养档案 + A4 同原料口径不一致,该原料没有营养档案：生熟状态为空、无法按档案核算营养；该原料在不同食谱里既写过生重又写过熟重,补营养档案映射；统一口径
正式食谱,燕麦鳕鱼猪肉,西兰花,蔬菜类及制品,FOOD,COOKED,熟,生重、打碎、充分搅拌,2,高,A1 熟档案却写生重 + A4 同原料口径不一致,营养数据是熟食口径，却让按生重称量；该原料在不同食谱里既写过生重又写过熟重,文案改「熟重」或「煮熟后称重」；统一口径
正式食谱,燕麦鳕鱼猪肉,西兰花,蔬菜类及制品,FOOD,COOKED,熟,生重、打碎、充分搅拌,2,高,A1 熟档案却写生重 + A4 同原料口径不一致,营养数据是熟食口径，却让按生重称量；该原料在不同食谱里既写过生重又写过熟重,文案改「熟重」或「煮熟后称重」；统一口径
正式食谱,燕麦鳕鱼猪肉,西兰花,蔬菜类及制品,FOOD,COOKED,熟,生重、打碎、充分搅拌,2,高,A1 熟档案却写生重 + A4 同原料口径不一致,营养数据是熟食口径，却让按生重称量；该原料在不同食谱里既写过生重又写过熟重,文案改「熟重」或「煮熟后称重」；统一口径
正式食谱,燕麦鳕鱼猪肉,西兰花,蔬菜类及制品,FOOD,COOKED,熟,生重、打碎、充分搅拌,2,高,A1 熟档案却写生重 + A4 同原料口径不一致,营养数据是熟食口径，却让按生重称量；该原料在不同食谱里既写过生重又写过熟重,文案改「熟重」或「煮熟后称重」；统一口径
正式食谱,燕麦鳕鱼猪肉,西兰花,蔬菜类及制品,FOOD,COOKED,熟,生重、打碎、充分搅拌,2,高,A1 熟档案却写生重 + A4 同原料口径不一致,营养数据是熟食口径，却让按生重称量；该原料在不同食谱里既写过生重又写过熟重,文案改「熟重」或「煮熟后称重」；统一口径
正式食谱,燕麦鳕鱼猪肉,红甜椒,蔬菜类及制品,FOOD,(无档案),,去瓤、生重、打碎、充分搅拌,2,高,E1 无营养档案 + A4 同原料口径不一致,该原料没有营养档案：生熟状态为空、无法按档案核算营养；该原料在不同食谱里既写过生重又写过熟重,补营养档案映射；统一口径
正式食谱,燕麦鳕鱼猪肉,红甜椒,蔬菜类及制品,FOOD,COOKED,熟,去瓤、生重、打碎、充分搅拌,2,高,A1 熟档案却写生重 + A4 同原料口径不一致,营养数据是熟食口径，却让按生重称量；该原料在不同食谱里既写过生重又写过熟重,文案改「熟重」或「煮熟后称重」；统一口径
正式食谱,燕麦鳕鱼猪肉,红甜椒,蔬菜类及制品,FOOD,COOKED,熟,去瓤、生重、打碎、充分搅拌,2,高,A1 熟档案却写生重 + A4 同原料口径不一致,营养数据是熟食口径，却让按生重称量；该原料在不同食谱里既写过生重又写过熟重,文案改「熟重」或「煮熟后称重」；统一口径
正式食谱,燕麦鳕鱼猪肉,红甜椒,蔬菜类及制品,FOOD,COOKED,熟,去瓤、生重、打碎、充分搅拌,2,高,A1 熟档案却写生重 + A4 同原料口径不一致,营养数据是熟食口径，却让按生重称量；该原料在不同食谱里既写过生重又写过熟重,文案改「熟重」或「煮熟后称重」；统一口径
正式食谱,燕麦鳕鱼猪肉,生葵花籽仁,坚果种子类,FOOD,(无档案),,生重、打碎、充分搅拌,1,高,E1 无营养档案,该原料没有营养档案：生熟状态为空、无法按档案核算营养,补营养档案映射
正式食谱,燕麦鳕鱼猪肉,小麦胚芽油,油脂类,FOOD,(无档案),,充分搅拌,1,高,E1 无营养档案,该原料没有营养档案：生熟状态为空、无法按档案核算营养,补营养档案映射
正式食谱,燕麦鳕鱼猪肉,食用盐,调味品类,FOOD,(无档案),,充分搅拌,1,高,E1 无营养档案,该原料没有营养档案：生熟状态为空、无法按档案核算营养,补营养档案映射
正式食谱,燕麦鳕鱼猪肉,碳酸钙粉,乳类及制品,SUPPLEMENT,(无档案),,充分搅拌,1,高,E1 无营养档案,该原料没有营养档案：生熟状态为空、无法按档案核算营养,补营养档案映射
正式食谱,燕麦鳕鱼猪肉,维生素D3胶囊,乳类及制品,SUPPLEMENT,(无档案),,充分搅拌,1,高,E1 无营养档案,该原料没有营养档案：生熟状态为空、无法按档案核算营养,补营养档案映射
正式食谱,燕麦鳕鱼猪肉,海藻粉,乳类及制品,SUPPLEMENT,(无档案),,充分搅拌,1,高,E1 无营养档案,该原料没有营养档案：生熟状态为空、无法按档案核算营养,补营养档案映射
正式食谱,牛牛的定制食谱（兔）20260914,娃娃菜,蔬菜类及制品,FOOD,COOKED,熟,生重、打碎、充分搅拌,1,高,A1 熟档案却写生重,营养数据是熟食口径，却让按生重称量,文案改「熟重」或「煮熟后称重」
正式食谱,牛牛的定制食谱（兔）20260914,鲜香菇,菌藻类,FOOD,COOKED,熟,生重、打碎、充分搅拌,1,高,A1 熟档案却写生重,营养数据是熟食口径，却让按生重称量,文案改「熟重」或「煮熟后称重」
正式食谱,牛牛的定制食谱（牛）20260914,黑米,谷类及制品,FOOD,cooked,熟/米饭,煮熟后打碎,3,高,D1 状态枚举不规范 + B5 非标准词 + A3 熟档案未写口径,营养档案状态写成「cooked」，小写/非标准值会让所有语义校验静默失效；自由文本：煮熟后打碎；没写按生重还是熟重称量,把状态枚举归一为 RAW/COOKED 等标准值；归入受控词表或补进字典；补「熟重」
正式食谱,牛牛的定制食谱（牛）20260914,紫甘蓝,蔬菜类及制品,FOOD,COOKED,熟,生重、打碎、充分搅拌,2,高,A1 熟档案却写生重 + A4 同原料口径不一致,营养数据是熟食口径，却让按生重称量；该原料在不同食谱里既写过生重又写过熟重,文案改「熟重」或「煮熟后称重」；统一口径
正式食谱,牛牛的定制食谱（牛）20260914,红甜椒,蔬菜类及制品,FOOD,COOKED,熟,去瓤、生重、打碎、充分搅拌,2,高,A1 熟档案却写生重 + A4 同原料口径不一致,营养数据是熟食口径，却让按生重称量；该原料在不同食谱里既写过生重又写过熟重,文案改「熟重」或「煮熟后称重」；统一口径
正式食谱,牛牛的定制食谱（牛）20260914,南瓜,蔬菜类及制品,FOOD,COOKED,熟,去皮、去瓤、生重、打碎、充分搅拌,2,高,A1 熟档案却写生重 + A4 同原料口径不一致,营养数据是熟食口径，却让按生重称量；该原料在不同食谱里既写过生重又写过熟重,文案改「熟重」或「煮熟后称重」；统一口径
正式食谱,牛牛的定制食谱（牛）20260914,白蘑菇,菌藻类,FOOD,COOKED,熟,生重、打碎、充分搅拌,1,高,A1 熟档案却写生重,营养数据是熟食口径，却让按生重称量,文案改「熟重」或「煮熟后称重」
正式食谱,牛肉食谱,猪肾,畜肉类及制品,FOOD,RAW,生,(空),1,高,B3 文案为空,没有任何制备/称重说明,按原料+档案状态补全标准文案
正式食谱,牛肉食谱,红甜椒,蔬菜类及制品,FOOD,RAW,生,去籽、煮熟后称重、打碎、充分搅拌,3,高,B5 非标准词 + A2 生档案却写熟重 + A4 同原料口径不一致,自由文本：去籽；营养数据是生食口径，却让按熟重称量；该原料在不同食谱里既写过生重又写过熟重,归入受控词表或补进字典；先定规则：改文案或改档案；统一口径
正式食谱,牛肉食谱,西葫芦,蔬菜类及制品,FOOD,RAW,生,煮熟后称重、打碎、充分搅拌,1,高,A2 生档案却写熟重,营养数据是生食口径，却让按熟重称量,先定规则：改文案或改档案
正式食谱,牛肉食谱,南瓜,蔬菜类及制品,FOOD,RAW,生,去瓤、去皮、煮熟后沥水、称重、打碎、充分搅拌,3,高,B5 非标准词 + A2 生档案却写熟重 + A4 同原料口径不一致,自由文本：煮熟后沥水 / 称重；营养数据是生食口径，却让按熟重称量；该原料在不同食谱里既写过生重又写过熟重,归入受控词表或补进字典；先定规则：改文案或改档案；统一口径
正式食谱,牛肉食谱,藜麦,谷类及制品,FOOD,COOKED,熟,生重、打粉、充分搅拌,2,高,A1 熟档案却写生重 + A4 同原料口径不一致,营养数据是熟食口径，却让按生重称量；该原料在不同食谱里既写过生重又写过熟重,文案改「熟重」或「煮熟后称重」；统一口径
正式食谱,犇犇 的鲜食食谱 08/03,南美对虾虾仁,水产类,FOOD,raw,生,(空),2,高,D1 状态枚举不规范 + B3 文案为空,营养档案状态写成「raw」，小写/非标准值会让所有语义校验静默失效；没有任何制备/称重说明,把状态枚举归一为 RAW/COOKED 等标准值；按原料+档案状态补全标准文案
正式食谱,犇犇 的鲜食食谱 08/03,南瓜,蔬菜类及制品,FOOD,RAW,生,去皮、去瓤、煮熟后称重、打碎、充分搅拌,2,高,A2 生档案却写熟重 + A4 同原料口径不一致,营养数据是生食口径，却让按熟重称量；该原料在不同食谱里既写过生重又写过熟重,先定规则：改文案或改档案；统一口径
正式食谱,猪里脊青花鱼藜麦小米,猪里脊,畜肉类及制品,FOOD,(无档案),,去皮、去油、生重、打碎、充分搅拌,1,高,E1 无营养档案,该原料没有营养档案：生熟状态为空、无法按档案核算营养,补营养档案映射
正式食谱,猪里脊青花鱼藜麦小米,猪里脊,畜肉类及制品,FOOD,(无档案),,去皮、去油、生重、打碎、充分搅拌,1,高,E1 无营养档案,该原料没有营养档案：生熟状态为空、无法按档案核算营养,补营养档案映射
正式食谱,猪里脊青花鱼藜麦小米,青花鱼,水产类,FOOD,(无档案),,去骨、生重、打碎、充分搅拌,1,高,E1 无营养档案,该原料没有营养档案：生熟状态为空、无法按档案核算营养,补营养档案映射
正式食谱,猪里脊青花鱼藜麦小米,青花鱼,水产类,FOOD,(无档案),,去骨、生重、打碎、充分搅拌,1,高,E1 无营养档案,该原料没有营养档案：生熟状态为空、无法按档案核算营养,补营养档案映射
正式食谱,猪里脊青花鱼藜麦小米,鸡肝,禽肉类及制品,FOOD,(无档案),,去油、生重、打碎、充分搅拌,1,高,E1 无营养档案,该原料没有营养档案：生熟状态为空、无法按档案核算营养,补营养档案映射
正式食谱,猪里脊青花鱼藜麦小米,鸡肝,禽肉类及制品,FOOD,(无档案),,去油、生重、打碎、充分搅拌,1,高,E1 无营养档案,该原料没有营养档案：生熟状态为空、无法按档案核算营养,补营养档案映射
正式食谱,猪里脊青花鱼藜麦小米,生蚝,水产类,FOOD,(无档案),,去壳、生重、打碎、充分搅拌,1,高,E1 无营养档案,该原料没有营养档案：生熟状态为空、无法按档案核算营养,补营养档案映射
正式食谱,猪里脊青花鱼藜麦小米,生蚝,水产类,FOOD,(无档案),,去壳、生重、打碎、充分搅拌,1,高,E1 无营养档案,该原料没有营养档案：生熟状态为空、无法按档案核算营养,补营养档案映射
正式食谱,猪里脊青花鱼藜麦小米,鸡蛋,蛋类及制品,FOOD,(无档案),,去壳、全蛋、生重、打碎、充分搅拌,1,高,E1 无营养档案,该原料没有营养档案：生熟状态为空、无法按档案核算营养,补营养档案映射
正式食谱,猪里脊青花鱼藜麦小米,鸡蛋,蛋类及制品,FOOD,(无档案),,去壳、全蛋、生重、打碎、充分搅拌,1,高,E1 无营养档案,该原料没有营养档案：生熟状态为空、无法按档案核算营养,补营养档案映射
正式食谱,猪里脊青花鱼藜麦小米,藜麦,谷类及制品,FOOD,(无档案),,生重、打粉、充分搅拌,2,高,E1 无营养档案 + A4 同原料口径不一致,该原料没有营养档案：生熟状态为空、无法按档案核算营养；该原料在不同食谱里既写过生重又写过熟重,补营养档案映射；统一口径
正式食谱,猪里脊青花鱼藜麦小米,藜麦,谷类及制品,FOOD,(无档案),,生重、打粉、充分搅拌,2,高,E1 无营养档案 + A4 同原料口径不一致,该原料没有营养档案：生熟状态为空、无法按档案核算营养；该原料在不同食谱里既写过生重又写过熟重,补营养档案映射；统一口径
正式食谱,猪里脊青花鱼藜麦小米,小米,谷类及制品,FOOD,(无档案),,煮熟后称重、充分搅拌,2,高,E1 无营养档案 + A4 同原料口径不一致,该原料没有营养档案：生熟状态为空、无法按档案核算营养；该原料在不同食谱里既写过生重又写过熟重,补营养档案映射；统一口径
正式食谱,猪里脊青花鱼藜麦小米,小米,谷类及制品,FOOD,(无档案),,煮熟后称重、充分搅拌,2,高,E1 无营养档案 + A4 同原料口径不一致,该原料没有营养档案：生熟状态为空、无法按档案核算营养；该原料在不同食谱里既写过生重又写过熟重,补营养档案映射；统一口径
正式食谱,猪里脊青花鱼藜麦小米,胡萝卜,蔬菜类及制品,FOOD,(无档案),,生重、打碎、充分搅拌,2,高,E1 无营养档案 + A4 同原料口径不一致,该原料没有营养档案：生熟状态为空、无法按档案核算营养；该原料在不同食谱里既写过生重又写过熟重,补营养档案映射；统一口径
正式食谱,猪里脊青花鱼藜麦小米,胡萝卜,蔬菜类及制品,FOOD,(无档案),,生重、打碎、充分搅拌,2,高,E1 无营养档案 + A4 同原料口径不一致,该原料没有营养档案：生熟状态为空、无法按档案核算营养；该原料在不同食谱里既写过生重又写过熟重,补营养档案映射；统一口径
正式食谱,猪里脊青花鱼藜麦小米,菠菜,蔬菜类及制品,FOOD,(无档案),,焯水、沥干后称重、打碎、充分搅拌,1,高,E1 无营养档案,该原料没有营养档案：生熟状态为空、无法按档案核算营养,补营养档案映射
正式食谱,猪里脊青花鱼藜麦小米,菠菜,蔬菜类及制品,FOOD,(无档案),,焯水、沥干后称重、打碎、充分搅拌,1,高,E1 无营养档案,该原料没有营养档案：生熟状态为空、无法按档案核算营养,补营养档案映射
正式食谱,猪里脊青花鱼藜麦小米,四季豆,蔬菜类及制品,FOOD,(无档案),,煮熟后沥水称重、打碎后充分搅拌,2,高,E1 无营养档案 + B5 非标准词,该原料没有营养档案：生熟状态为空、无法按档案核算营养；自由文本：煮熟后沥水称重 / 打碎后充分搅拌,补营养档案映射；归入受控词表或补进字典
正式食谱,猪里脊青花鱼藜麦小米,四季豆,蔬菜类及制品,FOOD,(无档案),,煮熟后沥水称重、打碎后充分搅拌,2,高,E1 无营养档案 + B5 非标准词,该原料没有营养档案：生熟状态为空、无法按档案核算营养；自由文本：煮熟后沥水称重 / 打碎后充分搅拌,补营养档案映射；归入受控词表或补进字典
正式食谱,猪里脊青花鱼藜麦小米,亚麻籽,坚果种子类,FOOD,(无档案),,打粉后充分搅拌,2,高,E1 无营养档案 + B5 非标准词,该原料没有营养档案：生熟状态为空、无法按档案核算营养；自由文本：打粉后充分搅拌,补营养档案映射；归入受控词表或补进字典
正式食谱,猪里脊青花鱼藜麦小米,亚麻籽,坚果种子类,FOOD,(无档案),,打粉后充分搅拌,2,高,E1 无营养档案 + B5 非标准词,该原料没有营养档案：生熟状态为空、无法按档案核算营养；自由文本：打粉后充分搅拌,补营养档案映射；归入受控词表或补进字典
正式食谱,猪里脊青花鱼藜麦小米,小麦胚芽油,油脂类,FOOD,(无档案),,充分搅拌,1,高,E1 无营养档案,该原料没有营养档案：生熟状态为空、无法按档案核算营养,补营养档案映射
正式食谱,猪里脊青花鱼藜麦小米,小麦胚芽油,油脂类,FOOD,(无档案),,充分搅拌,1,高,E1 无营养档案,该原料没有营养档案：生熟状态为空、无法按档案核算营养,补营养档案映射
正式食谱,猪里脊青花鱼藜麦小米,食用盐,调味品类,FOOD,(无档案),,充分搅拌,1,高,E1 无营养档案,该原料没有营养档案：生熟状态为空、无法按档案核算营养,补营养档案映射
正式食谱,猪里脊青花鱼藜麦小米,食用盐,调味品类,FOOD,(无档案),,充分搅拌,1,高,E1 无营养档案,该原料没有营养档案：生熟状态为空、无法按档案核算营养,补营养档案映射
正式食谱,猪里脊青花鱼藜麦小米,碳酸钙粉,乳类及制品,SUPPLEMENT,(无档案),,充分搅拌,1,高,E1 无营养档案,该原料没有营养档案：生熟状态为空、无法按档案核算营养,补营养档案映射
正式食谱,猪里脊青花鱼藜麦小米,碳酸钙粉,乳类及制品,SUPPLEMENT,(无档案),,充分搅拌,1,高,E1 无营养档案,该原料没有营养档案：生熟状态为空、无法按档案核算营养,补营养档案映射
正式食谱,猪里脊青花鱼藜麦小米,海藻粉,乳类及制品,SUPPLEMENT,(无档案),,充分搅拌,1,高,E1 无营养档案,该原料没有营养档案：生熟状态为空、无法按档案核算营养,补营养档案映射
正式食谱,猪里脊青花鱼藜麦小米,海藻粉,乳类及制品,SUPPLEMENT,(无档案),,充分搅拌,1,高,E1 无营养档案,该原料没有营养档案：生熟状态为空、无法按档案核算营养,补营养档案映射
正式食谱,百万 的鲜食食谱 07/28,鸡胸,禽肉类及制品,FOOD,COOKED,熟,去皮、去骨、生重、打碎、充分搅拌,1,高,A1 熟档案却写生重,营养数据是熟食口径，却让按生重称量,文案改「熟重」或「煮熟后称重」
正式食谱,百万 的鲜食食谱 07/28,猪心,畜肉类及制品,FOOD,COOKED,熟,生重、打碎、充分搅拌,1,高,A1 熟档案却写生重,营养数据是熟食口径，却让按生重称量,文案改「熟重」或「煮熟后称重」
正式食谱,百万 的鲜食食谱 07/28,猪肾,畜肉类及制品,FOOD,COOKED,熟,(空),2,高,B3 文案为空 + A3 熟档案未写口径,没有任何制备/称重说明；没写按生重还是熟重称量,按原料+档案状态补全标准文案；补「熟重」
正式食谱,百万 的鲜食食谱 07/28,鸡肝,禽肉类及制品,FOOD,COOKED,熟,去油、生重、打碎、充分搅拌,1,高,A1 熟档案却写生重,营养数据是熟食口径，却让按生重称量,文案改「熟重」或「煮熟后称重」
正式食谱,百万 的鲜食食谱 07/28,青花鱼,水产类,FOOD,COOKED,熟,去骨、生重、打碎、充分搅拌,1,高,A1 熟档案却写生重,营养数据是熟食口径，却让按生重称量,文案改「熟重」或「煮熟后称重」
正式食谱,百万 的鲜食食谱 07/28,青口贝,水产类,FOOD,COOKED,熟,去壳、生重、打碎、充分搅拌,1,高,A1 熟档案却写生重,营养数据是熟食口径，却让按生重称量,文案改「熟重」或「煮熟后称重」
正式食谱,百万 的鲜食食谱 07/28,小米,谷类及制品,FOOD,COOKED,熟,生重、充分搅拌,2,高,A1 熟档案却写生重 + A4 同原料口径不一致,营养数据是熟食口径，却让按生重称量；该原料在不同食谱里既写过生重又写过熟重,文案改「熟重」或「煮熟后称重」；统一口径
正式食谱,百万 的鲜食食谱 07/28,胡萝卜,蔬菜类及制品,FOOD,COOKED,熟,生重、打碎、充分搅拌,2,高,A1 熟档案却写生重 + A4 同原料口径不一致,营养数据是熟食口径，却让按生重称量；该原料在不同食谱里既写过生重又写过熟重,文案改「熟重」或「煮熟后称重」；统一口径
正式食谱,百万 的鲜食食谱 07/28,鲜香菇,菌藻类,FOOD,COOKED,熟,生重、打碎、充分搅拌,1,高,A1 熟档案却写生重,营养数据是熟食口径，却让按生重称量,文案改「熟重」或「煮熟后称重」
正式食谱,百万 的鲜食食谱 07/28,沙丁鱼,水产类,FOOD,RAW,生,(空),1,高,B3 文案为空,没有任何制备/称重说明,按原料+档案状态补全标准文案
正式食谱,秋菊 的鲜食食谱 06/28,兔里脊,畜肉类及制品,FOOD,COOKED,熟,去油、生重、打碎、充分搅拌,1,高,A1 熟档案却写生重,营养数据是熟食口径，却让按生重称量,文案改「熟重」或「煮熟后称重」
正式食谱,秋菊 的鲜食食谱 06/28,牛心,畜肉类及制品,FOOD,COOKED,熟,去油、生重、打碎、充分搅拌,1,高,A1 熟档案却写生重,营养数据是熟食口径，却让按生重称量,文案改「熟重」或「煮熟后称重」
正式食谱,秋菊 的鲜食食谱 06/28,青花鱼,水产类,FOOD,COOKED,熟,去骨、生重、打碎、充分搅拌,1,高,A1 熟档案却写生重,营养数据是熟食口径，却让按生重称量,文案改「熟重」或「煮熟后称重」
正式食谱,秋菊 的鲜食食谱 06/28,青口贝,水产类,FOOD,COOKED,熟,去壳、生重、打碎、充分搅拌,1,高,A1 熟档案却写生重,营养数据是熟食口径，却让按生重称量,文案改「熟重」或「煮熟后称重」
正式食谱,秋菊 的鲜食食谱 06/28,生蚝,水产类,FOOD,COOKED,熟,去壳、生重、打碎、充分搅拌,1,高,A1 熟档案却写生重,营养数据是熟食口径，却让按生重称量,文案改「熟重」或「煮熟后称重」
正式食谱,秋菊 的鲜食食谱 08/02,鸭胗,禽肉类及制品,FOOD,RAW,生,(空),1,高,B3 文案为空,没有任何制备/称重说明,按原料+档案状态补全标准文案
正式食谱,秋菊 的鲜食食谱 08/02,猪肾,畜肉类及制品,FOOD,RAW,生,(空),1,高,B3 文案为空,没有任何制备/称重说明,按原料+档案状态补全标准文案
正式食谱,秋菊 的鲜食食谱 08/02,小米,谷类及制品,FOOD,RAW,生,煮熟后称重、充分搅拌,2,高,A2 生档案却写熟重 + A4 同原料口径不一致,营养数据是生食口径，却让按熟重称量；该原料在不同食谱里既写过生重又写过熟重,先定规则：改文案或改档案；统一口径
正式食谱,秋菊 的鲜食食谱 08/02,藜麦,谷类及制品,FOOD,COOKED,熟,生重、打粉、充分搅拌,2,高,A1 熟档案却写生重 + A4 同原料口径不一致,营养数据是熟食口径，却让按生重称量；该原料在不同食谱里既写过生重又写过熟重,文案改「熟重」或「煮熟后称重」；统一口径
正式食谱,秋葵藜麦米牛肉鸡胸,秋葵,蔬菜类及制品,FOOD,COOKED,熟,生重、打碎、充分搅拌,2,高,A1 熟档案却写生重 + A4 同原料口径不一致,营养数据是熟食口径，却让按生重称量；该原料在不同食谱里既写过生重又写过熟重,文案改「熟重」或「煮熟后称重」；统一口径
正式食谱,糙米三文鱼猪里脊(烟花),娃娃菜,蔬菜类及制品,FOOD,COOKED,熟,生重、打碎、充分搅拌,1,高,A1 熟档案却写生重,营养数据是熟食口径，却让按生重称量,文案改「熟重」或「煮熟后称重」
正式食谱,糙米三文鱼鸭肉,鸭胸,禽肉类及制品,FOOD,(无档案),,去皮、去油、生重、打碎、充分搅拌,1,高,E1 无营养档案,该原料没有营养档案：生熟状态为空、无法按档案核算营养,补营养档案映射
正式食谱,糙米三文鱼鸭肉,鸭肝,禽肉类及制品,FOOD,(无档案),,去油、生重、打碎、充分搅拌,1,高,E1 无营养档案,该原料没有营养档案：生熟状态为空、无法按档案核算营养,补营养档案映射
正式食谱,糙米三文鱼鸭肉,三文鱼,水产类,FOOD,(无档案),,去皮、去骨、生重、打碎、充分搅拌,1,高,E1 无营养档案,该原料没有营养档案：生熟状态为空、无法按档案核算营养,补营养档案映射
正式食谱,糙米三文鱼鸭肉,鸡蛋,蛋类及制品,FOOD,(无档案),,去壳、全蛋、生重、打碎、充分搅拌,1,高,E1 无营养档案,该原料没有营养档案：生熟状态为空、无法按档案核算营养,补营养档案映射
正式食谱,糙米三文鱼鸭肉,糙米,谷类及制品,FOOD,(无档案),,煮熟后称重、充分搅拌,2,高,E1 无营养档案 + A4 同原料口径不一致,该原料没有营养档案：生熟状态为空、无法按档案核算营养；该原料在不同食谱里既写过生重又写过熟重,补营养档案映射；统一口径
正式食谱,糙米三文鱼鸭肉,红薯,薯类及制品,FOOD,(无档案),,去皮、煮熟后称重、打碎、充分搅拌,2,高,E1 无营养档案 + A4 同原料口径不一致,该原料没有营养档案：生熟状态为空、无法按档案核算营养；该原料在不同食谱里既写过生重又写过熟重,补营养档案映射；统一口径
正式食谱,糙米三文鱼鸭肉,豌豆,谷类及制品,FOOD,(无档案),,煮熟、打碎、充分搅拌,2,高,E1 无营养档案 + B5 非标准词,该原料没有营养档案：生熟状态为空、无法按档案核算营养；自由文本：煮熟,补营养档案映射；归入受控词表或补进字典
正式食谱,糙米三文鱼鸭肉,紫甘蓝,蔬菜类及制品,FOOD,(无档案),,生重、打碎、充分搅拌,2,高,E1 无营养档案 + A4 同原料口径不一致,该原料没有营养档案：生熟状态为空、无法按档案核算营养；该原料在不同食谱里既写过生重又写过熟重,补营养档案映射；统一口径
正式食谱,糙米三文鱼鸭肉,小麦胚芽油,油脂类,FOOD,(无档案),,生重、充分搅拌,1,高,E1 无营养档案,该原料没有营养档案：生熟状态为空、无法按档案核算营养,补营养档案映射
正式食谱,糙米三文鱼鸭肉,食用盐,调味品类,FOOD,(无档案),,充分搅拌,1,高,E1 无营养档案,该原料没有营养档案：生熟状态为空、无法按档案核算营养,补营养档案映射
正式食谱,糙米三文鱼鸭肉,骨粉,乳类及制品,SUPPLEMENT,(无档案),,充分搅拌,1,高,E1 无营养档案,该原料没有营养档案：生熟状态为空、无法按档案核算营养,补营养档案映射
正式食谱,糙米三文鱼鸭肉,鸡蛋壳粉,乳类及制品,SUPPLEMENT,(无档案),,充分搅拌,1,高,E1 无营养档案,该原料没有营养档案：生熟状态为空、无法按档案核算营养,补营养档案映射
正式食谱,糙米三文鱼鸭肉,营养酵母粉,乳类及制品,SUPPLEMENT,(无档案),,充分搅拌,1,高,E1 无营养档案,该原料没有营养档案：生熟状态为空、无法按档案核算营养,补营养档案映射
正式食谱,糙米三文鱼鸭肉,胆碱片,乳类及制品,SUPPLEMENT,(无档案),,打粉、充分搅拌,1,高,E1 无营养档案,该原料没有营养档案：生熟状态为空、无法按档案核算营养,补营养档案映射
正式食谱,糙米三文鱼鸭肉,葡萄糖酸锌片,乳类及制品,SUPPLEMENT,(无档案),,打粉、充分搅拌,1,高,E1 无营养档案,该原料没有营养档案：生熟状态为空、无法按档案核算营养,补营养档案映射
正式食谱,糙米三文鱼鸭肉,海藻粉,乳类及制品,SUPPLEMENT,(无档案),,充分搅拌,1,高,E1 无营养档案,该原料没有营养档案：生熟状态为空、无法按档案核算营养,补营养档案映射
正式食谱,糙米三文鱼鸭胸鹿腿,鹿腿肉,畜肉类及制品,FOOD,(无档案),,去油、生重、打碎、充分搅拌,1,高,E1 无营养档案,该原料没有营养档案：生熟状态为空、无法按档案核算营养,补营养档案映射
正式食谱,糙米三文鱼鸭胸鹿腿,鹿腿肉,畜肉类及制品,FOOD,(无档案),,去油、生重、打碎、充分搅拌,1,高,E1 无营养档案,该原料没有营养档案：生熟状态为空、无法按档案核算营养,补营养档案映射
正式食谱,糙米三文鱼鸭胸鹿腿,鸭胸,禽肉类及制品,FOOD,(无档案),,去油、生重、打碎、充分搅拌,1,高,E1 无营养档案,该原料没有营养档案：生熟状态为空、无法按档案核算营养,补营养档案映射
正式食谱,糙米三文鱼鸭胸鹿腿,鸭胸,禽肉类及制品,FOOD,(无档案),,去油、生重、打碎、充分搅拌,1,高,E1 无营养档案,该原料没有营养档案：生熟状态为空、无法按档案核算营养,补营养档案映射
正式食谱,糙米三文鱼鸭胸鹿腿,鸡蛋,蛋类及制品,FOOD,(无档案),,去壳、全蛋、生重、充分搅拌,1,高,E1 无营养档案,该原料没有营养档案：生熟状态为空、无法按档案核算营养,补营养档案映射
正式食谱,糙米三文鱼鸭胸鹿腿,鸡蛋,蛋类及制品,FOOD,(无档案),,去壳、全蛋、生重、充分搅拌,1,高,E1 无营养档案,该原料没有营养档案：生熟状态为空、无法按档案核算营养,补营养档案映射
正式食谱,糙米三文鱼鸭胸鹿腿,三文鱼,水产类,FOOD,(无档案),,去皮、去骨、生重、打碎、充分搅拌,1,高,E1 无营养档案,该原料没有营养档案：生熟状态为空、无法按档案核算营养,补营养档案映射
正式食谱,糙米三文鱼鸭胸鹿腿,三文鱼,水产类,FOOD,(无档案),,去皮、去骨、生重、打碎、充分搅拌,1,高,E1 无营养档案,该原料没有营养档案：生熟状态为空、无法按档案核算营养,补营养档案映射
正式食谱,糙米三文鱼鸭胸鹿腿,生蚝,水产类,FOOD,(无档案),,去壳、生重、打碎、充分搅拌,1,高,E1 无营养档案,该原料没有营养档案：生熟状态为空、无法按档案核算营养,补营养档案映射
正式食谱,糙米三文鱼鸭胸鹿腿,生蚝,水产类,FOOD,(无档案),,去壳、生重、打碎、充分搅拌,1,高,E1 无营养档案,该原料没有营养档案：生熟状态为空、无法按档案核算营养,补营养档案映射
正式食谱,糙米三文鱼鸭胸鹿腿,青口贝,水产类,FOOD,(无档案),,去壳、生重、打碎、充分搅拌,1,高,E1 无营养档案,该原料没有营养档案：生熟状态为空、无法按档案核算营养,补营养档案映射
正式食谱,糙米三文鱼鸭胸鹿腿,青口贝,水产类,FOOD,(无档案),,去壳、生重、打碎、充分搅拌,1,高,E1 无营养档案,该原料没有营养档案：生熟状态为空、无法按档案核算营养,补营养档案映射
正式食谱,糙米三文鱼鸭胸鹿腿,糙米,谷类及制品,FOOD,(无档案),,生重、打碎、充分搅拌,2,高,E1 无营养档案 + A4 同原料口径不一致,该原料没有营养档案：生熟状态为空、无法按档案核算营养；该原料在不同食谱里既写过生重又写过熟重,补营养档案映射；统一口径
正式食谱,糙米三文鱼鸭胸鹿腿,鸭肝,禽肉类及制品,FOOD,(无档案),,去油、生重、打碎、充分搅拌,1,高,E1 无营养档案,该原料没有营养档案：生熟状态为空、无法按档案核算营养,补营养档案映射
正式食谱,糙米三文鱼鸭胸鹿腿,糙米,谷类及制品,FOOD,(无档案),,煮熟后称重、充分搅拌,2,高,E1 无营养档案 + A4 同原料口径不一致,该原料没有营养档案：生熟状态为空、无法按档案核算营养；该原料在不同食谱里既写过生重又写过熟重,补营养档案映射；统一口径
正式食谱,糙米三文鱼鸭胸鹿腿,西兰花,蔬菜类及制品,FOOD,(无档案),,生重、打碎、充分搅拌,2,高,E1 无营养档案 + A4 同原料口径不一致,该原料没有营养档案：生熟状态为空、无法按档案核算营养；该原料在不同食谱里既写过生重又写过熟重,补营养档案映射；统一口径
正式食谱,糙米三文鱼鸭胸鹿腿,红甜椒,蔬菜类及制品,FOOD,(无档案),,去瓤、生重、打碎、充分搅拌,2,高,E1 无营养档案 + A4 同原料口径不一致,该原料没有营养档案：生熟状态为空、无法按档案核算营养；该原料在不同食谱里既写过生重又写过熟重,补营养档案映射；统一口径
正式食谱,糙米三文鱼鸭胸鹿腿,西兰花,蔬菜类及制品,FOOD,COOKED,熟,生重、打碎、充分搅拌,2,高,A1 熟档案却写生重 + A4 同原料口径不一致,营养数据是熟食口径，却让按生重称量；该原料在不同食谱里既写过生重又写过熟重,文案改「熟重」或「煮熟后称重」；统一口径
正式食谱,糙米三文鱼鸭胸鹿腿,西兰花,蔬菜类及制品,FOOD,(无档案),,生重、打碎、充分搅拌,2,高,E1 无营养档案 + A4 同原料口径不一致,该原料没有营养档案：生熟状态为空、无法按档案核算营养；该原料在不同食谱里既写过生重又写过熟重,补营养档案映射；统一口径
正式食谱,糙米三文鱼鸭胸鹿腿,绿豆芽,蔬菜类及制品,FOOD,(无档案),,生重、打碎、充分搅拌,2,高,E1 无营养档案 + A4 同原料口径不一致,该原料没有营养档案：生熟状态为空、无法按档案核算营养；该原料在不同食谱里既写过生重又写过熟重,补营养档案映射；统一口径
正式食谱,糙米三文鱼鸭胸鹿腿,红甜椒,蔬菜类及制品,FOOD,(无档案),,去瓤、生重、打碎、充分搅拌,2,高,E1 无营养档案 + A4 同原料口径不一致,该原料没有营养档案：生熟状态为空、无法按档案核算营养；该原料在不同食谱里既写过生重又写过熟重,补营养档案映射；统一口径
正式食谱,糙米三文鱼鸭胸鹿腿,西兰花,蔬菜类及制品,FOOD,COOKED,熟,生重、打碎、充分搅拌,2,高,A1 熟档案却写生重 + A4 同原料口径不一致,营养数据是熟食口径，却让按生重称量；该原料在不同食谱里既写过生重又写过熟重,文案改「熟重」或「煮熟后称重」；统一口径
正式食谱,糙米三文鱼鸭胸鹿腿,西兰花,蔬菜类及制品,FOOD,COOKED,熟,生重、打碎、充分搅拌,2,高,A1 熟档案却写生重 + A4 同原料口径不一致,营养数据是熟食口径，却让按生重称量；该原料在不同食谱里既写过生重又写过熟重,文案改「熟重」或「煮熟后称重」；统一口径
正式食谱,糙米三文鱼鸭胸鹿腿,西兰花,蔬菜类及制品,FOOD,COOKED,熟,生重、打碎、充分搅拌,2,高,A1 熟档案却写生重 + A4 同原料口径不一致,营养数据是熟食口径，却让按生重称量；该原料在不同食谱里既写过生重又写过熟重,文案改「熟重」或「煮熟后称重」；统一口径
正式食谱,糙米三文鱼鸭胸鹿腿,梨（鲜）,水果类及制品,FOOD,(无档案),,去皮、去瓤、生重、打碎、充分搅拌,1,高,E1 无营养档案,该原料没有营养档案：生熟状态为空、无法按档案核算营养,补营养档案映射
正式食谱,糙米三文鱼鸭胸鹿腿,绿豆芽,蔬菜类及制品,FOOD,(无档案),,生重、打碎、充分搅拌,2,高,E1 无营养档案 + A4 同原料口径不一致,该原料没有营养档案：生熟状态为空、无法按档案核算营养；该原料在不同食谱里既写过生重又写过熟重,补营养档案映射；统一口径
正式食谱,糙米三文鱼鸭胸鹿腿,梨（鲜）,水果类及制品,FOOD,(无档案),,去皮、去瓤、生重、打碎、充分搅拌,1,高,E1 无营养档案,该原料没有营养档案：生熟状态为空、无法按档案核算营养,补营养档案映射
正式食谱,糙米三文鱼鸭胸鹿腿,小麦胚芽油,油脂类,FOOD,(无档案),,充分搅拌,1,高,E1 无营养档案,该原料没有营养档案：生熟状态为空、无法按档案核算营养,补营养档案映射
正式食谱,糙米三文鱼鸭胸鹿腿,小麦胚芽油,油脂类,FOOD,(无档案),,充分搅拌,1,高,E1 无营养档案,该原料没有营养档案：生熟状态为空、无法按档案核算营养,补营养档案映射
正式食谱,糙米三文鱼鸭胸鹿腿,鸡蛋壳粉,乳类及制品,SUPPLEMENT,(无档案),,充分搅拌,1,高,E1 无营养档案,该原料没有营养档案：生熟状态为空、无法按档案核算营养,补营养档案映射
正式食谱,糙米三文鱼鸭胸鹿腿,食用盐,调味品类,FOOD,(无档案),,充分搅拌,1,高,E1 无营养档案,该原料没有营养档案：生熟状态为空、无法按档案核算营养,补营养档案映射
正式食谱,糙米三文鱼鸭胸鹿腿,海藻粉,乳类及制品,SUPPLEMENT,(无档案),,充分搅拌,1,高,E1 无营养档案,该原料没有营养档案：生熟状态为空、无法按档案核算营养,补营养档案映射
正式食谱,糙米三文鱼鸭胸鹿腿,胆碱片,乳类及制品,SUPPLEMENT,(无档案),,打粉、充分搅拌,1,高,E1 无营养档案,该原料没有营养档案：生熟状态为空、无法按档案核算营养,补营养档案映射
正式食谱,糙米三文鱼鸭胸鹿腿,鸡蛋壳粉,乳类及制品,SUPPLEMENT,(无档案),,充分搅拌,1,高,E1 无营养档案,该原料没有营养档案：生熟状态为空、无法按档案核算营养,补营养档案映射
正式食谱,糙米三文鱼鸭胸鹿腿,海藻粉,乳类及制品,SUPPLEMENT,(无档案),,充分搅拌,1,高,E1 无营养档案,该原料没有营养档案：生熟状态为空、无法按档案核算营养,补营养档案映射
正式食谱,糙米三文鱼鸭胸鹿腿,胆碱片,乳类及制品,SUPPLEMENT,(无档案),,打粉、充分搅拌,1,高,E1 无营养档案,该原料没有营养档案：生熟状态为空、无法按档案核算营养,补营养档案映射
正式食谱,糙米三文鱼鸭胸鹿腿,葡萄糖酸锌片,乳类及制品,SUPPLEMENT,(无档案),,打粉、充分搅拌,1,高,E1 无营养档案,该原料没有营养档案：生熟状态为空、无法按档案核算营养,补营养档案映射
正式食谱,糙米南瓜牛肉,牛霖,畜肉类及制品,FOOD,(无档案),,去油、生重、打碎、充分搅拌,1,高,E1 无营养档案,该原料没有营养档案：生熟状态为空、无法按档案核算营养,补营养档案映射
正式食谱,糙米南瓜牛肉,牛霖,畜肉类及制品,FOOD,(无档案),,去油、生重、打碎、充分搅拌,1,高,E1 无营养档案,该原料没有营养档案：生熟状态为空、无法按档案核算营养,补营养档案映射
正式食谱,糙米南瓜牛肉,牛肝,畜肉类及制品,FOOD,(无档案),,去油、生重、打碎、充分搅拌,1,高,E1 无营养档案,该原料没有营养档案：生熟状态为空、无法按档案核算营养,补营养档案映射
正式食谱,糙米南瓜牛肉,牛肝,畜肉类及制品,FOOD,(无档案),,去油、生重、打碎、充分搅拌,1,高,E1 无营养档案,该原料没有营养档案：生熟状态为空、无法按档案核算营养,补营养档案映射
正式食谱,糙米南瓜牛肉,青花鱼,水产类,FOOD,(无档案),,去骨、生重、打碎、充分搅拌,1,高,E1 无营养档案,该原料没有营养档案：生熟状态为空、无法按档案核算营养,补营养档案映射
正式食谱,糙米南瓜牛肉,青花鱼,水产类,FOOD,(无档案),,去骨、生重、打碎、充分搅拌,1,高,E1 无营养档案,该原料没有营养档案：生熟状态为空、无法按档案核算营养,补营养档案映射
正式食谱,糙米南瓜牛肉,鸡蛋,蛋类及制品,FOOD,(无档案),,去壳、全蛋、生重、充分搅拌,1,高,E1 无营养档案,该原料没有营养档案：生熟状态为空、无法按档案核算营养,补营养档案映射
正式食谱,糙米南瓜牛肉,鸡蛋,蛋类及制品,FOOD,(无档案),,去壳、全蛋、生重、充分搅拌,1,高,E1 无营养档案,该原料没有营养档案：生熟状态为空、无法按档案核算营养,补营养档案映射
正式食谱,糙米南瓜牛肉,糙米,谷类及制品,FOOD,(无档案),,煮熟后称重、静置30分钟、打碎、充分搅拌,2,高,E1 无营养档案 + A4 同原料口径不一致,该原料没有营养档案：生熟状态为空、无法按档案核算营养；该原料在不同食谱里既写过生重又写过熟重,补营养档案映射；统一口径
正式食谱,糙米南瓜牛肉,糙米,谷类及制品,FOOD,(无档案),,煮熟后称重、静置30分钟、打碎、充分搅拌,2,高,E1 无营养档案 + A4 同原料口径不一致,该原料没有营养档案：生熟状态为空、无法按档案核算营养；该原料在不同食谱里既写过生重又写过熟重,补营养档案映射；统一口径
正式食谱,糙米南瓜牛肉,南瓜,蔬菜类及制品,FOOD,(无档案),,去瓤、留皮、煮熟后称重、静置30分钟、打碎、充分搅拌,2,高,E1 无营养档案 + A4 同原料口径不一致,该原料没有营养档案：生熟状态为空、无法按档案核算营养；该原料在不同食谱里既写过生重又写过熟重,补营养档案映射；统一口径
正式食谱,糙米南瓜牛肉,南瓜,蔬菜类及制品,FOOD,(无档案),,去瓤、留皮、煮熟后称重、静置30分钟、打碎、充分搅拌,2,高,E1 无营养档案 + A4 同原料口径不一致,该原料没有营养档案：生熟状态为空、无法按档案核算营养；该原料在不同食谱里既写过生重又写过熟重,补营养档案映射；统一口径
正式食谱,糙米南瓜牛肉,燕麦,谷类及制品,FOOD,(无档案),,打碎、充分搅拌,1,高,E1 无营养档案,该原料没有营养档案：生熟状态为空、无法按档案核算营养,补营养档案映射
正式食谱,糙米南瓜牛肉,燕麦,谷类及制品,FOOD,(无档案),,打碎、充分搅拌,1,高,E1 无营养档案,该原料没有营养档案：生熟状态为空、无法按档案核算营养,补营养档案映射
正式食谱,糙米南瓜牛肉,绿豆芽,蔬菜类及制品,FOOD,(无档案),,生重、打碎、充分搅拌,2,高,E1 无营养档案 + A4 同原料口径不一致,该原料没有营养档案：生熟状态为空、无法按档案核算营养；该原料在不同食谱里既写过生重又写过熟重,补营养档案映射；统一口径
正式食谱,糙米南瓜牛肉,绿豆芽,蔬菜类及制品,FOOD,(无档案),,生重、打碎、充分搅拌,2,高,E1 无营养档案 + A4 同原料口径不一致,该原料没有营养档案：生熟状态为空、无法按档案核算营养；该原料在不同食谱里既写过生重又写过熟重,补营养档案映射；统一口径
正式食谱,糙米南瓜牛肉,苹果,水果类及制品,FOOD,(无档案),,去瓤、留皮、生重、打碎、充分搅拌,1,高,E1 无营养档案,该原料没有营养档案：生熟状态为空、无法按档案核算营养,补营养档案映射
正式食谱,糙米南瓜牛肉,苹果,水果类及制品,FOOD,(无档案),,去瓤、留皮、生重、打碎、充分搅拌,1,高,E1 无营养档案,该原料没有营养档案：生熟状态为空、无法按档案核算营养,补营养档案映射
正式食谱,糙米南瓜牛肉,生葵花籽仁,坚果种子类,FOOD,(无档案),,生重、打碎、充分搅拌,1,高,E1 无营养档案,该原料没有营养档案：生熟状态为空、无法按档案核算营养,补营养档案映射
正式食谱,糙米南瓜牛肉,生葵花籽仁,坚果种子类,FOOD,(无档案),,生重、打碎、充分搅拌,1,高,E1 无营养档案,该原料没有营养档案：生熟状态为空、无法按档案核算营养,补营养档案映射
正式食谱,糙米南瓜牛肉,食用盐,调味品类,FOOD,(无档案),,充分搅拌,1,高,E1 无营养档案,该原料没有营养档案：生熟状态为空、无法按档案核算营养,补营养档案映射
正式食谱,糙米南瓜牛肉,食用盐,调味品类,FOOD,(无档案),,充分搅拌,1,高,E1 无营养档案,该原料没有营养档案：生熟状态为空、无法按档案核算营养,补营养档案映射
正式食谱,糙米南瓜牛肉,维生素E胶囊 ,乳类及制品,SUPPLEMENT,(无档案),,充分搅拌,1,高,E1 无营养档案,该原料没有营养档案：生熟状态为空、无法按档案核算营养,补营养档案映射
正式食谱,糙米南瓜牛肉,维生素E胶囊 ,乳类及制品,SUPPLEMENT,(无档案),,充分搅拌,1,高,E1 无营养档案,该原料没有营养档案：生熟状态为空、无法按档案核算营养,补营养档案映射
正式食谱,糙米南瓜牛肉,葡萄糖酸锌片,乳类及制品,SUPPLEMENT,(无档案),,打粉、充分搅拌,1,高,E1 无营养档案,该原料没有营养档案：生熟状态为空、无法按档案核算营养,补营养档案映射
正式食谱,糙米南瓜牛肉,葡萄糖酸锌片,乳类及制品,SUPPLEMENT,(无档案),,打粉、充分搅拌,1,高,E1 无营养档案,该原料没有营养档案：生熟状态为空、无法按档案核算营养,补营养档案映射
正式食谱,糙米南瓜牛肉,碳酸钙粉,乳类及制品,SUPPLEMENT,(无档案),,充分搅拌,1,高,E1 无营养档案,该原料没有营养档案：生熟状态为空、无法按档案核算营养,补营养档案映射
正式食谱,糙米南瓜牛肉,碳酸钙粉,乳类及制品,SUPPLEMENT,(无档案),,充分搅拌,1,高,E1 无营养档案,该原料没有营养档案：生熟状态为空、无法按档案核算营养,补营养档案映射
正式食谱,糙米南瓜牛肉,海藻粉,乳类及制品,SUPPLEMENT,(无档案),,充分搅拌,1,高,E1 无营养档案,该原料没有营养档案：生熟状态为空、无法按档案核算营养,补营养档案映射
正式食谱,糙米南瓜牛肉,海藻粉,乳类及制品,SUPPLEMENT,(无档案),,充分搅拌,1,高,E1 无营养档案,该原料没有营养档案：生熟状态为空、无法按档案核算营养,补营养档案映射
正式食谱,糙米南瓜牛肉,鱼油胶囊,乳类及制品,SUPPLEMENT,(无档案),,充分搅拌,1,高,E1 无营养档案,该原料没有营养档案：生熟状态为空、无法按档案核算营养,补营养档案映射
正式食谱,糙米南瓜牛肉,鱼油胶囊,乳类及制品,SUPPLEMENT,(无档案),,充分搅拌,1,高,E1 无营养档案,该原料没有营养档案：生熟状态为空、无法按档案核算营养,补营养档案映射
正式食谱,糙米南瓜鸡胸肉【有机】,鸡胸,禽肉类及制品,FOOD,(无档案),,去皮、去骨、生重、打碎、充分搅拌,1,高,E1 无营养档案,该原料没有营养档案：生熟状态为空、无法按档案核算营养,补营养档案映射
正式食谱,糙米南瓜鸡胸肉【有机】,南瓜,蔬菜类及制品,FOOD,(无档案),,去皮、去瓤、生重、打碎、充分搅拌,2,高,E1 无营养档案 + A4 同原料口径不一致,该原料没有营养档案：生熟状态为空、无法按档案核算营养；该原料在不同食谱里既写过生重又写过熟重,补营养档案映射；统一口径
正式食谱,糙米南瓜鸡胸肉【有机】,红薯,薯类及制品,FOOD,(无档案),,去皮、生重、打碎、充分搅拌,2,高,E1 无营养档案 + A4 同原料口径不一致,该原料没有营养档案：生熟状态为空、无法按档案核算营养；该原料在不同食谱里既写过生重又写过熟重,补营养档案映射；统一口径
正式食谱,糙米南瓜鸡胸肉【有机】,西兰花,蔬菜类及制品,FOOD,(无档案),,生重、打碎、充分搅拌,2,高,E1 无营养档案 + A4 同原料口径不一致,该原料没有营养档案：生熟状态为空、无法按档案核算营养；该原料在不同食谱里既写过生重又写过熟重,补营养档案映射；统一口径
正式食谱,糙米南瓜鸡胸肉【有机】,糙米,谷类及制品,FOOD,(无档案),,生重、打碎、充分搅拌,2,高,E1 无营养档案 + A4 同原料口径不一致,该原料没有营养档案：生熟状态为空、无法按档案核算营养；该原料在不同食谱里既写过生重又写过熟重,补营养档案映射；统一口径
正式食谱,糙米南瓜鸡胸肉【有机】,苹果,水果类及制品,FOOD,(无档案),,去皮、去瓤、生重、打碎、充分搅拌,1,高,E1 无营养档案,该原料没有营养档案：生熟状态为空、无法按档案核算营养,补营养档案映射
正式食谱,糙米南瓜鸡胸肉【有机】,鸡肝,禽肉类及制品,FOOD,(无档案),,生重、打碎、充分搅拌,1,高,E1 无营养档案,该原料没有营养档案：生熟状态为空、无法按档案核算营养,补营养档案映射
正式食谱,糙米南瓜鸡胸肉【有机】,生南瓜籽仁,坚果种子类,FOOD,(无档案),,生重、打碎、充分搅拌,1,高,E1 无营养档案,该原料没有营养档案：生熟状态为空、无法按档案核算营养,补营养档案映射
正式食谱,糙米南瓜鸡胸肉【有机】,小麦胚芽油,油脂类,FOOD,(无档案),,充分搅拌,1,高,E1 无营养档案,该原料没有营养档案：生熟状态为空、无法按档案核算营养,补营养档案映射
正式食谱,糙米南瓜鸡胸肉【有机】,巴西坚果,坚果种子类,FOOD,(无档案),,打碎、充分搅拌,1,高,E1 无营养档案,该原料没有营养档案：生熟状态为空、无法按档案核算营养,补营养档案映射
正式食谱,糙米南瓜鸡胸肉【有机】,姜黄粉,调味品类,FOOD,(无档案),,充分搅拌,1,高,E1 无营养档案,该原料没有营养档案：生熟状态为空、无法按档案核算营养,补营养档案映射
正式食谱,糙米南瓜鸡胸肉【有机】,食用盐,调味品类,FOOD,(无档案),,充分搅拌,1,高,E1 无营养档案,该原料没有营养档案：生熟状态为空、无法按档案核算营养,补营养档案映射
正式食谱,糙米南瓜鸡胸肉【有机】,营养酵母粉,乳类及制品,SUPPLEMENT,(无档案),,充分搅拌,1,高,E1 无营养档案,该原料没有营养档案：生熟状态为空、无法按档案核算营养,补营养档案映射
正式食谱,糙米南瓜鸡胸肉【有机】,碳酸钙粉,乳类及制品,SUPPLEMENT,(无档案),,充分搅拌,1,高,E1 无营养档案,该原料没有营养档案：生熟状态为空、无法按档案核算营养,补营养档案映射
正式食谱,糙米南瓜鸡胸肉【有机】,葡萄糖酸锌片,乳类及制品,SUPPLEMENT,(无档案),,打粉、充分搅拌,1,高,E1 无营养档案,该原料没有营养档案：生熟状态为空、无法按档案核算营养,补营养档案映射
正式食谱,糙米南瓜鸡胸肉【有机】,胆碱片,乳类及制品,SUPPLEMENT,(无档案),,打粉、充分搅拌,1,高,E1 无营养档案,该原料没有营养档案：生熟状态为空、无法按档案核算营养,补营养档案映射
正式食谱,糙米南瓜鸡胸肉【有机】,维生素D3胶囊,乳类及制品,SUPPLEMENT,(无档案),,充分搅拌,1,高,E1 无营养档案,该原料没有营养档案：生熟状态为空、无法按档案核算营养,补营养档案映射
正式食谱,糙米南瓜鸡胸肉【有机】,海藻粉,乳类及制品,SUPPLEMENT,(无档案),,充分搅拌,1,高,E1 无营养档案,该原料没有营养档案：生熟状态为空、无法按档案核算营养,补营养档案映射
正式食谱,糙米红薯青花鱼牛肉,牛霖,畜肉类及制品,FOOD,(无档案),,生重、打碎、充分搅拌,1,高,E1 无营养档案,该原料没有营养档案：生熟状态为空、无法按档案核算营养,补营养档案映射
正式食谱,糙米红薯青花鱼牛肉,牛霖,畜肉类及制品,FOOD,(无档案),,生重、打碎、充分搅拌,1,高,E1 无营养档案,该原料没有营养档案：生熟状态为空、无法按档案核算营养,补营养档案映射
正式食谱,糙米红薯青花鱼牛肉,牛霖,畜肉类及制品,FOOD,(无档案),,生重、打碎、充分搅拌,1,高,E1 无营养档案,该原料没有营养档案：生熟状态为空、无法按档案核算营养,补营养档案映射
正式食谱,糙米红薯青花鱼牛肉,牛霖,畜肉类及制品,FOOD,(无档案),,生重、打碎、充分搅拌,1,高,E1 无营养档案,该原料没有营养档案：生熟状态为空、无法按档案核算营养,补营养档案映射
正式食谱,糙米红薯青花鱼牛肉,牛心,畜肉类及制品,FOOD,(无档案),,生重、打碎、充分搅拌,1,高,E1 无营养档案,该原料没有营养档案：生熟状态为空、无法按档案核算营养,补营养档案映射
正式食谱,糙米红薯青花鱼牛肉,牛心,畜肉类及制品,FOOD,(无档案),,生重、打碎、充分搅拌,1,高,E1 无营养档案,该原料没有营养档案：生熟状态为空、无法按档案核算营养,补营养档案映射
正式食谱,糙米红薯青花鱼牛肉,牛心,畜肉类及制品,FOOD,(无档案),,生重、打碎、充分搅拌,1,高,E1 无营养档案,该原料没有营养档案：生熟状态为空、无法按档案核算营养,补营养档案映射
正式食谱,糙米红薯青花鱼牛肉,牛心,畜肉类及制品,FOOD,(无档案),,生重、打碎、充分搅拌,1,高,E1 无营养档案,该原料没有营养档案：生熟状态为空、无法按档案核算营养,补营养档案映射
正式食谱,糙米红薯青花鱼牛肉,牛脾,畜肉类及制品,FOOD,(无档案),,生重、打碎、充分搅拌,1,高,E1 无营养档案,该原料没有营养档案：生熟状态为空、无法按档案核算营养,补营养档案映射
正式食谱,糙米红薯青花鱼牛肉,牛脾,畜肉类及制品,FOOD,(无档案),,生重、打碎、充分搅拌,1,高,E1 无营养档案,该原料没有营养档案：生熟状态为空、无法按档案核算营养,补营养档案映射
正式食谱,糙米红薯青花鱼牛肉,牛肝,畜肉类及制品,FOOD,(无档案),,生重、打碎、充分搅拌,1,高,E1 无营养档案,该原料没有营养档案：生熟状态为空、无法按档案核算营养,补营养档案映射
正式食谱,糙米红薯青花鱼牛肉,牛肝,畜肉类及制品,FOOD,(无档案),,生重、打碎、充分搅拌,1,高,E1 无营养档案,该原料没有营养档案：生熟状态为空、无法按档案核算营养,补营养档案映射
正式食谱,糙米红薯青花鱼牛肉,鸡蛋,蛋类及制品,FOOD,(无档案),,去壳、全蛋、生重、充分搅拌,1,高,E1 无营养档案,该原料没有营养档案：生熟状态为空、无法按档案核算营养,补营养档案映射
正式食谱,糙米红薯青花鱼牛肉,牛肝,畜肉类及制品,FOOD,(无档案),,生重、打碎、充分搅拌,1,高,E1 无营养档案,该原料没有营养档案：生熟状态为空、无法按档案核算营养,补营养档案映射
正式食谱,糙米红薯青花鱼牛肉,鸡蛋,蛋类及制品,FOOD,(无档案),,去壳、全蛋、生重、充分搅拌,1,高,E1 无营养档案,该原料没有营养档案：生熟状态为空、无法按档案核算营养,补营养档案映射
正式食谱,糙米红薯青花鱼牛肉,牛肝,畜肉类及制品,FOOD,(无档案),,生重、打碎、充分搅拌,1,高,E1 无营养档案,该原料没有营养档案：生熟状态为空、无法按档案核算营养,补营养档案映射
正式食谱,糙米红薯青花鱼牛肉,青花鱼,水产类,FOOD,(无档案),,去骨、生重、打碎、充分搅拌,1,高,E1 无营养档案,该原料没有营养档案：生熟状态为空、无法按档案核算营养,补营养档案映射
正式食谱,糙米红薯青花鱼牛肉,青花鱼,水产类,FOOD,(无档案),,去骨、生重、打碎、充分搅拌,1,高,E1 无营养档案,该原料没有营养档案：生熟状态为空、无法按档案核算营养,补营养档案映射
正式食谱,糙米红薯青花鱼牛肉,生蚝,水产类,FOOD,(无档案),,去壳、生重、打碎、充分搅拌,1,高,E1 无营养档案,该原料没有营养档案：生熟状态为空、无法按档案核算营养,补营养档案映射
正式食谱,糙米红薯青花鱼牛肉,生蚝,水产类,FOOD,(无档案),,去壳、生重、打碎、充分搅拌,1,高,E1 无营养档案,该原料没有营养档案：生熟状态为空、无法按档案核算营养,补营养档案映射
正式食谱,糙米红薯青花鱼牛肉,青花鱼,水产类,FOOD,(无档案),,去骨、生重、打碎、充分搅拌,1,高,E1 无营养档案,该原料没有营养档案：生熟状态为空、无法按档案核算营养,补营养档案映射
正式食谱,糙米红薯青花鱼牛肉,青花鱼,水产类,FOOD,(无档案),,去骨、生重、打碎、充分搅拌,1,高,E1 无营养档案,该原料没有营养档案：生熟状态为空、无法按档案核算营养,补营养档案映射
正式食谱,糙米红薯青花鱼牛肉,糙米,谷类及制品,FOOD,(无档案),,煮熟后称重、充分搅拌,2,高,E1 无营养档案 + A4 同原料口径不一致,该原料没有营养档案：生熟状态为空、无法按档案核算营养；该原料在不同食谱里既写过生重又写过熟重,补营养档案映射；统一口径
正式食谱,糙米红薯青花鱼牛肉,糙米,谷类及制品,FOOD,(无档案),,煮熟后称重、充分搅拌,2,高,E1 无营养档案 + A4 同原料口径不一致,该原料没有营养档案：生熟状态为空、无法按档案核算营养；该原料在不同食谱里既写过生重又写过熟重,补营养档案映射；统一口径
正式食谱,糙米红薯青花鱼牛肉,鸡蛋,蛋类及制品,FOOD,(无档案),,去壳、全蛋、生重、充分搅拌,1,高,E1 无营养档案,该原料没有营养档案：生熟状态为空、无法按档案核算营养,补营养档案映射
正式食谱,糙米红薯青花鱼牛肉,红薯,薯类及制品,FOOD,(无档案),,去皮、生重、打碎、充分搅拌,2,高,E1 无营养档案 + A4 同原料口径不一致,该原料没有营养档案：生熟状态为空、无法按档案核算营养；该原料在不同食谱里既写过生重又写过熟重,补营养档案映射；统一口径
正式食谱,糙米红薯青花鱼牛肉,鸡蛋,蛋类及制品,FOOD,(无档案),,去壳、全蛋、生重、充分搅拌,1,高,E1 无营养档案,该原料没有营养档案：生熟状态为空、无法按档案核算营养,补营养档案映射
正式食谱,糙米红薯青花鱼牛肉,红薯,薯类及制品,FOOD,(无档案),,去皮、生重、打碎、充分搅拌,2,高,E1 无营养档案 + A4 同原料口径不一致,该原料没有营养档案：生熟状态为空、无法按档案核算营养；该原料在不同食谱里既写过生重又写过熟重,补营养档案映射；统一口径
正式食谱,糙米红薯青花鱼牛肉,胡萝卜,蔬菜类及制品,FOOD,(无档案),,生重、打碎、充分搅拌,2,高,E1 无营养档案 + A4 同原料口径不一致,该原料没有营养档案：生熟状态为空、无法按档案核算营养；该原料在不同食谱里既写过生重又写过熟重,补营养档案映射；统一口径
正式食谱,糙米红薯青花鱼牛肉,胡萝卜,蔬菜类及制品,FOOD,(无档案),,生重、打碎、充分搅拌,2,高,E1 无营养档案 + A4 同原料口径不一致,该原料没有营养档案：生熟状态为空、无法按档案核算营养；该原料在不同食谱里既写过生重又写过熟重,补营养档案映射；统一口径
正式食谱,糙米红薯青花鱼牛肉,糙米,谷类及制品,FOOD,(无档案),,煮熟后称重、打碎、充分搅拌,2,高,E1 无营养档案 + A4 同原料口径不一致,该原料没有营养档案：生熟状态为空、无法按档案核算营养；该原料在不同食谱里既写过生重又写过熟重,补营养档案映射；统一口径
正式食谱,糙米红薯青花鱼牛肉,糙米,谷类及制品,FOOD,(无档案),,煮熟后称重、打碎、充分搅拌,2,高,E1 无营养档案 + A4 同原料口径不一致,该原料没有营养档案：生熟状态为空、无法按档案核算营养；该原料在不同食谱里既写过生重又写过熟重,补营养档案映射；统一口径
正式食谱,糙米红薯青花鱼牛肉,红薯,薯类及制品,FOOD,(无档案),,去皮、生重、打碎、充分搅拌,2,高,E1 无营养档案 + A4 同原料口径不一致,该原料没有营养档案：生熟状态为空、无法按档案核算营养；该原料在不同食谱里既写过生重又写过熟重,补营养档案映射；统一口径
正式食谱,糙米红薯青花鱼牛肉,小白菜,蔬菜类及制品,FOOD,(无档案),,生重、打碎、充分搅拌,1,高,E1 无营养档案,该原料没有营养档案：生熟状态为空、无法按档案核算营养,补营养档案映射
正式食谱,糙米红薯青花鱼牛肉,小白菜,蔬菜类及制品,FOOD,(无档案),,生重、打碎、充分搅拌,1,高,E1 无营养档案,该原料没有营养档案：生熟状态为空、无法按档案核算营养,补营养档案映射
正式食谱,糙米红薯青花鱼牛肉,红薯,薯类及制品,FOOD,(无档案),,去皮、生重、打碎、充分搅拌,2,高,E1 无营养档案 + A4 同原料口径不一致,该原料没有营养档案：生熟状态为空、无法按档案核算营养；该原料在不同食谱里既写过生重又写过熟重,补营养档案映射；统一口径
正式食谱,糙米红薯青花鱼牛肉,胡萝卜,蔬菜类及制品,FOOD,(无档案),,生重、打碎、充分搅拌,2,高,E1 无营养档案 + A4 同原料口径不一致,该原料没有营养档案：生熟状态为空、无法按档案核算营养；该原料在不同食谱里既写过生重又写过熟重,补营养档案映射；统一口径
正式食谱,糙米红薯青花鱼牛肉,生南瓜籽仁,坚果种子类,FOOD,(无档案),,生重、打碎、充分搅拌,1,高,E1 无营养档案,该原料没有营养档案：生熟状态为空、无法按档案核算营养,补营养档案映射
正式食谱,糙米红薯青花鱼牛肉,胡萝卜,蔬菜类及制品,FOOD,(无档案),,生重、打碎、充分搅拌,2,高,E1 无营养档案 + A4 同原料口径不一致,该原料没有营养档案：生熟状态为空、无法按档案核算营养；该原料在不同食谱里既写过生重又写过熟重,补营养档案映射；统一口径
正式食谱,糙米红薯青花鱼牛肉,生南瓜籽仁,坚果种子类,FOOD,(无档案),,生重、打碎、充分搅拌,1,高,E1 无营养档案,该原料没有营养档案：生熟状态为空、无法按档案核算营养,补营养档案映射
正式食谱,糙米红薯青花鱼牛肉,小白菜,蔬菜类及制品,FOOD,(无档案),,生重、打碎、充分搅拌,1,高,E1 无营养档案,该原料没有营养档案：生熟状态为空、无法按档案核算营养,补营养档案映射
正式食谱,糙米红薯青花鱼牛肉,小麦胚芽油,油脂类,FOOD,(无档案),,充分搅拌,1,高,E1 无营养档案,该原料没有营养档案：生熟状态为空、无法按档案核算营养,补营养档案映射
正式食谱,糙米红薯青花鱼牛肉,小麦胚芽油,油脂类,FOOD,(无档案),,充分搅拌,1,高,E1 无营养档案,该原料没有营养档案：生熟状态为空、无法按档案核算营养,补营养档案映射
正式食谱,糙米红薯青花鱼牛肉,小白菜,蔬菜类及制品,FOOD,(无档案),,生重、打碎、充分搅拌,1,高,E1 无营养档案,该原料没有营养档案：生熟状态为空、无法按档案核算营养,补营养档案映射
正式食谱,糙米红薯青花鱼牛肉,食用盐,调味品类,FOOD,(无档案),,充分搅拌,1,高,E1 无营养档案,该原料没有营养档案：生熟状态为空、无法按档案核算营养,补营养档案映射
正式食谱,糙米红薯青花鱼牛肉,生南瓜籽仁,坚果种子类,FOOD,(无档案),,生重、打碎、充分搅拌,1,高,E1 无营养档案,该原料没有营养档案：生熟状态为空、无法按档案核算营养,补营养档案映射
正式食谱,糙米红薯青花鱼牛肉,食用盐,调味品类,FOOD,(无档案),,充分搅拌,1,高,E1 无营养档案,该原料没有营养档案：生熟状态为空、无法按档案核算营养,补营养档案映射
正式食谱,糙米红薯青花鱼牛肉,生南瓜籽仁,坚果种子类,FOOD,(无档案),,生重、打碎、充分搅拌,1,高,E1 无营养档案,该原料没有营养档案：生熟状态为空、无法按档案核算营养,补营养档案映射
正式食谱,糙米红薯青花鱼牛肉,鸡蛋壳粉,乳类及制品,SUPPLEMENT,(无档案),,充分搅拌,1,高,E1 无营养档案,该原料没有营养档案：生熟状态为空、无法按档案核算营养,补营养档案映射
正式食谱,糙米红薯青花鱼牛肉,小麦胚芽油,油脂类,FOOD,(无档案),,充分搅拌,1,高,E1 无营养档案,该原料没有营养档案：生熟状态为空、无法按档案核算营养,补营养档案映射
正式食谱,糙米红薯青花鱼牛肉,鸡蛋壳粉,乳类及制品,SUPPLEMENT,(无档案),,充分搅拌,1,高,E1 无营养档案,该原料没有营养档案：生熟状态为空、无法按档案核算营养,补营养档案映射
正式食谱,糙米红薯青花鱼牛肉,小麦胚芽油,油脂类,FOOD,(无档案),,充分搅拌,1,高,E1 无营养档案,该原料没有营养档案：生熟状态为空、无法按档案核算营养,补营养档案映射
正式食谱,糙米红薯青花鱼牛肉,食用盐,调味品类,FOOD,(无档案),,充分搅拌,1,高,E1 无营养档案,该原料没有营养档案：生熟状态为空、无法按档案核算营养,补营养档案映射
正式食谱,糙米红薯青花鱼牛肉,海藻粉,乳类及制品,SUPPLEMENT,(无档案),,充分搅拌,1,高,E1 无营养档案,该原料没有营养档案：生熟状态为空、无法按档案核算营养,补营养档案映射
正式食谱,糙米红薯青花鱼牛肉,食用盐,调味品类,FOOD,(无档案),,充分搅拌,1,高,E1 无营养档案,该原料没有营养档案：生熟状态为空、无法按档案核算营养,补营养档案映射
正式食谱,糙米红薯青花鱼牛肉,海藻粉,乳类及制品,SUPPLEMENT,(无档案),,充分搅拌,1,高,E1 无营养档案,该原料没有营养档案：生熟状态为空、无法按档案核算营养,补营养档案映射
正式食谱,糙米红薯青花鱼牛肉,骨粉,乳类及制品,SUPPLEMENT,(无档案),,充分搅拌,1,高,E1 无营养档案,该原料没有营养档案：生熟状态为空、无法按档案核算营养,补营养档案映射
正式食谱,糙米红薯青花鱼牛肉,骨粉,乳类及制品,SUPPLEMENT,(无档案),,充分搅拌,1,高,E1 无营养档案,该原料没有营养档案：生熟状态为空、无法按档案核算营养,补营养档案映射
正式食谱,糙米红薯青花鱼牛肉,海藻粉,乳类及制品,SUPPLEMENT,(无档案),,充分搅拌,1,高,E1 无营养档案,该原料没有营养档案：生熟状态为空、无法按档案核算营养,补营养档案映射
正式食谱,糙米红薯青花鱼牛肉,海藻粉,乳类及制品,SUPPLEMENT,(无档案),,充分搅拌,1,高,E1 无营养档案,该原料没有营养档案：生熟状态为空、无法按档案核算营养,补营养档案映射
正式食谱,糙米西葫芦牛肉,牛霖,畜肉类及制品,FOOD,(无档案),,生重、打碎、充分搅拌,1,高,E1 无营养档案,该原料没有营养档案：生熟状态为空、无法按档案核算营养,补营养档案映射
正式食谱,糙米西葫芦牛肉,牛霖,畜肉类及制品,FOOD,(无档案),,生重、打碎、充分搅拌,1,高,E1 无营养档案,该原料没有营养档案：生熟状态为空、无法按档案核算营养,补营养档案映射
正式食谱,糙米西葫芦牛肉,牛肝,畜肉类及制品,FOOD,(无档案),,生重、打碎、充分搅拌,1,高,E1 无营养档案,该原料没有营养档案：生熟状态为空、无法按档案核算营养,补营养档案映射
正式食谱,糙米西葫芦牛肉,牛肝,畜肉类及制品,FOOD,(无档案),,生重、打碎、充分搅拌,1,高,E1 无营养档案,该原料没有营养档案：生熟状态为空、无法按档案核算营养,补营养档案映射
正式食谱,糙米西葫芦牛肉,鸡蛋,蛋类及制品,FOOD,(无档案),,去壳、全蛋、生重、充分搅拌,1,高,E1 无营养档案,该原料没有营养档案：生熟状态为空、无法按档案核算营养,补营养档案映射
正式食谱,糙米西葫芦牛肉,鸡蛋,蛋类及制品,FOOD,(无档案),,去壳、全蛋、生重、充分搅拌,1,高,E1 无营养档案,该原料没有营养档案：生熟状态为空、无法按档案核算营养,补营养档案映射
正式食谱,糙米西葫芦牛肉,三文鱼,水产类,FOOD,(无档案),,去骨、去皮、生重、打碎、充分搅拌,1,高,E1 无营养档案,该原料没有营养档案：生熟状态为空、无法按档案核算营养,补营养档案映射
正式食谱,糙米西葫芦牛肉,三文鱼,水产类,FOOD,(无档案),,去骨、去皮、生重、打碎、充分搅拌,1,高,E1 无营养档案,该原料没有营养档案：生熟状态为空、无法按档案核算营养,补营养档案映射
正式食谱,糙米西葫芦牛肉,生蚝,水产类,FOOD,(无档案),,去壳、生重、焯水、打碎、充分搅拌,1,高,E1 无营养档案,该原料没有营养档案：生熟状态为空、无法按档案核算营养,补营养档案映射
正式食谱,糙米西葫芦牛肉,生蚝,水产类,FOOD,(无档案),,去壳、生重、焯水、打碎、充分搅拌,1,高,E1 无营养档案,该原料没有营养档案：生熟状态为空、无法按档案核算营养,补营养档案映射
正式食谱,糙米西葫芦牛肉,糙米,谷类及制品,FOOD,(无档案),,流水冲洗、浸泡60分钟、煮熟后称重、打碎、充分搅拌,2,高,E1 无营养档案 + A4 同原料口径不一致,该原料没有营养档案：生熟状态为空、无法按档案核算营养；该原料在不同食谱里既写过生重又写过熟重,补营养档案映射；统一口径
正式食谱,糙米西葫芦牛肉,糙米,谷类及制品,FOOD,(无档案),,流水冲洗、浸泡60分钟、煮熟后称重、打碎、充分搅拌,2,高,E1 无营养档案 + A4 同原料口径不一致,该原料没有营养档案：生熟状态为空、无法按档案核算营养；该原料在不同食谱里既写过生重又写过熟重,补营养档案映射；统一口径
正式食谱,糙米西葫芦牛肉,南瓜,蔬菜类及制品,FOOD,(无档案),,去皮、去瓤、煮熟后称重、打碎、充分搅拌,2,高,E1 无营养档案 + A4 同原料口径不一致,该原料没有营养档案：生熟状态为空、无法按档案核算营养；该原料在不同食谱里既写过生重又写过熟重,补营养档案映射；统一口径
正式食谱,糙米西葫芦牛肉,南瓜,蔬菜类及制品,FOOD,(无档案),,去皮、去瓤、煮熟后称重、打碎、充分搅拌,2,高,E1 无营养档案 + A4 同原料口径不一致,该原料没有营养档案：生熟状态为空、无法按档案核算营养；该原料在不同食谱里既写过生重又写过熟重,补营养档案映射；统一口径
正式食谱,糙米西葫芦牛肉,西葫芦,蔬菜类及制品,FOOD,(无档案),,煮熟后称重、打碎、充分搅拌,1,高,E1 无营养档案,该原料没有营养档案：生熟状态为空、无法按档案核算营养,补营养档案映射
正式食谱,糙米西葫芦牛肉,西葫芦,蔬菜类及制品,FOOD,(无档案),,煮熟后称重、打碎、充分搅拌,1,高,E1 无营养档案,该原料没有营养档案：生熟状态为空、无法按档案核算营养,补营养档案映射
正式食谱,糙米西葫芦牛肉,燕麦,谷类及制品,FOOD,(无档案),,生重、打粉、充分搅拌,1,高,E1 无营养档案,该原料没有营养档案：生熟状态为空、无法按档案核算营养,补营养档案映射
正式食谱,糙米西葫芦牛肉,燕麦,谷类及制品,FOOD,(无档案),,生重、打粉、充分搅拌,1,高,E1 无营养档案,该原料没有营养档案：生熟状态为空、无法按档案核算营养,补营养档案映射
正式食谱,糙米西葫芦牛肉,蓝莓,水果类及制品,FOOD,(无档案),,(空),2,高,E1 无营养档案 + B3 文案为空,该原料没有营养档案：生熟状态为空、无法按档案核算营养；没有任何制备/称重说明,补营养档案映射；按原料+档案状态补全标准文案
正式食谱,糙米西葫芦牛肉,蓝莓,水果类及制品,FOOD,(无档案),,(空),2,高,E1 无营养档案 + B3 文案为空,该原料没有营养档案：生熟状态为空、无法按档案核算营养；没有任何制备/称重说明,补营养档案映射；按原料+档案状态补全标准文案
正式食谱,糙米西葫芦牛肉,巴西坚果,坚果种子类,FOOD,(无档案),,生重、打碎、充分搅拌,1,高,E1 无营养档案,该原料没有营养档案：生熟状态为空、无法按档案核算营养,补营养档案映射
正式食谱,糙米西葫芦牛肉,巴西坚果,坚果种子类,FOOD,(无档案),,生重、打碎、充分搅拌,1,高,E1 无营养档案,该原料没有营养档案：生熟状态为空、无法按档案核算营养,补营养档案映射
正式食谱,糙米西葫芦牛肉,小麦胚芽油,油脂类,FOOD,(无档案),,生重、充分搅拌,1,高,E1 无营养档案,该原料没有营养档案：生熟状态为空、无法按档案核算营养,补营养档案映射
正式食谱,糙米西葫芦牛肉,小麦胚芽油,油脂类,FOOD,(无档案),,生重、充分搅拌,1,高,E1 无营养档案,该原料没有营养档案：生熟状态为空、无法按档案核算营养,补营养档案映射
正式食谱,糙米西葫芦牛肉,食用盐,调味品类,FOOD,(无档案),,生重、充分搅拌,1,高,E1 无营养档案,该原料没有营养档案：生熟状态为空、无法按档案核算营养,补营养档案映射
正式食谱,糙米西葫芦牛肉,食用盐,调味品类,FOOD,(无档案),,生重、充分搅拌,1,高,E1 无营养档案,该原料没有营养档案：生熟状态为空、无法按档案核算营养,补营养档案映射
正式食谱,糙米西葫芦牛肉,碳酸钙粉,乳类及制品,SUPPLEMENT,(无档案),,生重、充分搅拌,2,高,E1 无营养档案 + C1c 补剂写了生/熟重,该原料没有营养档案：生熟状态为空、无法按档案核算营养；补剂没有生熟概念,补营养档案映射；改为「按标签量」或去掉
正式食谱,糙米西葫芦牛肉,碳酸钙粉,乳类及制品,SUPPLEMENT,(无档案),,生重、充分搅拌,2,高,E1 无营养档案 + C1c 补剂写了生/熟重,该原料没有营养档案：生熟状态为空、无法按档案核算营养；补剂没有生熟概念,补营养档案映射；改为「按标签量」或去掉
正式食谱,糙米西葫芦牛肉,海藻粉,乳类及制品,SUPPLEMENT,(无档案),,充分搅拌,1,高,E1 无营养档案,该原料没有营养档案：生熟状态为空、无法按档案核算营养,补营养档案映射
正式食谱,糙米西葫芦牛肉,海藻粉,乳类及制品,SUPPLEMENT,(无档案),,充分搅拌,1,高,E1 无营养档案,该原料没有营养档案：生熟状态为空、无法按档案核算营养,补营养档案映射
正式食谱,糙米青口贝青花鱼牛肉,牛霖,畜肉类及制品,FOOD,(无档案),,去油、生重、打碎、充分搅拌,1,高,E1 无营养档案,该原料没有营养档案：生熟状态为空、无法按档案核算营养,补营养档案映射
正式食谱,糙米青口贝青花鱼牛肉,牛霖,畜肉类及制品,FOOD,(无档案),,去油、生重、打碎、充分搅拌,1,高,E1 无营养档案,该原料没有营养档案：生熟状态为空、无法按档案核算营养,补营养档案映射
正式食谱,糙米青口贝青花鱼牛肉,牛心,畜肉类及制品,FOOD,(无档案),,去油、生重、打碎、充分搅拌,1,高,E1 无营养档案,该原料没有营养档案：生熟状态为空、无法按档案核算营养,补营养档案映射
正式食谱,糙米青口贝青花鱼牛肉,牛心,畜肉类及制品,FOOD,(无档案),,去油、生重、打碎、充分搅拌,1,高,E1 无营养档案,该原料没有营养档案：生熟状态为空、无法按档案核算营养,补营养档案映射
正式食谱,糙米青口贝青花鱼牛肉,牛肝,畜肉类及制品,FOOD,(无档案),,去油、生重、打碎、充分搅拌,1,高,E1 无营养档案,该原料没有营养档案：生熟状态为空、无法按档案核算营养,补营养档案映射
正式食谱,糙米青口贝青花鱼牛肉,牛肝,畜肉类及制品,FOOD,(无档案),,去油、生重、打碎、充分搅拌,1,高,E1 无营养档案,该原料没有营养档案：生熟状态为空、无法按档案核算营养,补营养档案映射
正式食谱,糙米青口贝青花鱼牛肉,青花鱼,水产类,FOOD,(无档案),,去骨、生重、打碎、充分搅拌,1,高,E1 无营养档案,该原料没有营养档案：生熟状态为空、无法按档案核算营养,补营养档案映射
正式食谱,糙米青口贝青花鱼牛肉,青花鱼,水产类,FOOD,(无档案),,去骨、生重、打碎、充分搅拌,1,高,E1 无营养档案,该原料没有营养档案：生熟状态为空、无法按档案核算营养,补营养档案映射
正式食谱,糙米青口贝青花鱼牛肉,生蚝,水产类,FOOD,(无档案),,去壳、生重、打碎、充分搅拌,1,高,E1 无营养档案,该原料没有营养档案：生熟状态为空、无法按档案核算营养,补营养档案映射
正式食谱,糙米青口贝青花鱼牛肉,生蚝,水产类,FOOD,(无档案),,去壳、生重、打碎、充分搅拌,1,高,E1 无营养档案,该原料没有营养档案：生熟状态为空、无法按档案核算营养,补营养档案映射
正式食谱,糙米青口贝青花鱼牛肉,青口贝,水产类,FOOD,(无档案),,去壳、生重、打碎、充分搅拌,1,高,E1 无营养档案,该原料没有营养档案：生熟状态为空、无法按档案核算营养,补营养档案映射
正式食谱,糙米青口贝青花鱼牛肉,青口贝,水产类,FOOD,(无档案),,去壳、生重、打碎、充分搅拌,1,高,E1 无营养档案,该原料没有营养档案：生熟状态为空、无法按档案核算营养,补营养档案映射
正式食谱,糙米青口贝青花鱼牛肉,鸡蛋,蛋类及制品,FOOD,(无档案),,去壳、全蛋、生重、充分搅拌,1,高,E1 无营养档案,该原料没有营养档案：生熟状态为空、无法按档案核算营养,补营养档案映射
正式食谱,糙米青口贝青花鱼牛肉,鸡蛋,蛋类及制品,FOOD,(无档案),,去壳、全蛋、生重、充分搅拌,1,高,E1 无营养档案,该原料没有营养档案：生熟状态为空、无法按档案核算营养,补营养档案映射
正式食谱,糙米青口贝青花鱼牛肉,糙米,谷类及制品,FOOD,(无档案),,生重、打粉、充分搅拌,2,高,E1 无营养档案 + A4 同原料口径不一致,该原料没有营养档案：生熟状态为空、无法按档案核算营养；该原料在不同食谱里既写过生重又写过熟重,补营养档案映射；统一口径
正式食谱,糙米青口贝青花鱼牛肉,糙米,谷类及制品,FOOD,(无档案),,生重、打粉、充分搅拌,2,高,E1 无营养档案 + A4 同原料口径不一致,该原料没有营养档案：生熟状态为空、无法按档案核算营养；该原料在不同食谱里既写过生重又写过熟重,补营养档案映射；统一口径
正式食谱,糙米青口贝青花鱼牛肉,胡萝卜,蔬菜类及制品,FOOD,(无档案),,留皮、生重、打碎、充分搅拌,2,高,E1 无营养档案 + A4 同原料口径不一致,该原料没有营养档案：生熟状态为空、无法按档案核算营养；该原料在不同食谱里既写过生重又写过熟重,补营养档案映射；统一口径
正式食谱,糙米青口贝青花鱼牛肉,胡萝卜,蔬菜类及制品,FOOD,(无档案),,留皮、生重、打碎、充分搅拌,2,高,E1 无营养档案 + A4 同原料口径不一致,该原料没有营养档案：生熟状态为空、无法按档案核算营养；该原料在不同食谱里既写过生重又写过熟重,补营养档案映射；统一口径
正式食谱,糙米青口贝青花鱼牛肉,生菜,蔬菜类及制品,FOOD,(无档案),,生重、打碎、充分搅拌,1,高,E1 无营养档案,该原料没有营养档案：生熟状态为空、无法按档案核算营养,补营养档案映射
正式食谱,糙米青口贝青花鱼牛肉,生菜,蔬菜类及制品,FOOD,(无档案),,生重、打碎、充分搅拌,1,高,E1 无营养档案,该原料没有营养档案：生熟状态为空、无法按档案核算营养,补营养档案映射
正式食谱,糙米青口贝青花鱼牛肉,紫甘蓝,蔬菜类及制品,FOOD,(无档案),,生重、打碎、充分搅拌,2,高,E1 无营养档案 + A4 同原料口径不一致,该原料没有营养档案：生熟状态为空、无法按档案核算营养；该原料在不同食谱里既写过生重又写过熟重,补营养档案映射；统一口径
正式食谱,糙米青口贝青花鱼牛肉,紫甘蓝,蔬菜类及制品,FOOD,(无档案),,生重、打碎、充分搅拌,2,高,E1 无营养档案 + A4 同原料口径不一致,该原料没有营养档案：生熟状态为空、无法按档案核算营养；该原料在不同食谱里既写过生重又写过熟重,补营养档案映射；统一口径
正式食谱,糙米青口贝青花鱼牛肉,生南瓜籽仁,坚果种子类,FOOD,(无档案),,生重、打碎、充分搅拌,1,高,E1 无营养档案,该原料没有营养档案：生熟状态为空、无法按档案核算营养,补营养档案映射
正式食谱,糙米青口贝青花鱼牛肉,生南瓜籽仁,坚果种子类,FOOD,(无档案),,生重、打碎、充分搅拌,1,高,E1 无营养档案,该原料没有营养档案：生熟状态为空、无法按档案核算营养,补营养档案映射
正式食谱,糙米青口贝青花鱼牛肉,小麦胚芽油,油脂类,FOOD,(无档案),,充分搅拌,1,高,E1 无营养档案,该原料没有营养档案：生熟状态为空、无法按档案核算营养,补营养档案映射
正式食谱,糙米青口贝青花鱼牛肉,小麦胚芽油,油脂类,FOOD,(无档案),,充分搅拌,1,高,E1 无营养档案,该原料没有营养档案：生熟状态为空、无法按档案核算营养,补营养档案映射
正式食谱,糙米青口贝青花鱼牛肉,食用盐,调味品类,FOOD,(无档案),,充分搅拌,1,高,E1 无营养档案,该原料没有营养档案：生熟状态为空、无法按档案核算营养,补营养档案映射
正式食谱,糙米青口贝青花鱼牛肉,食用盐,调味品类,FOOD,(无档案),,充分搅拌,1,高,E1 无营养档案,该原料没有营养档案：生熟状态为空、无法按档案核算营养,补营养档案映射
正式食谱,糙米青口贝青花鱼牛肉,鸡蛋壳粉,乳类及制品,SUPPLEMENT,(无档案),,充分搅拌,1,高,E1 无营养档案,该原料没有营养档案：生熟状态为空、无法按档案核算营养,补营养档案映射
正式食谱,糙米青口贝青花鱼牛肉,鸡蛋壳粉,乳类及制品,SUPPLEMENT,(无档案),,充分搅拌,1,高,E1 无营养档案,该原料没有营养档案：生熟状态为空、无法按档案核算营养,补营养档案映射
正式食谱,糙米青口贝青花鱼牛肉,海藻粉,乳类及制品,SUPPLEMENT,(无档案),,充分搅拌,1,高,E1 无营养档案,该原料没有营养档案：生熟状态为空、无法按档案核算营养,补营养档案映射
正式食谱,糙米青口贝青花鱼牛肉,海藻粉,乳类及制品,SUPPLEMENT,(无档案),,充分搅拌,1,高,E1 无营养档案,该原料没有营养档案：生熟状态为空、无法按档案核算营养,补营养档案映射
正式食谱,糙米鸡蛋牛肉,牛霖,畜肉类及制品,FOOD,(无档案),,去油、生重、打碎、充分搅拌,1,高,E1 无营养档案,该原料没有营养档案：生熟状态为空、无法按档案核算营养,补营养档案映射
正式食谱,糙米鸡蛋牛肉,牛霖,畜肉类及制品,FOOD,(无档案),,去油、生重、打碎、充分搅拌,1,高,E1 无营养档案,该原料没有营养档案：生熟状态为空、无法按档案核算营养,补营养档案映射
正式食谱,糙米鸡蛋牛肉,牛肝,畜肉类及制品,FOOD,(无档案),,去油、生重、打碎、充分搅拌,1,高,E1 无营养档案,该原料没有营养档案：生熟状态为空、无法按档案核算营养,补营养档案映射
正式食谱,糙米鸡蛋牛肉,牛肝,畜肉类及制品,FOOD,(无档案),,去油、生重、打碎、充分搅拌,1,高,E1 无营养档案,该原料没有营养档案：生熟状态为空、无法按档案核算营养,补营养档案映射
正式食谱,糙米鸡蛋牛肉,牛脾,畜肉类及制品,FOOD,(无档案),,去油、生重、打碎、充分搅拌,1,高,E1 无营养档案,该原料没有营养档案：生熟状态为空、无法按档案核算营养,补营养档案映射
正式食谱,糙米鸡蛋牛肉,牛脾,畜肉类及制品,FOOD,(无档案),,去油、生重、打碎、充分搅拌,1,高,E1 无营养档案,该原料没有营养档案：生熟状态为空、无法按档案核算营养,补营养档案映射
正式食谱,糙米鸡蛋牛肉,牛心,畜肉类及制品,FOOD,(无档案),,去油、生重、打碎、充分搅拌,1,高,E1 无营养档案,该原料没有营养档案：生熟状态为空、无法按档案核算营养,补营养档案映射
正式食谱,糙米鸡蛋牛肉,牛心,畜肉类及制品,FOOD,(无档案),,去油、生重、打碎、充分搅拌,1,高,E1 无营养档案,该原料没有营养档案：生熟状态为空、无法按档案核算营养,补营养档案映射
正式食谱,糙米鸡蛋牛肉,鸡蛋,蛋类及制品,FOOD,(无档案),,去壳、全蛋、生重、充分搅拌,1,高,E1 无营养档案,该原料没有营养档案：生熟状态为空、无法按档案核算营养,补营养档案映射
正式食谱,糙米鸡蛋牛肉,鸡蛋,蛋类及制品,FOOD,(无档案),,去壳、全蛋、生重、充分搅拌,1,高,E1 无营养档案,该原料没有营养档案：生熟状态为空、无法按档案核算营养,补营养档案映射
正式食谱,糙米鸡蛋牛肉,生蚝,水产类,FOOD,(无档案),,去壳、生重、打碎、充分搅拌,1,高,E1 无营养档案,该原料没有营养档案：生熟状态为空、无法按档案核算营养,补营养档案映射
正式食谱,糙米鸡蛋牛肉,生蚝,水产类,FOOD,(无档案),,去壳、生重、打碎、充分搅拌,1,高,E1 无营养档案,该原料没有营养档案：生熟状态为空、无法按档案核算营养,补营养档案映射
正式食谱,糙米鸡蛋牛肉,青花鱼,水产类,FOOD,(无档案),,去骨、生重、打碎、充分搅拌,1,高,E1 无营养档案,该原料没有营养档案：生熟状态为空、无法按档案核算营养,补营养档案映射
正式食谱,糙米鸡蛋牛肉,青花鱼,水产类,FOOD,(无档案),,去骨、生重、打碎、充分搅拌,1,高,E1 无营养档案,该原料没有营养档案：生熟状态为空、无法按档案核算营养,补营养档案映射
正式食谱,糙米鸡蛋牛肉,糙米,谷类及制品,FOOD,(无档案),,生重、打粉、充分搅拌,2,高,E1 无营养档案 + A4 同原料口径不一致,该原料没有营养档案：生熟状态为空、无法按档案核算营养；该原料在不同食谱里既写过生重又写过熟重,补营养档案映射；统一口径
正式食谱,糙米鸡蛋牛肉,糙米,谷类及制品,FOOD,(无档案),,生重、打粉、充分搅拌,2,高,E1 无营养档案 + A4 同原料口径不一致,该原料没有营养档案：生熟状态为空、无法按档案核算营养；该原料在不同食谱里既写过生重又写过熟重,补营养档案映射；统一口径
正式食谱,糙米鸡蛋牛肉,红薯,薯类及制品,FOOD,(无档案),,去皮、生重、打碎、充分搅拌,2,高,E1 无营养档案 + A4 同原料口径不一致,该原料没有营养档案：生熟状态为空、无法按档案核算营养；该原料在不同食谱里既写过生重又写过熟重,补营养档案映射；统一口径
正式食谱,糙米鸡蛋牛肉,红薯,薯类及制品,FOOD,(无档案),,去皮、生重、打碎、充分搅拌,2,高,E1 无营养档案 + A4 同原料口径不一致,该原料没有营养档案：生熟状态为空、无法按档案核算营养；该原料在不同食谱里既写过生重又写过熟重,补营养档案映射；统一口径
正式食谱,糙米鸡蛋牛肉,胡萝卜,蔬菜类及制品,FOOD,(无档案),,留皮、生重、打碎、充分搅拌,2,高,E1 无营养档案 + A4 同原料口径不一致,该原料没有营养档案：生熟状态为空、无法按档案核算营养；该原料在不同食谱里既写过生重又写过熟重,补营养档案映射；统一口径
正式食谱,糙米鸡蛋牛肉,胡萝卜,蔬菜类及制品,FOOD,(无档案),,留皮、生重、打碎、充分搅拌,2,高,E1 无营养档案 + A4 同原料口径不一致,该原料没有营养档案：生熟状态为空、无法按档案核算营养；该原料在不同食谱里既写过生重又写过熟重,补营养档案映射；统一口径
正式食谱,糙米鸡蛋牛肉,羽衣甘蓝,蔬菜类及制品,FOOD,(无档案),,生重、打碎、充分搅拌,1,高,E1 无营养档案,该原料没有营养档案：生熟状态为空、无法按档案核算营养,补营养档案映射
正式食谱,糙米鸡蛋牛肉,羽衣甘蓝,蔬菜类及制品,FOOD,(无档案),,生重、打碎、充分搅拌,1,高,E1 无营养档案,该原料没有营养档案：生熟状态为空、无法按档案核算营养,补营养档案映射
正式食谱,糙米鸡蛋牛肉,生南瓜籽仁,坚果种子类,FOOD,(无档案),,生重、打碎、充分搅拌,1,高,E1 无营养档案,该原料没有营养档案：生熟状态为空、无法按档案核算营养,补营养档案映射
正式食谱,糙米鸡蛋牛肉,生南瓜籽仁,坚果种子类,FOOD,(无档案),,生重、打碎、充分搅拌,1,高,E1 无营养档案,该原料没有营养档案：生熟状态为空、无法按档案核算营养,补营养档案映射
正式食谱,糙米鸡蛋牛肉,小麦胚芽油,油脂类,FOOD,(无档案),,充分搅拌,1,高,E1 无营养档案,该原料没有营养档案：生熟状态为空、无法按档案核算营养,补营养档案映射
正式食谱,糙米鸡蛋牛肉,小麦胚芽油,油脂类,FOOD,(无档案),,充分搅拌,1,高,E1 无营养档案,该原料没有营养档案：生熟状态为空、无法按档案核算营养,补营养档案映射
正式食谱,糙米鸡蛋牛肉,食用盐,调味品类,FOOD,(无档案),,充分搅拌,1,高,E1 无营养档案,该原料没有营养档案：生熟状态为空、无法按档案核算营养,补营养档案映射
正式食谱,糙米鸡蛋牛肉,食用盐,调味品类,FOOD,(无档案),,充分搅拌,1,高,E1 无营养档案,该原料没有营养档案：生熟状态为空、无法按档案核算营养,补营养档案映射
正式食谱,糙米鸡蛋牛肉,骨粉,乳类及制品,SUPPLEMENT,(无档案),,充分搅拌,1,高,E1 无营养档案,该原料没有营养档案：生熟状态为空、无法按档案核算营养,补营养档案映射
正式食谱,糙米鸡蛋牛肉,骨粉,乳类及制品,SUPPLEMENT,(无档案),,充分搅拌,1,高,E1 无营养档案,该原料没有营养档案：生熟状态为空、无法按档案核算营养,补营养档案映射
正式食谱,糙米鸡蛋牛肉,海藻粉,乳类及制品,SUPPLEMENT,(无档案),,充分搅拌,1,高,E1 无营养档案,该原料没有营养档案：生熟状态为空、无法按档案核算营养,补营养档案映射
正式食谱,糙米鸡蛋牛肉,海藻粉,乳类及制品,SUPPLEMENT,(无档案),,充分搅拌,1,高,E1 无营养档案,该原料没有营养档案：生熟状态为空、无法按档案核算营养,补营养档案映射
正式食谱,红薯三文鱼鸡胸,鸡胸,禽肉类及制品,FOOD,(无档案),,去皮、去骨、生重、打碎、充分搅拌,1,高,E1 无营养档案,该原料没有营养档案：生熟状态为空、无法按档案核算营养,补营养档案映射
正式食谱,红薯三文鱼鸡胸,鸡胸,禽肉类及制品,FOOD,(无档案),,去皮、去骨、生重、打碎、充分搅拌,1,高,E1 无营养档案,该原料没有营养档案：生熟状态为空、无法按档案核算营养,补营养档案映射
正式食谱,红薯三文鱼鸡胸,牛肝,畜肉类及制品,FOOD,(无档案),,去油、生重、打碎、充分搅拌,1,高,E1 无营养档案,该原料没有营养档案：生熟状态为空、无法按档案核算营养,补营养档案映射
正式食谱,红薯三文鱼鸡胸,牛肝,畜肉类及制品,FOOD,(无档案),,去油、生重、打碎、充分搅拌,1,高,E1 无营养档案,该原料没有营养档案：生熟状态为空、无法按档案核算营养,补营养档案映射
正式食谱,红薯三文鱼鸡胸,鸡蛋,蛋类及制品,FOOD,(无档案),,去壳、全蛋、生重、充分搅拌,1,高,E1 无营养档案,该原料没有营养档案：生熟状态为空、无法按档案核算营养,补营养档案映射
正式食谱,红薯三文鱼鸡胸,鸡蛋,蛋类及制品,FOOD,(无档案),,去壳、全蛋、生重、充分搅拌,1,高,E1 无营养档案,该原料没有营养档案：生熟状态为空、无法按档案核算营养,补营养档案映射
正式食谱,红薯三文鱼鸡胸,三文鱼,水产类,FOOD,(无档案),,去皮、去骨、生重、打碎、充分搅拌,1,高,E1 无营养档案,该原料没有营养档案：生熟状态为空、无法按档案核算营养,补营养档案映射
正式食谱,红薯三文鱼鸡胸,三文鱼,水产类,FOOD,(无档案),,去皮、去骨、生重、打碎、充分搅拌,1,高,E1 无营养档案,该原料没有营养档案：生熟状态为空、无法按档案核算营养,补营养档案映射
正式食谱,红薯三文鱼鸡胸,燕麦,谷类及制品,FOOD,(无档案),,生重、打碎、充分搅拌,1,高,E1 无营养档案,该原料没有营养档案：生熟状态为空、无法按档案核算营养,补营养档案映射
正式食谱,红薯三文鱼鸡胸,燕麦,谷类及制品,FOOD,(无档案),,生重、打碎、充分搅拌,1,高,E1 无营养档案,该原料没有营养档案：生熟状态为空、无法按档案核算营养,补营养档案映射
正式食谱,红薯三文鱼鸡胸,南瓜,蔬菜类及制品,FOOD,(无档案),,去皮、去瓤、煮熟后称重、充分搅拌,2,高,E1 无营养档案 + A4 同原料口径不一致,该原料没有营养档案：生熟状态为空、无法按档案核算营养；该原料在不同食谱里既写过生重又写过熟重,补营养档案映射；统一口径
正式食谱,红薯三文鱼鸡胸,南瓜,蔬菜类及制品,FOOD,(无档案),,去皮、去瓤、煮熟后称重、充分搅拌,2,高,E1 无营养档案 + A4 同原料口径不一致,该原料没有营养档案：生熟状态为空、无法按档案核算营养；该原料在不同食谱里既写过生重又写过熟重,补营养档案映射；统一口径
正式食谱,红薯三文鱼鸡胸,红薯,薯类及制品,FOOD,(无档案),,去皮、煮熟后称重、打碎、充分搅拌,2,高,E1 无营养档案 + A4 同原料口径不一致,该原料没有营养档案：生熟状态为空、无法按档案核算营养；该原料在不同食谱里既写过生重又写过熟重,补营养档案映射；统一口径
正式食谱,红薯三文鱼鸡胸,红薯,薯类及制品,FOOD,(无档案),,去皮、煮熟后称重、打碎、充分搅拌,2,高,E1 无营养档案 + A4 同原料口径不一致,该原料没有营养档案：生熟状态为空、无法按档案核算营养；该原料在不同食谱里既写过生重又写过熟重,补营养档案映射；统一口径
正式食谱,红薯三文鱼鸡胸,胡萝卜,蔬菜类及制品,FOOD,(无档案),,煮熟后称重、打碎、充分搅拌,2,高,E1 无营养档案 + A4 同原料口径不一致,该原料没有营养档案：生熟状态为空、无法按档案核算营养；该原料在不同食谱里既写过生重又写过熟重,补营养档案映射；统一口径
正式食谱,红薯三文鱼鸡胸,胡萝卜,蔬菜类及制品,FOOD,(无档案),,煮熟后称重、打碎、充分搅拌,2,高,E1 无营养档案 + A4 同原料口径不一致,该原料没有营养档案：生熟状态为空、无法按档案核算营养；该原料在不同食谱里既写过生重又写过熟重,补营养档案映射；统一口径
正式食谱,红薯三文鱼鸡胸,菠菜,蔬菜类及制品,FOOD,(无档案),,焯水、沥干后称重、打碎、充分搅拌,1,高,E1 无营养档案,该原料没有营养档案：生熟状态为空、无法按档案核算营养,补营养档案映射
正式食谱,红薯三文鱼鸡胸,菠菜,蔬菜类及制品,FOOD,(无档案),,焯水、沥干后称重、打碎、充分搅拌,1,高,E1 无营养档案,该原料没有营养档案：生熟状态为空、无法按档案核算营养,补营养档案映射
正式食谱,红薯三文鱼鸡胸,小麦胚芽油,油脂类,FOOD,(无档案),,生重、充分搅拌,1,高,E1 无营养档案,该原料没有营养档案：生熟状态为空、无法按档案核算营养,补营养档案映射
正式食谱,红薯三文鱼鸡胸,小麦胚芽油,油脂类,FOOD,(无档案),,生重、充分搅拌,1,高,E1 无营养档案,该原料没有营养档案：生熟状态为空、无法按档案核算营养,补营养档案映射
正式食谱,红薯三文鱼鸡胸,食用盐,调味品类,FOOD,(无档案),,充分搅拌,1,高,E1 无营养档案,该原料没有营养档案：生熟状态为空、无法按档案核算营养,补营养档案映射
正式食谱,红薯三文鱼鸡胸,食用盐,调味品类,FOOD,(无档案),,充分搅拌,1,高,E1 无营养档案,该原料没有营养档案：生熟状态为空、无法按档案核算营养,补营养档案映射
正式食谱,红薯三文鱼鸡胸,菊粉,乳类及制品,SUPPLEMENT,(无档案),,充分搅拌,1,高,E1 无营养档案,该原料没有营养档案：生熟状态为空、无法按档案核算营养,补营养档案映射
正式食谱,红薯三文鱼鸡胸,菊粉,乳类及制品,SUPPLEMENT,(无档案),,充分搅拌,1,高,E1 无营养档案,该原料没有营养档案：生熟状态为空、无法按档案核算营养,补营养档案映射
正式食谱,红薯三文鱼鸡胸,纤维素粉,乳类及制品,SUPPLEMENT,(无档案),,充分搅拌,1,高,E1 无营养档案,该原料没有营养档案：生熟状态为空、无法按档案核算营养,补营养档案映射
正式食谱,红薯三文鱼鸡胸,纤维素粉,乳类及制品,SUPPLEMENT,(无档案),,充分搅拌,1,高,E1 无营养档案,该原料没有营养档案：生熟状态为空、无法按档案核算营养,补营养档案映射
正式食谱,红薯三文鱼鸡胸,洋车前子壳粉,乳类及制品,SUPPLEMENT,(无档案),,充分搅拌,1,高,E1 无营养档案,该原料没有营养档案：生熟状态为空、无法按档案核算营养,补营养档案映射
正式食谱,红薯三文鱼鸡胸,洋车前子壳粉,乳类及制品,SUPPLEMENT,(无档案),,充分搅拌,1,高,E1 无营养档案,该原料没有营养档案：生熟状态为空、无法按档案核算营养,补营养档案映射
正式食谱,红薯三文鱼鸡胸,维生素E胶囊 ,乳类及制品,SUPPLEMENT,(无档案),,充分搅拌,1,高,E1 无营养档案,该原料没有营养档案：生熟状态为空、无法按档案核算营养,补营养档案映射
正式食谱,红薯三文鱼鸡胸,维生素E胶囊 ,乳类及制品,SUPPLEMENT,(无档案),,充分搅拌,1,高,E1 无营养档案,该原料没有营养档案：生熟状态为空、无法按档案核算营养,补营养档案映射
正式食谱,红薯三文鱼鸡胸,葡萄糖酸锌片,乳类及制品,SUPPLEMENT,(无档案),,打粉、充分搅拌,1,高,E1 无营养档案,该原料没有营养档案：生熟状态为空、无法按档案核算营养,补营养档案映射
正式食谱,红薯三文鱼鸡胸,葡萄糖酸锌片,乳类及制品,SUPPLEMENT,(无档案),,打粉、充分搅拌,1,高,E1 无营养档案,该原料没有营养档案：生熟状态为空、无法按档案核算营养,补营养档案映射
正式食谱,红薯三文鱼鸡胸,海藻粉,乳类及制品,SUPPLEMENT,(无档案),,充分搅拌,1,高,E1 无营养档案,该原料没有营养档案：生熟状态为空、无法按档案核算营养,补营养档案映射
正式食谱,红薯三文鱼鸡胸,海藻粉,乳类及制品,SUPPLEMENT,(无档案),,充分搅拌,1,高,E1 无营养档案,该原料没有营养档案：生熟状态为空、无法按档案核算营养,补营养档案映射
正式食谱,红薯三文鱼鸡胸,碳酸钙粉,乳类及制品,SUPPLEMENT,(无档案),,充分搅拌,1,高,E1 无营养档案,该原料没有营养档案：生熟状态为空、无法按档案核算营养,补营养档案映射
正式食谱,红薯三文鱼鸡胸,碳酸钙粉,乳类及制品,SUPPLEMENT,(无档案),,充分搅拌,1,高,E1 无营养档案,该原料没有营养档案：生熟状态为空、无法按档案核算营养,补营养档案映射
正式食谱,红薯鳕鱼鸭胸,青口贝,水产类,FOOD,COOKED,熟,去壳、生重、打碎、充分搅拌,1,高,A1 熟档案却写生重,营养数据是熟食口径，却让按生重称量,文案改「熟重」或「煮熟后称重」
正式食谱,红薯鳕鱼鸭胸,红薯,薯类及制品,FOOD,COOKED,熟,去皮、生重、打碎、充分搅拌,2,高,A1 熟档案却写生重 + A4 同原料口径不一致,营养数据是熟食口径，却让按生重称量；该原料在不同食谱里既写过生重又写过熟重,文案改「熟重」或「煮熟后称重」；统一口径
正式食谱,红薯鳕鱼鸭胸,白蘑菇,菌藻类,FOOD,COOKED,熟,生重、打碎、充分搅拌,1,高,A1 熟档案却写生重,营养数据是熟食口径，却让按生重称量,文案改「熟重」或「煮熟后称重」
正式食谱,紫薯黑米猪里脊,黑米,谷类及制品,FOOD,cooked,熟/米饭,煮熟后打碎,3,高,D1 状态枚举不规范 + B5 非标准词 + A3 熟档案未写口径,营养档案状态写成「cooked」，小写/非标准值会让所有语义校验静默失效；自由文本：煮熟后打碎；没写按生重还是熟重称量,把状态枚举归一为 RAW/COOKED 等标准值；归入受控词表或补进字典；补「熟重」
正式食谱,紫薯黑米猪里脊,紫薯,蔬菜类及制品,FOOD,COOKED,熟,(空),2,高,B3 文案为空 + A3 熟档案未写口径,没有任何制备/称重说明；没写按生重还是熟重称量,按原料+档案状态补全标准文案；补「熟重」
正式食谱,羊肚菌芦笋糙米牛肉,牛霖,畜肉类及制品,FOOD,(无档案),,去油、生重、打碎、充分搅拌,1,高,E1 无营养档案,该原料没有营养档案：生熟状态为空、无法按档案核算营养,补营养档案映射
正式食谱,羊肚菌芦笋糙米牛肉,牛心,畜肉类及制品,FOOD,(无档案),,去油、生重、打碎、充分搅拌,1,高,E1 无营养档案,该原料没有营养档案：生熟状态为空、无法按档案核算营养,补营养档案映射
正式食谱,羊肚菌芦笋糙米牛肉,鸡蛋,蛋类及制品,FOOD,(无档案),,去壳、全蛋、生重、充分搅拌,1,高,E1 无营养档案,该原料没有营养档案：生熟状态为空、无法按档案核算营养,补营养档案映射
正式食谱,羊肚菌芦笋糙米牛肉,三文鱼,水产类,FOOD,(无档案),,去皮、去骨、生重、打碎、充分搅拌,1,高,E1 无营养档案,该原料没有营养档案：生熟状态为空、无法按档案核算营养,补营养档案映射
正式食谱,羊肚菌芦笋糙米牛肉,牛肝,畜肉类及制品,FOOD,(无档案),,去油、生重、打碎、充分搅拌,1,高,E1 无营养档案,该原料没有营养档案：生熟状态为空、无法按档案核算营养,补营养档案映射
正式食谱,羊肚菌芦笋糙米牛肉,糙米,谷类及制品,FOOD,(无档案),,煮熟后称重、充分搅拌,2,高,E1 无营养档案 + A4 同原料口径不一致,该原料没有营养档案：生熟状态为空、无法按档案核算营养；该原料在不同食谱里既写过生重又写过熟重,补营养档案映射；统一口径
正式食谱,羊肚菌芦笋糙米牛肉,红薯,薯类及制品,FOOD,(无档案),,去皮、煮熟后称重、打碎、充分搅拌,2,高,E1 无营养档案 + A4 同原料口径不一致,该原料没有营养档案：生熟状态为空、无法按档案核算营养；该原料在不同食谱里既写过生重又写过熟重,补营养档案映射；统一口径
正式食谱,羊肚菌芦笋糙米牛肉,芦笋,蔬菜类及制品,FOOD,(无档案),,去皮、煮熟后称重、打碎、充分搅拌,1,高,E1 无营养档案,该原料没有营养档案：生熟状态为空、无法按档案核算营养,补营养档案映射
正式食谱,羊肚菌芦笋糙米牛肉,羊肚菌（鲜）,菌藻类,FOOD,(无档案),,生重、打碎、充分搅拌,1,高,E1 无营养档案,该原料没有营养档案：生熟状态为空、无法按档案核算营养,补营养档案映射
正式食谱,羊肚菌芦笋糙米牛肉,胡萝卜,蔬菜类及制品,FOOD,(无档案),,煮熟后称重、打碎、充分搅拌,2,高,E1 无营养档案 + A4 同原料口径不一致,该原料没有营养档案：生熟状态为空、无法按档案核算营养；该原料在不同食谱里既写过生重又写过熟重,补营养档案映射；统一口径
正式食谱,羊肚菌芦笋糙米牛肉,生葵花籽仁,坚果种子类,FOOD,(无档案),,生重、打碎、充分搅拌,1,高,E1 无营养档案,该原料没有营养档案：生熟状态为空、无法按档案核算营养,补营养档案映射
正式食谱,羊肚菌芦笋糙米牛肉,巴西坚果,坚果种子类,FOOD,(无档案),,生重、打碎、充分搅拌,1,高,E1 无营养档案,该原料没有营养档案：生熟状态为空、无法按档案核算营养,补营养档案映射
正式食谱,羊肚菌芦笋糙米牛肉,小麦胚芽油,油脂类,FOOD,(无档案),,生重、充分搅拌,1,高,E1 无营养档案,该原料没有营养档案：生熟状态为空、无法按档案核算营养,补营养档案映射
正式食谱,羊肚菌芦笋糙米牛肉,食用盐,调味品类,FOOD,(无档案),,充分搅拌,1,高,E1 无营养档案,该原料没有营养档案：生熟状态为空、无法按档案核算营养,补营养档案映射
正式食谱,羊肚菌芦笋糙米牛肉,鸡蛋壳粉,乳类及制品,SUPPLEMENT,(无档案),,充分搅拌,1,高,E1 无营养档案,该原料没有营养档案：生熟状态为空、无法按档案核算营养,补营养档案映射
正式食谱,羊肚菌芦笋糙米牛肉,海藻粉,乳类及制品,SUPPLEMENT,(无档案),,充分搅拌,1,高,E1 无营养档案,该原料没有营养档案：生熟状态为空、无法按档案核算营养,补营养档案映射
正式食谱,羊肚菌芦笋糙米牛肉,葡萄糖酸锌片,乳类及制品,SUPPLEMENT,(无档案),,打粉、充分搅拌,1,高,E1 无营养档案,该原料没有营养档案：生熟状态为空、无法按档案核算营养,补营养档案映射
正式食谱,羊肚菌芦笋糙米牛肉,胆碱片,乳类及制品,SUPPLEMENT,(无档案),,打粉、充分搅拌,1,高,E1 无营养档案,该原料没有营养档案：生熟状态为空、无法按档案核算营养,补营养档案映射
正式食谱,芋头燕麦火鸡胸,火鸡胸,禽肉类及制品,FOOD,(无档案),,去油、去皮、生重、打碎、充分搅拌,1,高,E1 无营养档案,该原料没有营养档案：生熟状态为空、无法按档案核算营养,补营养档案映射
正式食谱,芋头燕麦火鸡胸,火鸡胸,禽肉类及制品,FOOD,(无档案),,去油、去皮、生重、打碎、充分搅拌,1,高,E1 无营养档案,该原料没有营养档案：生熟状态为空、无法按档案核算营养,补营养档案映射
正式食谱,芋头燕麦火鸡胸,鸡心,禽肉类及制品,FOOD,(无档案),,去油、生重、打碎、充分搅拌,1,高,E1 无营养档案,该原料没有营养档案：生熟状态为空、无法按档案核算营养,补营养档案映射
正式食谱,芋头燕麦火鸡胸,鸡心,禽肉类及制品,FOOD,(无档案),,去油、生重、打碎、充分搅拌,1,高,E1 无营养档案,该原料没有营养档案：生熟状态为空、无法按档案核算营养,补营养档案映射
正式食谱,芋头燕麦火鸡胸,鸡肝,禽肉类及制品,FOOD,(无档案),,去油、生重、打碎、充分搅拌,1,高,E1 无营养档案,该原料没有营养档案：生熟状态为空、无法按档案核算营养,补营养档案映射
正式食谱,芋头燕麦火鸡胸,鸡肝,禽肉类及制品,FOOD,(无档案),,去油、生重、打碎、充分搅拌,1,高,E1 无营养档案,该原料没有营养档案：生熟状态为空、无法按档案核算营养,补营养档案映射
正式食谱,芋头燕麦火鸡胸,鸡蛋,蛋类及制品,FOOD,(无档案),,去壳、全蛋、生重、打碎、充分搅拌,1,高,E1 无营养档案,该原料没有营养档案：生熟状态为空、无法按档案核算营养,补营养档案映射
正式食谱,芋头燕麦火鸡胸,鸡蛋,蛋类及制品,FOOD,(无档案),,去壳、全蛋、生重、打碎、充分搅拌,1,高,E1 无营养档案,该原料没有营养档案：生熟状态为空、无法按档案核算营养,补营养档案映射
正式食谱,芋头燕麦火鸡胸,三文鱼,水产类,FOOD,(无档案),,去皮、去骨、生重、打碎、充分搅拌,1,高,E1 无营养档案,该原料没有营养档案：生熟状态为空、无法按档案核算营养,补营养档案映射
正式食谱,芋头燕麦火鸡胸,三文鱼,水产类,FOOD,(无档案),,去皮、去骨、生重、打碎、充分搅拌,1,高,E1 无营养档案,该原料没有营养档案：生熟状态为空、无法按档案核算营养,补营养档案映射
正式食谱,芋头燕麦火鸡胸,生蚝,水产类,FOOD,(无档案),,去壳、生重、打碎、充分搅拌,1,高,E1 无营养档案,该原料没有营养档案：生熟状态为空、无法按档案核算营养,补营养档案映射
正式食谱,芋头燕麦火鸡胸,生蚝,水产类,FOOD,(无档案),,去壳、生重、打碎、充分搅拌,1,高,E1 无营养档案,该原料没有营养档案：生熟状态为空、无法按档案核算营养,补营养档案映射
正式食谱,芋头燕麦火鸡胸,燕麦,谷类及制品,FOOD,(无档案),,生重、打碎、充分搅拌,1,高,E1 无营养档案,该原料没有营养档案：生熟状态为空、无法按档案核算营养,补营养档案映射
正式食谱,芋头燕麦火鸡胸,燕麦,谷类及制品,FOOD,(无档案),,生重、打碎、充分搅拌,1,高,E1 无营养档案,该原料没有营养档案：生熟状态为空、无法按档案核算营养,补营养档案映射
正式食谱,芋头燕麦火鸡胸,芋头,薯类及制品,FOOD,(无档案),,去皮、生重、打碎、充分搅拌,1,高,E1 无营养档案,该原料没有营养档案：生熟状态为空、无法按档案核算营养,补营养档案映射
正式食谱,芋头燕麦火鸡胸,芋头,薯类及制品,FOOD,(无档案),,去皮、生重、打碎、充分搅拌,1,高,E1 无营养档案,该原料没有营养档案：生熟状态为空、无法按档案核算营养,补营养档案映射
正式食谱,芋头燕麦火鸡胸,花椰菜,蔬菜类及制品,FOOD,(无档案),,生重、打碎、充分搅拌,1,高,E1 无营养档案,该原料没有营养档案：生熟状态为空、无法按档案核算营养,补营养档案映射
正式食谱,芋头燕麦火鸡胸,花椰菜,蔬菜类及制品,FOOD,(无档案),,生重、打碎、充分搅拌,1,高,E1 无营养档案,该原料没有营养档案：生熟状态为空、无法按档案核算营养,补营养档案映射
正式食谱,芋头燕麦火鸡胸,胡萝卜,蔬菜类及制品,FOOD,(无档案),,生重、打碎、充分搅拌,2,高,E1 无营养档案 + A4 同原料口径不一致,该原料没有营养档案：生熟状态为空、无法按档案核算营养；该原料在不同食谱里既写过生重又写过熟重,补营养档案映射；统一口径
正式食谱,芋头燕麦火鸡胸,胡萝卜,蔬菜类及制品,FOOD,(无档案),,生重、打碎、充分搅拌,2,高,E1 无营养档案 + A4 同原料口径不一致,该原料没有营养档案：生熟状态为空、无法按档案核算营养；该原料在不同食谱里既写过生重又写过熟重,补营养档案映射；统一口径
正式食谱,芋头燕麦火鸡胸,鲜香菇,菌藻类,FOOD,(无档案),,生重、打碎、充分搅拌,1,高,E1 无营养档案,该原料没有营养档案：生熟状态为空、无法按档案核算营养,补营养档案映射
正式食谱,芋头燕麦火鸡胸,鲜香菇,菌藻类,FOOD,(无档案),,生重、打碎、充分搅拌,1,高,E1 无营养档案,该原料没有营养档案：生熟状态为空、无法按档案核算营养,补营养档案映射
正式食谱,芋头燕麦火鸡胸,芹菜,蔬菜类及制品,FOOD,(无档案),,生重、打碎、充分搅拌,1,高,E1 无营养档案,该原料没有营养档案：生熟状态为空、无法按档案核算营养,补营养档案映射
正式食谱,芋头燕麦火鸡胸,芹菜,蔬菜类及制品,FOOD,(无档案),,生重、打碎、充分搅拌,1,高,E1 无营养档案,该原料没有营养档案：生熟状态为空、无法按档案核算营养,补营养档案映射
正式食谱,芋头燕麦火鸡胸,小麦胚芽油,油脂类,FOOD,(无档案),,充分搅拌,1,高,E1 无营养档案,该原料没有营养档案：生熟状态为空、无法按档案核算营养,补营养档案映射
正式食谱,芋头燕麦火鸡胸,小麦胚芽油,油脂类,FOOD,(无档案),,充分搅拌,1,高,E1 无营养档案,该原料没有营养档案：生熟状态为空、无法按档案核算营养,补营养档案映射
正式食谱,芋头燕麦火鸡胸,鸡蛋壳粉,乳类及制品,SUPPLEMENT,(无档案),,充分搅拌,1,高,E1 无营养档案,该原料没有营养档案：生熟状态为空、无法按档案核算营养,补营养档案映射
正式食谱,芋头燕麦火鸡胸,鸡蛋壳粉,乳类及制品,SUPPLEMENT,(无档案),,充分搅拌,1,高,E1 无营养档案,该原料没有营养档案：生熟状态为空、无法按档案核算营养,补营养档案映射
正式食谱,芋头燕麦火鸡胸,海藻粉,乳类及制品,SUPPLEMENT,(无档案),,充分搅拌,1,高,E1 无营养档案,该原料没有营养档案：生熟状态为空、无法按档案核算营养,补营养档案映射
正式食谱,芋头燕麦火鸡胸,海藻粉,乳类及制品,SUPPLEMENT,(无档案),,充分搅拌,1,高,E1 无营养档案,该原料没有营养档案：生熟状态为空、无法按档案核算营养,补营养档案映射
正式食谱,花卷 的鲜食食谱 06/27,三文鱼,水产类,FOOD,COOKED,熟,去皮、去骨、生重、打碎、充分搅拌,1,高,A1 熟档案却写生重,营养数据是熟食口径，却让按生重称量,文案改「熟重」或「煮熟后称重」
正式食谱,花卷 的鲜食食谱 06/27,鸡胸,禽肉类及制品,FOOD,COOKED,熟,去皮、去骨、生重、打碎、充分搅拌,1,高,A1 熟档案却写生重,营养数据是熟食口径，却让按生重称量,文案改「熟重」或「煮熟后称重」
正式食谱,花卷 的鲜食食谱 06/27,鸡肝,禽肉类及制品,FOOD,COOKED,熟,生重、打碎、充分搅拌,1,高,A1 熟档案却写生重,营养数据是熟食口径，却让按生重称量,文案改「熟重」或「煮熟后称重」
正式食谱,花卷 的鲜食食谱 06/27,西芹,蔬菜类及制品,FOOD,COOKED,熟,(空),2,高,B3 文案为空 + A3 熟档案未写口径,没有任何制备/称重说明；没写按生重还是熟重称量,按原料+档案状态补全标准文案；补「熟重」
正式食谱,花卷 的鲜食食谱 06/27,鸡心,禽肉类及制品,FOOD,COOKED,熟,去油、生重、打碎、充分搅拌,1,高,A1 熟档案却写生重,营养数据是熟食口径，却让按生重称量,文案改「熟重」或「煮熟后称重」
正式食谱,花椰菜糙米鸭肉,花椰菜,蔬菜类及制品,FOOD,COOKED,熟,生重、打碎、充分搅拌,1,高,A1 熟档案却写生重,营养数据是熟食口径，却让按生重称量,文案改「熟重」或「煮熟后称重」
正式食谱,花椰菜糙米鸭肉,紫甘蓝,蔬菜类及制品,FOOD,COOKED,熟,生重、打碎、充分搅拌,2,高,A1 熟档案却写生重 + A4 同原料口径不一致,营养数据是熟食口径，却让按生重称量；该原料在不同食谱里既写过生重又写过熟重,文案改「熟重」或「煮熟后称重」；统一口径
正式食谱,花生 的鲜食食谱 07/09,猪心,畜肉类及制品,FOOD,COOKED,熟,去油、生重、打碎、充分搅拌,1,高,A1 熟档案却写生重,营养数据是熟食口径，却让按生重称量,文案改「熟重」或「煮熟后称重」
正式食谱,莓莓 的鲜食食谱 08/23,土豆,薯类及制品,FOOD,RAW,生,去皮、煮熟后称重、打碎、充分搅拌,1,高,A2 生档案却写熟重,营养数据是生食口径，却让按熟重称量,先定规则：改文案或改档案
正式食谱,莓莓 的鲜食食谱 08/23,胡萝卜,蔬菜类及制品,FOOD,RAW,生,煮熟后称重、打碎、充分搅拌,2,高,A2 生档案却写熟重 + A4 同原料口径不一致,营养数据是生食口径，却让按熟重称量；该原料在不同食谱里既写过生重又写过熟重,先定规则：改文案或改档案；统一口径
正式食谱,萝卜绿豆鸭胸猪里脊,猪里脊,畜肉类及制品,FOOD,(无档案),,去油、去皮、生重、打碎、充分搅拌,1,高,E1 无营养档案,该原料没有营养档案：生熟状态为空、无法按档案核算营养,补营养档案映射
正式食谱,萝卜绿豆鸭胸猪里脊,鸭胸,禽肉类及制品,FOOD,(无档案),,去皮、去油、生重、打碎、充分搅拌,1,高,E1 无营养档案,该原料没有营养档案：生熟状态为空、无法按档案核算营养,补营养档案映射
正式食谱,萝卜绿豆鸭胸猪里脊,鸡蛋,蛋类及制品,FOOD,(无档案),,去壳、全蛋、生重、充分搅拌,1,高,E1 无营养档案,该原料没有营养档案：生熟状态为空、无法按档案核算营养,补营养档案映射
正式食谱,萝卜绿豆鸭胸猪里脊,三文鱼,水产类,FOOD,(无档案),,去皮、去骨、生重、打碎、充分搅拌,1,高,E1 无营养档案,该原料没有营养档案：生熟状态为空、无法按档案核算营养,补营养档案映射
正式食谱,萝卜绿豆鸭胸猪里脊,生蚝,水产类,FOOD,(无档案),,去壳、生重、打碎、充分搅拌,1,高,E1 无营养档案,该原料没有营养档案：生熟状态为空、无法按档案核算营养,补营养档案映射
正式食谱,萝卜绿豆鸭胸猪里脊,牛肝,畜肉类及制品,FOOD,(无档案),,去油、生重、打碎、充分搅拌,1,高,E1 无营养档案,该原料没有营养档案：生熟状态为空、无法按档案核算营养,补营养档案映射
正式食谱,萝卜绿豆鸭胸猪里脊,藜麦,谷类及制品,FOOD,(无档案),,生重、打粉、充分搅拌,2,高,E1 无营养档案 + A4 同原料口径不一致,该原料没有营养档案：生熟状态为空、无法按档案核算营养；该原料在不同食谱里既写过生重又写过熟重,补营养档案映射；统一口径
正式食谱,萝卜绿豆鸭胸猪里脊,白萝卜,蔬菜类及制品,FOOD,(无档案),,去皮、生重、打碎、充分搅拌,2,高,E1 无营养档案 + A4 同原料口径不一致,该原料没有营养档案：生熟状态为空、无法按档案核算营养；该原料在不同食谱里既写过生重又写过熟重,补营养档案映射；统一口径
正式食谱,萝卜绿豆鸭胸猪里脊,绿豆,谷类及制品,FOOD,(无档案),,生重、打粉、充分搅拌,1,高,E1 无营养档案,该原料没有营养档案：生熟状态为空、无法按档案核算营养,补营养档案映射
正式食谱,萝卜绿豆鸭胸猪里脊,梨（鲜）,水果类及制品,FOOD,(无档案),,留皮、去核、生重、打碎、充分搅拌,1,高,E1 无营养档案,该原料没有营养档案：生熟状态为空、无法按档案核算营养,补营养档案映射
正式食谱,萝卜绿豆鸭胸猪里脊,巴旦木,坚果种子类,FOOD,(无档案),,生重、打碎、充分搅拌,1,高,E1 无营养档案,该原料没有营养档案：生熟状态为空、无法按档案核算营养,补营养档案映射
正式食谱,萝卜绿豆鸭胸猪里脊,白芝麻,坚果种子类,FOOD,(无档案),,生重、充分搅拌,1,高,E1 无营养档案,该原料没有营养档案：生熟状态为空、无法按档案核算营养,补营养档案映射
正式食谱,萝卜绿豆鸭胸猪里脊,食用盐,调味品类,FOOD,(无档案),,充分搅拌,1,高,E1 无营养档案,该原料没有营养档案：生熟状态为空、无法按档案核算营养,补营养档案映射
正式食谱,萝卜绿豆鸭胸猪里脊,鸡蛋壳粉,乳类及制品,SUPPLEMENT,(无档案),,(空),2,高,E1 无营养档案 + B3b 补剂/油/粉空文案,该原料没有营养档案：生熟状态为空、无法按档案核算营养；补剂/油/粉无生熟概念，按剂量称取即可，空文案影响小,补营养档案映射；批量套用「直接称取」模板
正式食谱,萝卜绿豆鸭胸猪里脊,海藻粉,乳类及制品,SUPPLEMENT,(无档案),,(空),2,高,E1 无营养档案 + B3b 补剂/油/粉空文案,该原料没有营养档案：生熟状态为空、无法按档案核算营养；补剂/油/粉无生熟概念，按剂量称取即可，空文案影响小,补营养档案映射；批量套用「直接称取」模板
正式食谱,藜麦兔里脊猪肉,猪里脊,畜肉类及制品,FOOD,(无档案),,去油、生重、打碎、充分搅拌,1,高,E1 无营养档案,该原料没有营养档案：生熟状态为空、无法按档案核算营养,补营养档案映射
正式食谱,藜麦兔里脊猪肉,猪里脊,畜肉类及制品,FOOD,(无档案),,去油、生重、打碎、充分搅拌,1,高,E1 无营养档案,该原料没有营养档案：生熟状态为空、无法按档案核算营养,补营养档案映射
正式食谱,藜麦兔里脊猪肉,兔里脊,畜肉类及制品,FOOD,(无档案),,去油、生重、打碎、充分搅拌,1,高,E1 无营养档案,该原料没有营养档案：生熟状态为空、无法按档案核算营养,补营养档案映射
正式食谱,藜麦兔里脊猪肉,兔里脊,畜肉类及制品,FOOD,(无档案),,去油、生重、打碎、充分搅拌,1,高,E1 无营养档案,该原料没有营养档案：生熟状态为空、无法按档案核算营养,补营养档案映射
正式食谱,藜麦兔里脊猪肉,藜麦,谷类及制品,FOOD,(无档案),,生重、打碎、充分搅拌,2,高,E1 无营养档案 + A4 同原料口径不一致,该原料没有营养档案：生熟状态为空、无法按档案核算营养；该原料在不同食谱里既写过生重又写过熟重,补营养档案映射；统一口径
正式食谱,藜麦兔里脊猪肉,藜麦,谷类及制品,FOOD,(无档案),,生重、打碎、充分搅拌,2,高,E1 无营养档案 + A4 同原料口径不一致,该原料没有营养档案：生熟状态为空、无法按档案核算营养；该原料在不同食谱里既写过生重又写过熟重,补营养档案映射；统一口径
正式食谱,藜麦兔里脊猪肉,红薯,薯类及制品,FOOD,(无档案),,去皮、生重、打碎、充分搅拌,2,高,E1 无营养档案 + A4 同原料口径不一致,该原料没有营养档案：生熟状态为空、无法按档案核算营养；该原料在不同食谱里既写过生重又写过熟重,补营养档案映射；统一口径
正式食谱,藜麦兔里脊猪肉,红薯,薯类及制品,FOOD,(无档案),,去皮、生重、打碎、充分搅拌,2,高,E1 无营养档案 + A4 同原料口径不一致,该原料没有营养档案：生熟状态为空、无法按档案核算营养；该原料在不同食谱里既写过生重又写过熟重,补营养档案映射；统一口径
正式食谱,藜麦兔里脊猪肉,卷心菜,蔬菜类及制品,FOOD,(无档案),,生重、打碎、充分搅拌,1,高,E1 无营养档案,该原料没有营养档案：生熟状态为空、无法按档案核算营养,补营养档案映射
正式食谱,藜麦兔里脊猪肉,卷心菜,蔬菜类及制品,FOOD,(无档案),,生重、打碎、充分搅拌,1,高,E1 无营养档案,该原料没有营养档案：生熟状态为空、无法按档案核算营养,补营养档案映射
正式食谱,藜麦兔里脊猪肉,胡萝卜,蔬菜类及制品,FOOD,(无档案),,留皮、生重、打碎、充分搅拌,2,高,E1 无营养档案 + A4 同原料口径不一致,该原料没有营养档案：生熟状态为空、无法按档案核算营养；该原料在不同食谱里既写过生重又写过熟重,补营养档案映射；统一口径
正式食谱,藜麦兔里脊猪肉,胡萝卜,蔬菜类及制品,FOOD,(无档案),,留皮、生重、打碎、充分搅拌,2,高,E1 无营养档案 + A4 同原料口径不一致,该原料没有营养档案：生熟状态为空、无法按档案核算营养；该原料在不同食谱里既写过生重又写过熟重,补营养档案映射；统一口径
正式食谱,藜麦兔里脊猪肉,树莓,水果类及制品,FOOD,(无档案),,生重、打碎、充分搅拌,1,高,E1 无营养档案,该原料没有营养档案：生熟状态为空、无法按档案核算营养,补营养档案映射
正式食谱,藜麦兔里脊猪肉,树莓,水果类及制品,FOOD,(无档案),,生重、打碎、充分搅拌,1,高,E1 无营养档案,该原料没有营养档案：生熟状态为空、无法按档案核算营养,补营养档案映射
正式食谱,藜麦兔里脊猪肉,小麦胚芽油,油脂类,FOOD,(无档案),,充分搅拌,1,高,E1 无营养档案,该原料没有营养档案：生熟状态为空、无法按档案核算营养,补营养档案映射
正式食谱,藜麦兔里脊猪肉,小麦胚芽油,油脂类,FOOD,(无档案),,充分搅拌,1,高,E1 无营养档案,该原料没有营养档案：生熟状态为空、无法按档案核算营养,补营养档案映射
正式食谱,藜麦兔里脊猪肉,食用盐,调味品类,FOOD,(无档案),,充分搅拌,1,高,E1 无营养档案,该原料没有营养档案：生熟状态为空、无法按档案核算营养,补营养档案映射
正式食谱,藜麦兔里脊猪肉,食用盐,调味品类,FOOD,(无档案),,充分搅拌,1,高,E1 无营养档案,该原料没有营养档案：生熟状态为空、无法按档案核算营养,补营养档案映射
正式食谱,藜麦兔里脊猪肉,鸡蛋壳粉,乳类及制品,SUPPLEMENT,(无档案),,充分搅拌,1,高,E1 无营养档案,该原料没有营养档案：生熟状态为空、无法按档案核算营养,补营养档案映射
正式食谱,藜麦兔里脊猪肉,鸡蛋壳粉,乳类及制品,SUPPLEMENT,(无档案),,充分搅拌,1,高,E1 无营养档案,该原料没有营养档案：生熟状态为空、无法按档案核算营养,补营养档案映射
正式食谱,藜麦兔里脊猪肉,海藻粉,乳类及制品,SUPPLEMENT,(无档案),,充分搅拌,1,高,E1 无营养档案,该原料没有营养档案：生熟状态为空、无法按档案核算营养,补营养档案映射
正式食谱,藜麦兔里脊猪肉,海藻粉,乳类及制品,SUPPLEMENT,(无档案),,充分搅拌,1,高,E1 无营养档案,该原料没有营养档案：生熟状态为空、无法按档案核算营养,补营养档案映射
正式食谱,藜麦兔里脊猪肉,葡萄糖酸锌片,乳类及制品,SUPPLEMENT,(无档案),,打粉、充分搅拌,1,高,E1 无营养档案,该原料没有营养档案：生熟状态为空、无法按档案核算营养,补营养档案映射
正式食谱,藜麦兔里脊猪肉,葡萄糖酸锌片,乳类及制品,SUPPLEMENT,(无档案),,打粉、充分搅拌,1,高,E1 无营养档案,该原料没有营养档案：生熟状态为空、无法按档案核算营养,补营养档案映射
正式食谱,藜麦兔里脊猪肉,维生素D3胶囊,乳类及制品,SUPPLEMENT,(无档案),,充分搅拌,1,高,E1 无营养档案,该原料没有营养档案：生熟状态为空、无法按档案核算营养,补营养档案映射
正式食谱,藜麦兔里脊猪肉,维生素D3胶囊,乳类及制品,SUPPLEMENT,(无档案),,充分搅拌,1,高,E1 无营养档案,该原料没有营养档案：生熟状态为空、无法按档案核算营养,补营养档案映射
正式食谱,藜麦兔里脊猪肉,鱼油胶囊,乳类及制品,SUPPLEMENT,(无档案),,(空),2,高,E1 无营养档案 + B3b 补剂/油/粉空文案,该原料没有营养档案：生熟状态为空、无法按档案核算营养；补剂/油/粉无生熟概念，按剂量称取即可，空文案影响小,补营养档案映射；批量套用「直接称取」模板
正式食谱,藜麦兔里脊猪肉,鱼油胶囊,乳类及制品,SUPPLEMENT,(无档案),,(空),2,高,E1 无营养档案 + B3b 补剂/油/粉空文案,该原料没有营养档案：生熟状态为空、无法按档案核算营养；补剂/油/粉无生熟概念，按剂量称取即可，空文案影响小,补营养档案映射；批量套用「直接称取」模板
正式食谱,藜麦南瓜生蚝鸡腿牛肉,牛霖,畜肉类及制品,FOOD,(无档案),,去油、生重、打碎、充分搅拌,1,高,E1 无营养档案,该原料没有营养档案：生熟状态为空、无法按档案核算营养,补营养档案映射
正式食谱,藜麦南瓜生蚝鸡腿牛肉,牛霖,畜肉类及制品,FOOD,(无档案),,去油、生重、打碎、充分搅拌,1,高,E1 无营养档案,该原料没有营养档案：生熟状态为空、无法按档案核算营养,补营养档案映射
正式食谱,藜麦南瓜生蚝鸡腿牛肉,鸡腿肉,禽肉类及制品,FOOD,(无档案),,去皮、去油、去骨、打碎、充分搅拌,1,高,E1 无营养档案,该原料没有营养档案：生熟状态为空、无法按档案核算营养,补营养档案映射
正式食谱,藜麦南瓜生蚝鸡腿牛肉,鸡腿肉,禽肉类及制品,FOOD,(无档案),,去皮、去油、去骨、打碎、充分搅拌,1,高,E1 无营养档案,该原料没有营养档案：生熟状态为空、无法按档案核算营养,补营养档案映射
正式食谱,藜麦南瓜生蚝鸡腿牛肉,鸡蛋,蛋类及制品,FOOD,(无档案),,去壳、全蛋、生重、充分搅拌,1,高,E1 无营养档案,该原料没有营养档案：生熟状态为空、无法按档案核算营养,补营养档案映射
正式食谱,藜麦南瓜生蚝鸡腿牛肉,鸡蛋,蛋类及制品,FOOD,(无档案),,去壳、全蛋、生重、充分搅拌,1,高,E1 无营养档案,该原料没有营养档案：生熟状态为空、无法按档案核算营养,补营养档案映射
正式食谱,藜麦南瓜生蚝鸡腿牛肉,生蚝,水产类,FOOD,(无档案),,去壳、生重、打碎、充分搅拌,1,高,E1 无营养档案,该原料没有营养档案：生熟状态为空、无法按档案核算营养,补营养档案映射
正式食谱,藜麦南瓜生蚝鸡腿牛肉,生蚝,水产类,FOOD,(无档案),,去壳、生重、打碎、充分搅拌,1,高,E1 无营养档案,该原料没有营养档案：生熟状态为空、无法按档案核算营养,补营养档案映射
正式食谱,藜麦南瓜生蚝鸡腿牛肉,青花鱼,水产类,FOOD,(无档案),,去骨、生重、打碎、充分搅拌,1,高,E1 无营养档案,该原料没有营养档案：生熟状态为空、无法按档案核算营养,补营养档案映射
正式食谱,藜麦南瓜生蚝鸡腿牛肉,青花鱼,水产类,FOOD,(无档案),,去骨、生重、打碎、充分搅拌,1,高,E1 无营养档案,该原料没有营养档案：生熟状态为空、无法按档案核算营养,补营养档案映射
正式食谱,藜麦南瓜生蚝鸡腿牛肉,牛脾,畜肉类及制品,FOOD,(无档案),,去油、生重、打碎、充分搅拌,1,高,E1 无营养档案,该原料没有营养档案：生熟状态为空、无法按档案核算营养,补营养档案映射
正式食谱,藜麦南瓜生蚝鸡腿牛肉,牛脾,畜肉类及制品,FOOD,(无档案),,去油、生重、打碎、充分搅拌,1,高,E1 无营养档案,该原料没有营养档案：生熟状态为空、无法按档案核算营养,补营养档案映射
正式食谱,藜麦南瓜生蚝鸡腿牛肉,牛肝,畜肉类及制品,FOOD,(无档案),,去油、生重、打碎、充分搅拌,1,高,E1 无营养档案,该原料没有营养档案：生熟状态为空、无法按档案核算营养,补营养档案映射
正式食谱,藜麦南瓜生蚝鸡腿牛肉,牛肝,畜肉类及制品,FOOD,(无档案),,去油、生重、打碎、充分搅拌,1,高,E1 无营养档案,该原料没有营养档案：生熟状态为空、无法按档案核算营养,补营养档案映射
正式食谱,藜麦南瓜生蚝鸡腿牛肉,藜麦,谷类及制品,FOOD,(无档案),,生重、打粉、充分搅拌,2,高,E1 无营养档案 + A4 同原料口径不一致,该原料没有营养档案：生熟状态为空、无法按档案核算营养；该原料在不同食谱里既写过生重又写过熟重,补营养档案映射；统一口径
正式食谱,藜麦南瓜生蚝鸡腿牛肉,藜麦,谷类及制品,FOOD,(无档案),,生重、打粉、充分搅拌,2,高,E1 无营养档案 + A4 同原料口径不一致,该原料没有营养档案：生熟状态为空、无法按档案核算营养；该原料在不同食谱里既写过生重又写过熟重,补营养档案映射；统一口径
正式食谱,藜麦南瓜生蚝鸡腿牛肉,南瓜,蔬菜类及制品,FOOD,(无档案),,去皮、去瓤、生重、打碎、充分搅拌,2,高,E1 无营养档案 + A4 同原料口径不一致,该原料没有营养档案：生熟状态为空、无法按档案核算营养；该原料在不同食谱里既写过生重又写过熟重,补营养档案映射；统一口径
正式食谱,藜麦南瓜生蚝鸡腿牛肉,南瓜,蔬菜类及制品,FOOD,(无档案),,去皮、去瓤、生重、打碎、充分搅拌,2,高,E1 无营养档案 + A4 同原料口径不一致,该原料没有营养档案：生熟状态为空、无法按档案核算营养；该原料在不同食谱里既写过生重又写过熟重,补营养档案映射；统一口径
正式食谱,藜麦南瓜生蚝鸡腿牛肉,胡萝卜,蔬菜类及制品,FOOD,(无档案),,去皮、生重、打碎、充分搅拌,2,高,E1 无营养档案 + A4 同原料口径不一致,该原料没有营养档案：生熟状态为空、无法按档案核算营养；该原料在不同食谱里既写过生重又写过熟重,补营养档案映射；统一口径
正式食谱,藜麦南瓜生蚝鸡腿牛肉,胡萝卜,蔬菜类及制品,FOOD,(无档案),,去皮、生重、打碎、充分搅拌,2,高,E1 无营养档案 + A4 同原料口径不一致,该原料没有营养档案：生熟状态为空、无法按档案核算营养；该原料在不同食谱里既写过生重又写过熟重,补营养档案映射；统一口径
正式食谱,藜麦南瓜生蚝鸡腿牛肉,西兰花,蔬菜类及制品,FOOD,(无档案),,生重、打碎、充分搅拌,2,高,E1 无营养档案 + A4 同原料口径不一致,该原料没有营养档案：生熟状态为空、无法按档案核算营养；该原料在不同食谱里既写过生重又写过熟重,补营养档案映射；统一口径
正式食谱,藜麦南瓜生蚝鸡腿牛肉,西兰花,蔬菜类及制品,FOOD,(无档案),,生重、打碎、充分搅拌,2,高,E1 无营养档案 + A4 同原料口径不一致,该原料没有营养档案：生熟状态为空、无法按档案核算营养；该原料在不同食谱里既写过生重又写过熟重,补营养档案映射；统一口径
正式食谱,藜麦南瓜生蚝鸡腿牛肉,生葵花籽仁,坚果种子类,FOOD,(无档案),,生重、打碎、充分搅拌,1,高,E1 无营养档案,该原料没有营养档案：生熟状态为空、无法按档案核算营养,补营养档案映射
正式食谱,藜麦南瓜生蚝鸡腿牛肉,生葵花籽仁,坚果种子类,FOOD,(无档案),,生重、打碎、充分搅拌,1,高,E1 无营养档案,该原料没有营养档案：生熟状态为空、无法按档案核算营养,补营养档案映射
正式食谱,藜麦南瓜生蚝鸡腿牛肉,小麦胚芽油,油脂类,FOOD,(无档案),,生重、充分搅拌,1,高,E1 无营养档案,该原料没有营养档案：生熟状态为空、无法按档案核算营养,补营养档案映射
正式食谱,藜麦南瓜生蚝鸡腿牛肉,小麦胚芽油,油脂类,FOOD,(无档案),,生重、充分搅拌,1,高,E1 无营养档案,该原料没有营养档案：生熟状态为空、无法按档案核算营养,补营养档案映射
正式食谱,藜麦南瓜生蚝鸡腿牛肉,食用盐,调味品类,FOOD,(无档案),,充分搅拌,1,高,E1 无营养档案,该原料没有营养档案：生熟状态为空、无法按档案核算营养,补营养档案映射
正式食谱,藜麦南瓜生蚝鸡腿牛肉,食用盐,调味品类,FOOD,(无档案),,充分搅拌,1,高,E1 无营养档案,该原料没有营养档案：生熟状态为空、无法按档案核算营养,补营养档案映射
正式食谱,藜麦南瓜生蚝鸡腿牛肉,骨粉,乳类及制品,SUPPLEMENT,(无档案),,充分搅拌,1,高,E1 无营养档案,该原料没有营养档案：生熟状态为空、无法按档案核算营养,补营养档案映射
正式食谱,藜麦南瓜生蚝鸡腿牛肉,骨粉,乳类及制品,SUPPLEMENT,(无档案),,充分搅拌,1,高,E1 无营养档案,该原料没有营养档案：生熟状态为空、无法按档案核算营养,补营养档案映射
正式食谱,藜麦南瓜生蚝鸡腿牛肉,海藻粉,乳类及制品,SUPPLEMENT,(无档案),,充分搅拌,1,高,E1 无营养档案,该原料没有营养档案：生熟状态为空、无法按档案核算营养,补营养档案映射
正式食谱,藜麦南瓜生蚝鸡腿牛肉,海藻粉,乳类及制品,SUPPLEMENT,(无档案),,充分搅拌,1,高,E1 无营养档案,该原料没有营养档案：生熟状态为空、无法按档案核算营养,补营养档案映射
正式食谱,西葫芦大米比目鱼鸡肉,鸡胸,禽肉类及制品,FOOD,COOKED,熟,去皮、去骨、生重、打碎、充分搅拌,1,高,A1 熟档案却写生重,营养数据是熟食口径，却让按生重称量,文案改「熟重」或「煮熟后称重」
正式食谱,西葫芦大米比目鱼鸡肉,比目鱼,水产类,FOOD,RAW,生,(空),1,高,B3 文案为空,没有任何制备/称重说明,按原料+档案状态补全标准文案
正式食谱,西葫芦大米比目鱼鸡肉,红薯,薯类及制品,FOOD,COOKED,熟,去皮、生重、打碎、充分搅拌,2,高,A1 熟档案却写生重 + A4 同原料口径不一致,营养数据是熟食口径，却让按生重称量；该原料在不同食谱里既写过生重又写过熟重,文案改「熟重」或「煮熟后称重」；统一口径
正式食谱,西葫芦大米比目鱼鸡肉,胡萝卜,蔬菜类及制品,FOOD,COOKED,熟,去皮、生重、打碎、充分搅拌,2,高,A1 熟档案却写生重 + A4 同原料口径不一致,营养数据是熟食口径，却让按生重称量；该原料在不同食谱里既写过生重又写过熟重,文案改「熟重」或「煮熟后称重」；统一口径
正式食谱,财宝定制,鸡胸,禽肉类及制品,FOOD,(无档案),,去油、去皮、生重、打碎、充分搅拌,1,高,E1 无营养档案,该原料没有营养档案：生熟状态为空、无法按档案核算营养,补营养档案映射
正式食谱,财宝定制,鸡心,禽肉类及制品,FOOD,(无档案),,去油、生重、打碎、充分搅拌,1,高,E1 无营养档案,该原料没有营养档案：生熟状态为空、无法按档案核算营养,补营养档案映射
正式食谱,财宝定制,鸡肝,禽肉类及制品,FOOD,(无档案),,去油、生重、打碎、充分搅拌,1,高,E1 无营养档案,该原料没有营养档案：生熟状态为空、无法按档案核算营养,补营养档案映射
正式食谱,财宝定制,青花鱼,水产类,FOOD,(无档案),,去皮、去骨、生重、打碎、充分搅拌,1,高,E1 无营养档案,该原料没有营养档案：生熟状态为空、无法按档案核算营养,补营养档案映射
正式食谱,财宝定制,鸡蛋,蛋类及制品,FOOD,(无档案),,去壳、全蛋、生重、充分搅拌,1,高,E1 无营养档案,该原料没有营养档案：生熟状态为空、无法按档案核算营养,补营养档案映射
正式食谱,财宝定制,生蚝,水产类,FOOD,(无档案),,去壳、生重、焯水、打碎、充分搅拌,1,高,E1 无营养档案,该原料没有营养档案：生熟状态为空、无法按档案核算营养,补营养档案映射
正式食谱,财宝定制,小米,谷类及制品,FOOD,(无档案),,煮熟后称重、充分搅拌,2,高,E1 无营养档案 + A4 同原料口径不一致,该原料没有营养档案：生熟状态为空、无法按档案核算营养；该原料在不同食谱里既写过生重又写过熟重,补营养档案映射；统一口径
正式食谱,财宝定制,山药,薯类及制品,FOOD,(无档案),,去皮、煮熟后称重、打碎、充分搅拌,2,高,E1 无营养档案 + A4 同原料口径不一致,该原料没有营养档案：生熟状态为空、无法按档案核算营养；该原料在不同食谱里既写过生重又写过熟重,补营养档案映射；统一口径
正式食谱,财宝定制,燕麦,谷类及制品,FOOD,(无档案),,无添加即食燕麦、打碎、充分搅拌,3,高,E1 无营养档案 + B6 商品属性写进步骤 + B5 非标准词,该原料没有营养档案：生熟状态为空、无法按档案核算营养；这些片段不是厨房动作，而是商品属性：无添加即食燕麦；自由文本：无添加即食燕麦,补营养档案映射；移到原料规格/备注，不放在制备说明；归入受控词表或补进字典
正式食谱,财宝定制,西兰花,蔬菜类及制品,FOOD,(无档案),,打碎、静置30分钟、焯水沥干、称重、充分搅拌,3,高,E1 无营养档案 + B5 非标准词 + A4 同原料口径不一致,该原料没有营养档案：生熟状态为空、无法按档案核算营养；自由文本：焯水沥干 / 称重；该原料在不同食谱里既写过生重又写过熟重,补营养档案映射；归入受控词表或补进字典；统一口径
正式食谱,财宝定制,紫甘蓝,蔬菜类及制品,FOOD,(无档案),,生重、打碎、充分搅拌,2,高,E1 无营养档案 + A4 同原料口径不一致,该原料没有营养档案：生熟状态为空、无法按档案核算营养；该原料在不同食谱里既写过生重又写过熟重,补营养档案映射；统一口径
正式食谱,财宝定制,白蘑菇,菌藻类,FOOD,(无档案),,生重、打碎、充分搅拌,1,高,E1 无营养档案,该原料没有营养档案：生熟状态为空、无法按档案核算营养,补营养档案映射
正式食谱,财宝定制,小麦胚芽油,油脂类,FOOD,(无档案),,生重、充分搅拌,1,高,E1 无营养档案,该原料没有营养档案：生熟状态为空、无法按档案核算营养,补营养档案映射
正式食谱,财宝定制,食用盐,调味品类,FOOD,(无档案),,充分搅拌,1,高,E1 无营养档案,该原料没有营养档案：生熟状态为空、无法按档案核算营养,补营养档案映射
正式食谱,财宝定制,鸡蛋壳粉,乳类及制品,SUPPLEMENT,(无档案),,充分搅拌,1,高,E1 无营养档案,该原料没有营养档案：生熟状态为空、无法按档案核算营养,补营养档案映射
正式食谱,财宝定制,海藻粉,乳类及制品,SUPPLEMENT,(无档案),,充分搅拌,1,高,E1 无营养档案,该原料没有营养档案：生熟状态为空、无法按档案核算营养,补营养档案映射
正式食谱,财宝定制（牛肉）,牛里脊,畜肉类及制品,FOOD,(无档案),,去油、生重、打碎、充分搅拌,1,高,E1 无营养档案,该原料没有营养档案：生熟状态为空、无法按档案核算营养,补营养档案映射
正式食谱,财宝定制（牛肉）,牛心,畜肉类及制品,FOOD,(无档案),,去油、生重、打碎、充分搅拌,1,高,E1 无营养档案,该原料没有营养档案：生熟状态为空、无法按档案核算营养,补营养档案映射
正式食谱,财宝定制（牛肉）,牛肝,畜肉类及制品,FOOD,(无档案),,去油、生重、打碎、充分搅拌,1,高,E1 无营养档案,该原料没有营养档案：生熟状态为空、无法按档案核算营养,补营养档案映射
正式食谱,财宝定制（牛肉）,鸡蛋,蛋类及制品,FOOD,(无档案),,去壳、全蛋、充分搅拌,1,高,E1 无营养档案,该原料没有营养档案：生熟状态为空、无法按档案核算营养,补营养档案映射
正式食谱,财宝定制（牛肉）,三文鱼,水产类,FOOD,(无档案),,去皮、去骨、生重、打碎、充分搅拌,1,高,E1 无营养档案,该原料没有营养档案：生熟状态为空、无法按档案核算营养,补营养档案映射
正式食谱,财宝定制（牛肉）,糙米,谷类及制品,FOOD,(无档案),,煮熟后称重、充分搅拌,2,高,E1 无营养档案 + A4 同原料口径不一致,该原料没有营养档案：生熟状态为空、无法按档案核算营养；该原料在不同食谱里既写过生重又写过熟重,补营养档案映射；统一口径
正式食谱,财宝定制（牛肉）,燕麦,谷类及制品,FOOD,(无档案),,生重、打碎、充分搅拌,1,高,E1 无营养档案,该原料没有营养档案：生熟状态为空、无法按档案核算营养,补营养档案映射
正式食谱,财宝定制（牛肉）,山药,薯类及制品,FOOD,(无档案),,去皮、煮熟后称重、打碎、充分搅拌,2,高,E1 无营养档案 + A4 同原料口径不一致,该原料没有营养档案：生熟状态为空、无法按档案核算营养；该原料在不同食谱里既写过生重又写过熟重,补营养档案映射；统一口径
正式食谱,财宝定制（牛肉）,西兰花,蔬菜类及制品,FOOD,(无档案),,盐水/小苏打浸泡30分钟、煮熟后称重、打碎、充分搅拌,2,高,E1 无营养档案 + A4 同原料口径不一致,该原料没有营养档案：生熟状态为空、无法按档案核算营养；该原料在不同食谱里既写过生重又写过熟重,补营养档案映射；统一口径
正式食谱,财宝定制（牛肉）,胡萝卜,蔬菜类及制品,FOOD,(无档案),,煮熟后称重、打碎、充分搅拌,2,高,E1 无营养档案 + A4 同原料口径不一致,该原料没有营养档案：生熟状态为空、无法按档案核算营养；该原料在不同食谱里既写过生重又写过熟重,补营养档案映射；统一口径
正式食谱,财宝定制（牛肉）,生葵花籽仁,坚果种子类,FOOD,(无档案),,生重、打碎、充分搅拌,1,高,E1 无营养档案,该原料没有营养档案：生熟状态为空、无法按档案核算营养,补营养档案映射
正式食谱,财宝定制（牛肉）,食用盐,调味品类,FOOD,(无档案),,充分搅拌,1,高,E1 无营养档案,该原料没有营养档案：生熟状态为空、无法按档案核算营养,补营养档案映射
正式食谱,财宝定制（牛肉）,鸡蛋壳粉,乳类及制品,SUPPLEMENT,(无档案),,充分搅拌,1,高,E1 无营养档案,该原料没有营养档案：生熟状态为空、无法按档案核算营养,补营养档案映射
正式食谱,财宝定制（牛肉）,维生素E胶囊 ,乳类及制品,SUPPLEMENT,(无档案),,充分搅拌,1,高,E1 无营养档案,该原料没有营养档案：生熟状态为空、无法按档案核算营养,补营养档案映射
正式食谱,财宝定制（牛肉）,葡萄糖酸锌片,乳类及制品,SUPPLEMENT,(无档案),,打粉、充分搅拌,1,高,E1 无营养档案,该原料没有营养档案：生熟状态为空、无法按档案核算营养,补营养档案映射
正式食谱,财宝定制（牛肉）,海藻粉,乳类及制品,SUPPLEMENT,(无档案),,充分搅拌,1,高,E1 无营养档案,该原料没有营养档案：生熟状态为空、无法按档案核算营养,补营养档案映射
正式食谱,财宝定制食谱,鸡胸,禽肉类及制品,FOOD,(无档案),,"a6409a79-402b-41d1-bfe1-031a67da0876, a8ba4629-0933-4427-a537-5febbee5ed48, a8f50f30-16f8-4c18-a216-e9ed0a6d4f65, dd27baa4-36cb-4405-9092-0eb37e6160fa, 7aa01a87-e4d5-4e3b-b4cf-e4634b303853, af4c8a9c-98bf-4f91-ab07-4927aae2c4c2",2,高,E1 无营养档案 + B1 机器码残留,该原料没有营养档案：生熟状态为空、无法按档案核算营养；文案存的是字典 ID（接口会解析成中文，不显示乱码），但存储形式脆弱：字典缺项就会异常，且会掩盖「无营养档案」等问题,补营养档案映射；按字典还原为标准词（18/19 可确定性还原）
正式食谱,财宝定制食谱,猪里脊,畜肉类及制品,FOOD,(无档案),,"a6409a79-402b-41d1-bfe1-031a67da0876, a8ba4629-0933-4427-a537-5febbee5ed48, dd27baa4-36cb-4405-9092-0eb37e6160fa, 7aa01a87-e4d5-4e3b-b4cf-e4634b303853, af4c8a9c-98bf-4f91-ab07-4927aae2c4c2",2,高,E1 无营养档案 + B1 机器码残留,该原料没有营养档案：生熟状态为空、无法按档案核算营养；文案存的是字典 ID（接口会解析成中文，不显示乱码），但存储形式脆弱：字典缺项就会异常，且会掩盖「无营养档案」等问题,补营养档案映射；按字典还原为标准词（18/19 可确定性还原）
正式食谱,财宝定制食谱,猪肝,畜肉类及制品,FOOD,(无档案),,"a6409a79-402b-41d1-bfe1-031a67da0876, dd27baa4-36cb-4405-9092-0eb37e6160fa, 7aa01a87-e4d5-4e3b-b4cf-e4634b303853, af4c8a9c-98bf-4f91-ab07-4927aae2c4c2",2,高,E1 无营养档案 + B1 机器码残留,该原料没有营养档案：生熟状态为空、无法按档案核算营养；文案存的是字典 ID（接口会解析成中文，不显示乱码），但存储形式脆弱：字典缺项就会异常，且会掩盖「无营养档案」等问题,补营养档案映射；按字典还原为标准词（18/19 可确定性还原）
正式食谱,财宝定制食谱,三文鱼,水产类,FOOD,(无档案),,"a8ba4629-0933-4427-a537-5febbee5ed48, a8f50f30-16f8-4c18-a216-e9ed0a6d4f65, dd27baa4-36cb-4405-9092-0eb37e6160fa, 7aa01a87-e4d5-4e3b-b4cf-e4634b303853, af4c8a9c-98bf-4f91-ab07-4927aae2c4c2",2,高,E1 无营养档案 + B1 机器码残留,该原料没有营养档案：生熟状态为空、无法按档案核算营养；文案存的是字典 ID（接口会解析成中文，不显示乱码），但存储形式脆弱：字典缺项就会异常，且会掩盖「无营养档案」等问题,补营养档案映射；按字典还原为标准词（18/19 可确定性还原）
正式食谱,财宝定制食谱,鸡蛋,蛋类及制品,FOOD,(无档案),,"e7f1e345-6aee-4274-9c81-b2463dae82df, 81263f8d-49db-4f56-8607-fe9d1c6e61ce, dd27baa4-36cb-4405-9092-0eb37e6160fa, af4c8a9c-98bf-4f91-ab07-4927aae2c4c2",2,高,E1 无营养档案 + B1 机器码残留,该原料没有营养档案：生熟状态为空、无法按档案核算营养；文案存的是字典 ID（接口会解析成中文，不显示乱码），但存储形式脆弱：字典缺项就会异常，且会掩盖「无营养档案」等问题,补营养档案映射；按字典还原为标准词（18/19 可确定性还原）
正式食谱,财宝定制食谱,大米,谷类及制品,FOOD,(无档案),,"39b36568-24f1-4b20-b8ef-61ce023d568d, af4c8a9c-98bf-4f91-ab07-4927aae2c4c2",2,高,E1 无营养档案 + B1 机器码残留,该原料没有营养档案：生熟状态为空、无法按档案核算营养；文案存的是字典 ID（接口会解析成中文，不显示乱码），但存储形式脆弱：字典缺项就会异常，且会掩盖「无营养档案」等问题,补营养档案映射；按字典还原为标准词（18/19 可确定性还原）
正式食谱,财宝定制食谱,燕麦,谷类及制品,FOOD,(无档案),,"dd27baa4-36cb-4405-9092-0eb37e6160fa, df60590f-a697-4897-ab08-1322e2287268, af4c8a9c-98bf-4f91-ab07-4927aae2c4c2",2,高,E1 无营养档案 + B1 机器码残留,该原料没有营养档案：生熟状态为空、无法按档案核算营养；文案存的是字典 ID（接口会解析成中文，不显示乱码），但存储形式脆弱：字典缺项就会异常，且会掩盖「无营养档案」等问题,补营养档案映射；按字典还原为标准词（18/19 可确定性还原）
正式食谱,财宝定制食谱,南瓜,蔬菜类及制品,FOOD,(无档案),,"a8ba4629-0933-4427-a537-5febbee5ed48, 70de9668-660e-4f3e-91aa-79506f12f4d0, 39b36568-24f1-4b20-b8ef-61ce023d568d, af4c8a9c-98bf-4f91-ab07-4927aae2c4c2",3,高,E1 无营养档案 + B1 机器码残留 + A4 同原料口径不一致,该原料没有营养档案：生熟状态为空、无法按档案核算营养；文案存的是字典 ID（接口会解析成中文，不显示乱码），但存储形式脆弱：字典缺项就会异常，且会掩盖「无营养档案」等问题；该原料在不同食谱里既写过生重又写过熟重,补营养档案映射；按字典还原为标准词（18/19 可确定性还原）；统一口径
正式食谱,财宝定制食谱,西葫芦,蔬菜类及制品,FOOD,(无档案),,"36f6a5e7-14bb-472a-932e-54ee075f6819, 39b36568-24f1-4b20-b8ef-61ce023d568d, af4c8a9c-98bf-4f91-ab07-4927aae2c4c2",2,高,E1 无营养档案 + B1 机器码残留,该原料没有营养档案：生熟状态为空、无法按档案核算营养；文案存的是字典 ID（接口会解析成中文，不显示乱码），但存储形式脆弱：字典缺项就会异常，且会掩盖「无营养档案」等问题,补营养档案映射；按字典还原为标准词（18/19 可确定性还原）
正式食谱,财宝定制食谱,胡萝卜,蔬菜类及制品,FOOD,(无档案),,"36f6a5e7-14bb-472a-932e-54ee075f6819, 39b36568-24f1-4b20-b8ef-61ce023d568d, af4c8a9c-98bf-4f91-ab07-4927aae2c4c2",3,高,E1 无营养档案 + B1 机器码残留 + A4 同原料口径不一致,该原料没有营养档案：生熟状态为空、无法按档案核算营养；文案存的是字典 ID（接口会解析成中文，不显示乱码），但存储形式脆弱：字典缺项就会异常，且会掩盖「无营养档案」等问题；该原料在不同食谱里既写过生重又写过熟重,补营养档案映射；按字典还原为标准词（18/19 可确定性还原）；统一口径
正式食谱,财宝定制食谱,火麻籽,坚果种子类,FOOD,(无档案),,"dd27baa4-36cb-4405-9092-0eb37e6160fa, af4c8a9c-98bf-4f91-ab07-4927aae2c4c2",2,高,E1 无营养档案 + B1 机器码残留,该原料没有营养档案：生熟状态为空、无法按档案核算营养；文案存的是字典 ID（接口会解析成中文，不显示乱码），但存储形式脆弱：字典缺项就会异常，且会掩盖「无营养档案」等问题,补营养档案映射；按字典还原为标准词（18/19 可确定性还原）
正式食谱,财宝定制食谱,小麦胚芽油,油脂类,FOOD,(无档案),,af4c8a9c-98bf-4f91-ab07-4927aae2c4c2,2,高,E1 无营养档案 + B1 机器码残留,该原料没有营养档案：生熟状态为空、无法按档案核算营养；文案存的是字典 ID（接口会解析成中文，不显示乱码），但存储形式脆弱：字典缺项就会异常，且会掩盖「无营养档案」等问题,补营养档案映射；按字典还原为标准词（18/19 可确定性还原）
正式食谱,财宝定制食谱,食用盐,调味品类,FOOD,(无档案),,af4c8a9c-98bf-4f91-ab07-4927aae2c4c2,2,高,E1 无营养档案 + B1 机器码残留,该原料没有营养档案：生熟状态为空、无法按档案核算营养；文案存的是字典 ID（接口会解析成中文，不显示乱码），但存储形式脆弱：字典缺项就会异常，且会掩盖「无营养档案」等问题,补营养档案映射；按字典还原为标准词（18/19 可确定性还原）
正式食谱,财宝定制食谱,鸡蛋壳粉,乳类及制品,SUPPLEMENT,(无档案),,af4c8a9c-98bf-4f91-ab07-4927aae2c4c2,2,高,E1 无营养档案 + B1 机器码残留,该原料没有营养档案：生熟状态为空、无法按档案核算营养；文案存的是字典 ID（接口会解析成中文，不显示乱码），但存储形式脆弱：字典缺项就会异常，且会掩盖「无营养档案」等问题,补营养档案映射；按字典还原为标准词（18/19 可确定性还原）
正式食谱,财宝定制食谱,海藻粉,乳类及制品,SUPPLEMENT,(无档案),,af4c8a9c-98bf-4f91-ab07-4927aae2c4c2,2,高,E1 无营养档案 + B1 机器码残留,该原料没有营养档案：生熟状态为空、无法按档案核算营养；文案存的是字典 ID（接口会解析成中文，不显示乱码），但存储形式脆弱：字典缺项就会异常，且会掩盖「无营养档案」等问题,补营养档案映射；按字典还原为标准词（18/19 可确定性还原）
正式食谱,财宝定制食谱,葡萄糖酸锌片,乳类及制品,SUPPLEMENT,(无档案),,(空),2,高,E1 无营养档案 + B3b 补剂/油/粉空文案,该原料没有营养档案：生熟状态为空、无法按档案核算营养；补剂/油/粉无生熟概念，按剂量称取即可，空文案影响小,补营养档案映射；批量套用「直接称取」模板
正式食谱,迪迪 的鲜食食谱 06/27,小米,谷类及制品,FOOD,RAW,生,煮熟后称重、充分搅拌,2,高,A2 生档案却写熟重 + A4 同原料口径不一致,营养数据是生食口径，却让按熟重称量；该原料在不同食谱里既写过生重又写过熟重,先定规则：改文案或改档案；统一口径
正式食谱,迪迪 的鲜食食谱 06/27,黄瓜,蔬菜类及制品,FOOD,RAW,生,(空),1,高,B3 文案为空,没有任何制备/称重说明,按原料+档案状态补全标准文案
正式食谱,迪迪 的鲜食食谱 06/27,胡萝卜,蔬菜类及制品,FOOD,RAW,生,煮熟后称重、打碎、充分搅拌,2,高,A2 生档案却写熟重 + A4 同原料口径不一致,营养数据是生食口径，却让按熟重称量；该原料在不同食谱里既写过生重又写过熟重,先定规则：改文案或改档案；统一口径
正式食谱,青口贝虾仁鸡胸（幺鸡）,南美对虾虾仁,水产类,FOOD,raw,生,(空),2,高,D1 状态枚举不规范 + B3 文案为空,营养档案状态写成「raw」，小写/非标准值会让所有语义校验静默失效；没有任何制备/称重说明,把状态枚举归一为 RAW/COOKED 等标准值；按原料+档案状态补全标准文案
正式食谱,青口贝虾仁鸡胸（幺鸡）,燕麦米,谷类及制品,FOOD,raw,生/干,生重打成粉后、搅拌均匀。,3,高,D1 状态枚举不规范 + B4 口语化/标点 + B5 非标准词,营养档案状态写成「raw」，小写/非标准值会让所有语义校验静默失效；句尾带句号，与其它文案不统一；自由文本：生重打成粉后 / 搅拌均匀。,把状态枚举归一为 RAW/COOKED 等标准值；去掉句号，统一用「、」分隔；归入受控词表或补进字典
正式食谱,青花鱼对虾牛肉(财宝),南美对虾虾仁,水产类,FOOD,raw,生,生重、打碎、充分搅拌,1,高,D1 状态枚举不规范,营养档案状态写成「raw」，小写/非标准值会让所有语义校验静默失效,把状态枚举归一为 RAW/COOKED 等标准值
正式食谱,青花鱼对虾牛肉(财宝),黑米,谷类及制品,FOOD,cooked,熟/米饭,煮熟后打碎,3,高,D1 状态枚举不规范 + B5 非标准词 + A3 熟档案未写口径,营养档案状态写成「cooked」，小写/非标准值会让所有语义校验静默失效；自由文本：煮熟后打碎；没写按生重还是熟重称量,把状态枚举归一为 RAW/COOKED 等标准值；归入受控词表或补进字典；补「熟重」
正式食谱,青花鱼对虾牛肉(财宝),绿豆芽,蔬菜类及制品,FOOD,COOKED,熟,生重、打碎、充分搅拌,2,高,A1 熟档案却写生重 + A4 同原料口径不一致,营养数据是熟食口径，却让按生重称量；该原料在不同食谱里既写过生重又写过熟重,文案改「熟重」或「煮熟后称重」；统一口径
正式食谱,马？,山药,薯类及制品,FOOD,RAW,生,去皮、煮熟后称重、打碎、充分搅拌,2,高,A2 生档案却写熟重 + A4 同原料口径不一致,营养数据是生食口径，却让按熟重称量；该原料在不同食谱里既写过生重又写过熟重,先定规则：改文案或改档案；统一口径
正式食谱,马？,红甜椒,蔬菜类及制品,FOOD,RAW,生,去籽、煮熟后称重、打碎、充分搅拌,3,高,B5 非标准词 + A2 生档案却写熟重 + A4 同原料口径不一致,自由文本：去籽；营养数据是生食口径，却让按熟重称量；该原料在不同食谱里既写过生重又写过熟重,归入受控词表或补进字典；先定规则：改文案或改档案；统一口径
正式食谱,马肉兔肉白米土豆,大米,谷类及制品,FOOD,RAW,生,煮熟后称重、打碎、充分搅拌,1,高,A2 生档案却写熟重,营养数据是生食口径，却让按熟重称量,先定规则：改文案或改档案
正式食谱,马肉兔肉白米土豆,大米,谷类及制品,FOOD,RAW,生,煮熟后称重、打碎、充分搅拌,1,高,A2 生档案却写熟重,营养数据是生食口径，却让按熟重称量,先定规则：改文案或改档案
正式食谱,马肉兔肉白米土豆,土豆,薯类及制品,FOOD,RAW,生,去皮、煮熟后称重、打碎、充分搅拌,1,高,A2 生档案却写熟重,营养数据是生食口径，却让按熟重称量,先定规则：改文案或改档案
正式食谱,马肉兔肉白米土豆,土豆,薯类及制品,FOOD,RAW,生,去皮、煮熟后称重、打碎、充分搅拌,1,高,A2 生档案却写熟重,营养数据是生食口径，却让按熟重称量,先定规则：改文案或改档案
正式食谱,马肉兔肉白米土豆,南瓜,蔬菜类及制品,FOOD,RAW,生,去瓤、去皮、煮熟后沥水、称重、打碎、充分搅拌,3,高,B5 非标准词 + A2 生档案却写熟重 + A4 同原料口径不一致,自由文本：煮熟后沥水 / 称重；营养数据是生食口径，却让按熟重称量；该原料在不同食谱里既写过生重又写过熟重,归入受控词表或补进字典；先定规则：改文案或改档案；统一口径
正式食谱,马肉兔肉白米土豆,南瓜,蔬菜类及制品,FOOD,RAW,生,去瓤、去皮、煮熟后沥水、称重、打碎、充分搅拌,3,高,B5 非标准词 + A2 生档案却写熟重 + A4 同原料口径不一致,自由文本：煮熟后沥水 / 称重；营养数据是生食口径，却让按熟重称量；该原料在不同食谱里既写过生重又写过熟重,归入受控词表或补进字典；先定规则：改文案或改档案；统一口径
正式食谱,鳕鱼鸡蛋牛肉(路宝),燕麦米,谷类及制品,FOOD,raw,生/干,生重打成粉后、搅拌均匀。,3,高,D1 状态枚举不规范 + B4 口语化/标点 + B5 非标准词,营养档案状态写成「raw」，小写/非标准值会让所有语义校验静默失效；句尾带句号，与其它文案不统一；自由文本：生重打成粉后 / 搅拌均匀。,把状态枚举归一为 RAW/COOKED 等标准值；去掉句号，统一用「、」分隔；归入受控词表或补进字典
正式食谱,鸡兔-lp DV,山药,薯类及制品,FOOD,RAW,生,去皮、煮熟后称重、打碎、充分搅拌,2,高,A2 生档案却写熟重 + A4 同原料口径不一致,营养数据是生食口径，却让按熟重称量；该原料在不同食谱里既写过生重又写过熟重,先定规则：改文案或改档案；统一口径
正式食谱,鸡肉食谱,鸡胗,禽肉类及制品,FOOD,RAW,生,(空),1,高,B3 文案为空,没有任何制备/称重说明,按原料+档案状态补全标准文案
正式食谱,鸡肉食谱,小米,谷类及制品,FOOD,RAW,生,煮熟后称重、充分搅拌,2,高,A2 生档案却写熟重 + A4 同原料口径不一致,营养数据是生食口径，却让按熟重称量；该原料在不同食谱里既写过生重又写过熟重,先定规则：改文案或改档案；统一口径
正式食谱,鸡胸280-lp DV,紫薯,蔬菜类及制品,FOOD,RAW,生,(空),1,高,B3 文案为空,没有任何制备/称重说明,按原料+档案状态补全标准文案
正式食谱,鸡胸280-lp DV 副本,紫薯,蔬菜类及制品,FOOD,RAW,生,(空),1,高,B3 文案为空,没有任何制备/称重说明,按原料+档案状态补全标准文案
正式食谱,鸡胸半餐-lp DV 副本,紫薯,蔬菜类及制品,FOOD,RAW,生,(空),1,高,B3 文案为空,没有任何制备/称重说明,按原料+档案状态补全标准文案
正式食谱,鸡胸半餐-lp DV 副本,紫薯,蔬菜类及制品,FOOD,RAW,生,(空),1,高,B3 文案为空,没有任何制备/称重说明,按原料+档案状态补全标准文案
正式食谱,鸡胸牛肉饭(幺鸡),花椰菜,蔬菜类及制品,FOOD,COOKED,熟,生重、打碎、充分搅拌,1,高,A1 熟档案却写生重,营养数据是熟食口径，却让按生重称量,文案改「熟重」或「煮熟后称重」
正式食谱,鸡胸牛里脊三文鱼,胡萝卜,蔬菜类及制品,FOOD,RAW,生,留皮、煮熟后称重、打碎、充分搅拌,2,高,A2 生档案却写熟重 + A4 同原料口径不一致,营养数据是生食口径，却让按熟重称量；该原料在不同食谱里既写过生重又写过熟重,先定规则：改文案或改档案；统一口径
正式食谱,鸡胸荞麦-lp,鸭胗,禽肉类及制品,FOOD,RAW,生,(空),1,高,B3 文案为空,没有任何制备/称重说明,按原料+档案状态补全标准文案
正式食谱,鸡胸荞麦-lp,紫薯,蔬菜类及制品,FOOD,RAW,生,(空),1,高,B3 文案为空,没有任何制备/称重说明,按原料+档案状态补全标准文案
正式食谱,鸡胸荞麦-lp,芦笋,蔬菜类及制品,FOOD,RAW,生,去皮、煮熟后称重、打碎、充分搅拌,1,高,A2 生档案却写熟重,营养数据是生食口径，却让按熟重称量,先定规则：改文案或改档案
正式食谱,鸡胸鳕鱼,鳕鱼颈背肉,水产类,FOOD,RAW,生,(空),1,高,B3 文案为空,没有任何制备/称重说明,按原料+档案状态补全标准文案
正式食谱,鸡胸鳕鱼,糙米,谷类及制品,FOOD,RAW,生,煮熟后称重、充分搅拌,2,高,A2 生档案却写熟重 + A4 同原料口径不一致,营养数据是生食口径，却让按熟重称量；该原料在不同食谱里既写过生重又写过熟重,先定规则：改文案或改档案；统一口径
正式食谱,鸡胸鳕鱼,黑米,谷类及制品,FOOD,raw,生/干,煮熟后打碎,3,高,D1 状态枚举不规范 + B5 非标准词 + A2b 生档案却写熟制步骤,营养档案状态写成「raw」，小写/非标准值会让所有语义校验静默失效；自由文本：煮熟后打碎；档案用生数据，步骤却含焯水/蒸煮,把状态枚举归一为 RAW/COOKED 等标准值；归入受控词表或补进字典；确认是口径写错还是档案选错
正式食谱,鸡胸鳕鱼,紫薯,蔬菜类及制品,FOOD,RAW,生,(空),1,高,B3 文案为空,没有任何制备/称重说明,按原料+档案状态补全标准文案
正式食谱,鸡胸鸭胗蛋-lp,鸭胗,禽肉类及制品,FOOD,RAW,生,(空),1,高,B3 文案为空,没有任何制备/称重说明,按原料+档案状态补全标准文案
正式食谱,鸡胸鸭胗蛋-lp,黑米,谷类及制品,FOOD,cooked,熟/米饭,煮熟后打碎,3,高,D1 状态枚举不规范 + B5 非标准词 + A3 熟档案未写口径,营养档案状态写成「cooked」，小写/非标准值会让所有语义校验静默失效；自由文本：煮熟后打碎；没写按生重还是熟重称量,把状态枚举归一为 RAW/COOKED 等标准值；归入受控词表或补进字典；补「熟重」
正式食谱,鸡胸鸭胗蛋-lp,紫薯,蔬菜类及制品,FOOD,RAW,生,(空),1,高,B3 文案为空,没有任何制备/称重说明,按原料+档案状态补全标准文案
正式食谱,鸡蛋鱼虾鸭胸(路宝),南美对虾虾仁,水产类,FOOD,raw,生,生重、打碎、充分搅拌,1,高,D1 状态枚举不规范,营养档案状态写成「raw」，小写/非标准值会让所有语义校验静默失效,把状态枚举归一为 RAW/COOKED 等标准值
正式食谱,鸡蛋鱼虾鸭胸(路宝),绿豆芽,蔬菜类及制品,FOOD,COOKED,熟,生重、打碎、充分搅拌,2,高,A1 熟档案却写生重 + A4 同原料口径不一致,营养数据是熟食口径，却让按生重称量；该原料在不同食谱里既写过生重又写过熟重,文案改「熟重」或「煮熟后称重」；统一口径
正式食谱,鸭,鸭胗,禽肉类及制品,FOOD,RAW,生,(空),1,高,B3 文案为空,没有任何制备/称重说明,按原料+档案状态补全标准文案
正式食谱,鸭,紫薯,蔬菜类及制品,FOOD,RAW,生,(空),1,高,B3 文案为空,没有任何制备/称重说明,按原料+档案状态补全标准文案
正式食谱,鸭肉梨,南美对虾虾仁,水产类,FOOD,raw,生,生重、打碎、充分搅拌,1,高,D1 状态枚举不规范,营养档案状态写成「raw」，小写/非标准值会让所有语义校验静默失效,把状态枚举归一为 RAW/COOKED 等标准值
正式食谱,鸭肉梨,红薯,薯类及制品,FOOD,COOKED,熟,去皮、生重、打碎、充分搅拌,2,高,A1 熟档案却写生重 + A4 同原料口径不一致,营养数据是熟食口径，却让按生重称量；该原料在不同食谱里既写过生重又写过熟重,文案改「熟重」或「煮熟后称重」；统一口径
正式食谱,鸭肉梨,西兰花,蔬菜类及制品,FOOD,COOKED,熟,生重、打碎、充分搅拌,2,高,A1 熟档案却写生重 + A4 同原料口径不一致,营养数据是熟食口径，却让按生重称量；该原料在不同食谱里既写过生重又写过熟重,文案改「熟重」或「煮熟后称重」；统一口径
正式食谱,鸭肉梨,白蘑菇,菌藻类,FOOD,COOKED,熟,生重、打碎、充分搅拌,1,高,A1 熟档案却写生重,营养数据是熟食口径，却让按生重称量,文案改「熟重」或「煮熟后称重」
正式食谱,鸭肉食谱,鸭胗,禽肉类及制品,FOOD,RAW,生,(空),1,高,B3 文案为空,没有任何制备/称重说明,按原料+档案状态补全标准文案
正式食谱,鸭肉食谱,胡萝卜,蔬菜类及制品,FOOD,RAW,生,煮熟后称重、打碎、充分搅拌,2,高,A2 生档案却写熟重 + A4 同原料口径不一致,营养数据是生食口径，却让按熟重称量；该原料在不同食谱里既写过生重又写过熟重,先定规则：改文案或改档案；统一口径
正式食谱,鸭胸猪里脊鸡蛋青花鱼,猪里脊,畜肉类及制品,FOOD,(无档案),,去油、生重、打碎、充分搅拌,1,高,E1 无营养档案,该原料没有营养档案：生熟状态为空、无法按档案核算营养,补营养档案映射
正式食谱,鸭胸猪里脊鸡蛋青花鱼,猪里脊,畜肉类及制品,FOOD,(无档案),,去油、生重、打碎、充分搅拌,1,高,E1 无营养档案,该原料没有营养档案：生熟状态为空、无法按档案核算营养,补营养档案映射
正式食谱,鸭胸猪里脊鸡蛋青花鱼,猪里脊,畜肉类及制品,FOOD,(无档案),,去油、生重、打碎、充分搅拌,1,高,E1 无营养档案,该原料没有营养档案：生熟状态为空、无法按档案核算营养,补营养档案映射
正式食谱,鸭胸猪里脊鸡蛋青花鱼,鸭胸,禽肉类及制品,FOOD,(无档案),,去皮、去油、生重、打碎、充分搅拌,1,高,E1 无营养档案,该原料没有营养档案：生熟状态为空、无法按档案核算营养,补营养档案映射
正式食谱,鸭胸猪里脊鸡蛋青花鱼,鸭胸,禽肉类及制品,FOOD,(无档案),,去皮、去油、生重、打碎、充分搅拌,1,高,E1 无营养档案,该原料没有营养档案：生熟状态为空、无法按档案核算营养,补营养档案映射
正式食谱,鸭胸猪里脊鸡蛋青花鱼,鸭胸,禽肉类及制品,FOOD,(无档案),,去皮、去油、生重、打碎、充分搅拌,1,高,E1 无营养档案,该原料没有营养档案：生熟状态为空、无法按档案核算营养,补营养档案映射
正式食谱,鸭胸猪里脊鸡蛋青花鱼,鸡蛋,蛋类及制品,FOOD,(无档案),,去壳、全蛋、生重、充分搅拌,1,高,E1 无营养档案,该原料没有营养档案：生熟状态为空、无法按档案核算营养,补营养档案映射
正式食谱,鸭胸猪里脊鸡蛋青花鱼,鸡蛋,蛋类及制品,FOOD,(无档案),,去壳、全蛋、生重、充分搅拌,1,高,E1 无营养档案,该原料没有营养档案：生熟状态为空、无法按档案核算营养,补营养档案映射
正式食谱,鸭胸猪里脊鸡蛋青花鱼,鸡蛋,蛋类及制品,FOOD,(无档案),,去壳、全蛋、生重、充分搅拌,1,高,E1 无营养档案,该原料没有营养档案：生熟状态为空、无法按档案核算营养,补营养档案映射
正式食谱,鸭胸猪里脊鸡蛋青花鱼,青花鱼,水产类,FOOD,(无档案),,去皮、去骨、生重、打碎、充分搅拌,1,高,E1 无营养档案,该原料没有营养档案：生熟状态为空、无法按档案核算营养,补营养档案映射
正式食谱,鸭胸猪里脊鸡蛋青花鱼,青花鱼,水产类,FOOD,(无档案),,去皮、去骨、生重、打碎、充分搅拌,1,高,E1 无营养档案,该原料没有营养档案：生熟状态为空、无法按档案核算营养,补营养档案映射
正式食谱,鸭胸猪里脊鸡蛋青花鱼,青花鱼,水产类,FOOD,(无档案),,去皮、去骨、生重、打碎、充分搅拌,1,高,E1 无营养档案,该原料没有营养档案：生熟状态为空、无法按档案核算营养,补营养档案映射
正式食谱,鸭胸猪里脊鸡蛋青花鱼,猪肝,畜肉类及制品,FOOD,(无档案),,去油、生重、焯水、打碎、充分搅拌,1,高,E1 无营养档案,该原料没有营养档案：生熟状态为空、无法按档案核算营养,补营养档案映射
正式食谱,鸭胸猪里脊鸡蛋青花鱼,猪肝,畜肉类及制品,FOOD,(无档案),,去油、生重、焯水、打碎、充分搅拌,1,高,E1 无营养档案,该原料没有营养档案：生熟状态为空、无法按档案核算营养,补营养档案映射
正式食谱,鸭胸猪里脊鸡蛋青花鱼,猪肝,畜肉类及制品,FOOD,(无档案),,去油、生重、焯水、打碎、充分搅拌,1,高,E1 无营养档案,该原料没有营养档案：生熟状态为空、无法按档案核算营养,补营养档案映射
正式食谱,鸭胸猪里脊鸡蛋青花鱼,糙米,谷类及制品,FOOD,RAW,生,煮熟后称重、充分搅拌,2,高,A2 生档案却写熟重 + A4 同原料口径不一致,营养数据是生食口径，却让按熟重称量；该原料在不同食谱里既写过生重又写过熟重,先定规则：改文案或改档案；统一口径
正式食谱,鸭胸猪里脊鸡蛋青花鱼,糙米,谷类及制品,FOOD,(无档案),,煮熟后称重、充分搅拌,2,高,E1 无营养档案 + A4 同原料口径不一致,该原料没有营养档案：生熟状态为空、无法按档案核算营养；该原料在不同食谱里既写过生重又写过熟重,补营养档案映射；统一口径
正式食谱,鸭胸猪里脊鸡蛋青花鱼,糙米,谷类及制品,FOOD,(无档案),,煮熟后称重、充分搅拌,2,高,E1 无营养档案 + A4 同原料口径不一致,该原料没有营养档案：生熟状态为空、无法按档案核算营养；该原料在不同食谱里既写过生重又写过熟重,补营养档案映射；统一口径
正式食谱,鸭胸猪里脊鸡蛋青花鱼,糙米,谷类及制品,FOOD,(无档案),,煮熟后称重、充分搅拌,2,高,E1 无营养档案 + A4 同原料口径不一致,该原料没有营养档案：生熟状态为空、无法按档案核算营养；该原料在不同食谱里既写过生重又写过熟重,补营养档案映射；统一口径
正式食谱,鸭胸猪里脊鸡蛋青花鱼,燕麦,谷类及制品,FOOD,(无档案),,无添加即食燕麦、打碎、充分搅拌,3,高,E1 无营养档案 + B6 商品属性写进步骤 + B5 非标准词,该原料没有营养档案：生熟状态为空、无法按档案核算营养；这些片段不是厨房动作，而是商品属性：无添加即食燕麦；自由文本：无添加即食燕麦,补营养档案映射；移到原料规格/备注，不放在制备说明；归入受控词表或补进字典
正式食谱,鸭胸猪里脊鸡蛋青花鱼,燕麦,谷类及制品,FOOD,(无档案),,无添加即食燕麦、打碎、充分搅拌,3,高,E1 无营养档案 + B6 商品属性写进步骤 + B5 非标准词,该原料没有营养档案：生熟状态为空、无法按档案核算营养；这些片段不是厨房动作，而是商品属性：无添加即食燕麦；自由文本：无添加即食燕麦,补营养档案映射；移到原料规格/备注，不放在制备说明；归入受控词表或补进字典
正式食谱,鸭胸猪里脊鸡蛋青花鱼,燕麦,谷类及制品,FOOD,(无档案),,无添加即食燕麦、打碎、充分搅拌,3,高,E1 无营养档案 + B6 商品属性写进步骤 + B5 非标准词,该原料没有营养档案：生熟状态为空、无法按档案核算营养；这些片段不是厨房动作，而是商品属性：无添加即食燕麦；自由文本：无添加即食燕麦,补营养档案映射；移到原料规格/备注，不放在制备说明；归入受控词表或补进字典
正式食谱,鸭胸猪里脊鸡蛋青花鱼,南瓜,蔬菜类及制品,FOOD,RAW,生,去瓤、去皮、煮熟后沥水、称重、打碎、充分搅拌,3,高,B5 非标准词 + A2 生档案却写熟重 + A4 同原料口径不一致,自由文本：煮熟后沥水 / 称重；营养数据是生食口径，却让按熟重称量；该原料在不同食谱里既写过生重又写过熟重,归入受控词表或补进字典；先定规则：改文案或改档案；统一口径
正式食谱,鸭胸猪里脊鸡蛋青花鱼,南瓜,蔬菜类及制品,FOOD,(无档案),,去瓤、去皮、煮熟后沥水、称重、打碎、充分搅拌,3,高,E1 无营养档案 + B5 非标准词 + A4 同原料口径不一致,该原料没有营养档案：生熟状态为空、无法按档案核算营养；自由文本：煮熟后沥水 / 称重；该原料在不同食谱里既写过生重又写过熟重,补营养档案映射；归入受控词表或补进字典；统一口径
正式食谱,鸭胸猪里脊鸡蛋青花鱼,南瓜,蔬菜类及制品,FOOD,(无档案),,去瓤、去皮、煮熟后沥水、称重、打碎、充分搅拌,3,高,E1 无营养档案 + B5 非标准词 + A4 同原料口径不一致,该原料没有营养档案：生熟状态为空、无法按档案核算营养；自由文本：煮熟后沥水 / 称重；该原料在不同食谱里既写过生重又写过熟重,补营养档案映射；归入受控词表或补进字典；统一口径
正式食谱,鸭胸猪里脊鸡蛋青花鱼,南瓜,蔬菜类及制品,FOOD,(无档案),,去瓤、去皮、煮熟后沥水、称重、打碎、充分搅拌,3,高,E1 无营养档案 + B5 非标准词 + A4 同原料口径不一致,该原料没有营养档案：生熟状态为空、无法按档案核算营养；自由文本：煮熟后沥水 / 称重；该原料在不同食谱里既写过生重又写过熟重,补营养档案映射；归入受控词表或补进字典；统一口径
正式食谱,鸭胸猪里脊鸡蛋青花鱼,西兰花,蔬菜类及制品,FOOD,(无档案),,打碎、静置30分钟、焯水沥干、称重、充分搅拌,3,高,E1 无营养档案 + B5 非标准词 + A4 同原料口径不一致,该原料没有营养档案：生熟状态为空、无法按档案核算营养；自由文本：焯水沥干 / 称重；该原料在不同食谱里既写过生重又写过熟重,补营养档案映射；归入受控词表或补进字典；统一口径
正式食谱,鸭胸猪里脊鸡蛋青花鱼,西兰花,蔬菜类及制品,FOOD,(无档案),,打碎、静置30分钟、焯水沥干、称重、充分搅拌,3,高,E1 无营养档案 + B5 非标准词 + A4 同原料口径不一致,该原料没有营养档案：生熟状态为空、无法按档案核算营养；自由文本：焯水沥干 / 称重；该原料在不同食谱里既写过生重又写过熟重,补营养档案映射；归入受控词表或补进字典；统一口径
正式食谱,鸭胸猪里脊鸡蛋青花鱼,西兰花,蔬菜类及制品,FOOD,(无档案),,打碎、静置30分钟、焯水沥干、称重、充分搅拌,3,高,E1 无营养档案 + B5 非标准词 + A4 同原料口径不一致,该原料没有营养档案：生熟状态为空、无法按档案核算营养；自由文本：焯水沥干 / 称重；该原料在不同食谱里既写过生重又写过熟重,补营养档案映射；归入受控词表或补进字典；统一口径
正式食谱,鸭胸猪里脊鸡蛋青花鱼,红甜椒,蔬菜类及制品,FOOD,(无档案),,去籽、煮熟后称重、打碎、充分搅拌,3,高,E1 无营养档案 + B5 非标准词 + A4 同原料口径不一致,该原料没有营养档案：生熟状态为空、无法按档案核算营养；自由文本：去籽；该原料在不同食谱里既写过生重又写过熟重,补营养档案映射；归入受控词表或补进字典；统一口径
正式食谱,鸭胸猪里脊鸡蛋青花鱼,红甜椒,蔬菜类及制品,FOOD,(无档案),,去籽、煮熟后称重、打碎、充分搅拌,3,高,E1 无营养档案 + B5 非标准词 + A4 同原料口径不一致,该原料没有营养档案：生熟状态为空、无法按档案核算营养；自由文本：去籽；该原料在不同食谱里既写过生重又写过熟重,补营养档案映射；归入受控词表或补进字典；统一口径
正式食谱,鸭胸猪里脊鸡蛋青花鱼,红甜椒,蔬菜类及制品,FOOD,(无档案),,去籽、煮熟后称重、打碎、充分搅拌,3,高,E1 无营养档案 + B5 非标准词 + A4 同原料口径不一致,该原料没有营养档案：生熟状态为空、无法按档案核算营养；自由文本：去籽；该原料在不同食谱里既写过生重又写过熟重,补营养档案映射；归入受控词表或补进字典；统一口径
正式食谱,鸭胸猪里脊鸡蛋青花鱼,红甜椒,蔬菜类及制品,FOOD,RAW,生,去籽、煮熟后称重、打碎、充分搅拌,3,高,B5 非标准词 + A2 生档案却写熟重 + A4 同原料口径不一致,自由文本：去籽；营养数据是生食口径，却让按熟重称量；该原料在不同食谱里既写过生重又写过熟重,归入受控词表或补进字典；先定规则：改文案或改档案；统一口径
正式食谱,鸭胸猪里脊鸡蛋青花鱼,鲜香菇,菌藻类,FOOD,(无档案),,生重、打碎、充分搅拌,1,高,E1 无营养档案,该原料没有营养档案：生熟状态为空、无法按档案核算营养,补营养档案映射
正式食谱,鸭胸猪里脊鸡蛋青花鱼,鲜香菇,菌藻类,FOOD,(无档案),,生重、打碎、充分搅拌,1,高,E1 无营养档案,该原料没有营养档案：生熟状态为空、无法按档案核算营养,补营养档案映射
正式食谱,鸭胸猪里脊鸡蛋青花鱼,鲜香菇,菌藻类,FOOD,(无档案),,生重、打碎、充分搅拌,1,高,E1 无营养档案,该原料没有营养档案：生熟状态为空、无法按档案核算营养,补营养档案映射
正式食谱,鸭胸猪里脊鸡蛋青花鱼,玉米油,油脂类,FOOD,(无档案),,生重、充分混匀。,3,高,E1 无营养档案 + B4 口语化/标点 + B5 非标准词,该原料没有营养档案：生熟状态为空、无法按档案核算营养；句尾带句号，与其它文案不统一；自由文本：充分混匀。,补营养档案映射；去掉句号，统一用「、」分隔；归入受控词表或补进字典
正式食谱,鸭胸猪里脊鸡蛋青花鱼,玉米油,油脂类,FOOD,(无档案),,生重、充分混匀。,3,高,E1 无营养档案 + B4 口语化/标点 + B5 非标准词,该原料没有营养档案：生熟状态为空、无法按档案核算营养；句尾带句号，与其它文案不统一；自由文本：充分混匀。,补营养档案映射；去掉句号，统一用「、」分隔；归入受控词表或补进字典
正式食谱,鸭胸猪里脊鸡蛋青花鱼,玉米油,油脂类,FOOD,(无档案),,生重、充分混匀。,3,高,E1 无营养档案 + B4 口语化/标点 + B5 非标准词,该原料没有营养档案：生熟状态为空、无法按档案核算营养；句尾带句号，与其它文案不统一；自由文本：充分混匀。,补营养档案映射；去掉句号，统一用「、」分隔；归入受控词表或补进字典
正式食谱,鸭胸猪里脊鸡蛋青花鱼,食用盐,调味品类,FOOD,(无档案),,充分搅拌,1,高,E1 无营养档案,该原料没有营养档案：生熟状态为空、无法按档案核算营养,补营养档案映射
正式食谱,鸭胸猪里脊鸡蛋青花鱼,食用盐,调味品类,FOOD,(无档案),,充分搅拌,1,高,E1 无营养档案,该原料没有营养档案：生熟状态为空、无法按档案核算营养,补营养档案映射
正式食谱,鸭胸猪里脊鸡蛋青花鱼,食用盐,调味品类,FOOD,(无档案),,充分搅拌,1,高,E1 无营养档案,该原料没有营养档案：生熟状态为空、无法按档案核算营养,补营养档案映射
正式食谱,鸭胸猪里脊鸡蛋青花鱼,骨粉,乳类及制品,SUPPLEMENT,(无档案),,充分搅拌,1,高,E1 无营养档案,该原料没有营养档案：生熟状态为空、无法按档案核算营养,补营养档案映射
正式食谱,鸭胸猪里脊鸡蛋青花鱼,胆碱片,乳类及制品,SUPPLEMENT,(无档案),,打粉、充分搅拌,1,高,E1 无营养档案,该原料没有营养档案：生熟状态为空、无法按档案核算营养,补营养档案映射
正式食谱,鸭胸猪里脊鸡蛋青花鱼,骨粉,乳类及制品,SUPPLEMENT,(无档案),,充分搅拌,1,高,E1 无营养档案,该原料没有营养档案：生熟状态为空、无法按档案核算营养,补营养档案映射
正式食谱,鸭胸猪里脊鸡蛋青花鱼,海藻粉,乳类及制品,SUPPLEMENT,(无档案),,充分搅拌,1,高,E1 无营养档案,该原料没有营养档案：生熟状态为空、无法按档案核算营养,补营养档案映射
正式食谱,鸭胸猪里脊鸡蛋青花鱼,碳酸钙粉,乳类及制品,SUPPLEMENT,(无档案),,充分搅拌,1,高,E1 无营养档案,该原料没有营养档案：生熟状态为空、无法按档案核算营养,补营养档案映射
正式食谱,鸭胸猪里脊鸡蛋青花鱼,海藻粉,乳类及制品,SUPPLEMENT,(无档案),,充分搅拌,1,高,E1 无营养档案,该原料没有营养档案：生熟状态为空、无法按档案核算营养,补营养档案映射
正式食谱,鸭胸猪里脊鸡蛋青花鱼,双甘氨酸亚铁胶囊,乳类及制品,SUPPLEMENT,(无档案),,打粉、充分搅拌,1,高,E1 无营养档案,该原料没有营养档案：生熟状态为空、无法按档案核算营养,补营养档案映射
正式食谱,鸭胸猪里脊鸡蛋青花鱼,双甘氨酸亚铁胶囊,乳类及制品,SUPPLEMENT,(无档案),,打粉、充分搅拌,1,高,E1 无营养档案,该原料没有营养档案：生熟状态为空、无法按档案核算营养,补营养档案映射
正式食谱,鸭胸猪里脊鸡蛋青花鱼,海藻粉,乳类及制品,SUPPLEMENT,(无档案),,充分搅拌,1,高,E1 无营养档案,该原料没有营养档案：生熟状态为空、无法按档案核算营养,补营养档案映射
正式食谱,鸭胸猪里脊鸡蛋青花鱼,葡萄糖酸锌片,乳类及制品,SUPPLEMENT,(无档案),,打粉、充分搅拌,1,高,E1 无营养档案,该原料没有营养档案：生熟状态为空、无法按档案核算营养,补营养档案映射
正式食谱,鸭胸猪里脊鸡蛋青花鱼,葡萄糖酸锌片,乳类及制品,SUPPLEMENT,(无档案),,打粉、充分搅拌,1,高,E1 无营养档案,该原料没有营养档案：生熟状态为空、无法按档案核算营养,补营养档案映射
正式食谱,鸭胸猪里脊鸡蛋青花鱼,葡萄糖酸锌片,乳类及制品,SUPPLEMENT,(无档案),,打粉、充分搅拌,1,高,E1 无营养档案,该原料没有营养档案：生熟状态为空、无法按档案核算营养,补营养档案映射
正式食谱,鸭胸猪里脊鸡蛋青花鱼,维生素E胶囊 ,乳类及制品,SUPPLEMENT,(无档案),,充分搅拌,1,高,E1 无营养档案,该原料没有营养档案：生熟状态为空、无法按档案核算营养,补营养档案映射
正式食谱,鸭胸猪里脊鸡蛋青花鱼,维生素E胶囊 ,乳类及制品,SUPPLEMENT,(无档案),,充分搅拌,1,高,E1 无营养档案,该原料没有营养档案：生熟状态为空、无法按档案核算营养,补营养档案映射
正式食谱,鸭胸猪里脊鸡蛋青花鱼,维生素E胶囊 ,乳类及制品,SUPPLEMENT,(无档案),,充分搅拌,1,高,E1 无营养档案,该原料没有营养档案：生熟状态为空、无法按档案核算营养,补营养档案映射
正式食谱,黑米鳕鱼鸡胸,黑米,谷类及制品,FOOD,cooked,熟/米饭,煮熟后打碎,3,高,D1 状态枚举不规范 + B5 非标准词 + A3 熟档案未写口径,营养档案状态写成「cooked」，小写/非标准值会让所有语义校验静默失效；自由文本：煮熟后打碎；没写按生重还是熟重称量,把状态枚举归一为 RAW/COOKED 等标准值；归入受控词表或补进字典；补「熟重」
正式食谱,黑米鳕鱼鸡胸,红薯,薯类及制品,FOOD,COOKED,熟,去皮、生重、打碎、充分搅拌,2,高,A1 熟档案却写生重 + A4 同原料口径不一致,营养数据是熟食口径，却让按生重称量；该原料在不同食谱里既写过生重又写过熟重,文案改「熟重」或「煮熟后称重」；统一口径
设计器草稿,（咖喱定制）创伤恢复+红胡子,猪里脊,畜肉类及制品,FOOD,RAW,生,(空),1,高,B3 文案为空,没有任何制备/称重说明,按原料+档案状态补全标准文案
设计器草稿,（咖喱定制）创伤恢复+红胡子,鸡蛋,蛋类及制品,FOOD,RAW,生,(空),1,高,B3 文案为空,没有任何制备/称重说明,按原料+档案状态补全标准文案
设计器草稿,（咖喱定制）创伤恢复+红胡子,鸡蛋,蛋类及制品,FOOD,RAW,生,(空),1,高,B3 文案为空,没有任何制备/称重说明,按原料+档案状态补全标准文案
设计器草稿,（咖喱定制）创伤恢复+红胡子,三文鱼,水产类,FOOD,RAW,生,(空),1,高,B3 文案为空,没有任何制备/称重说明,按原料+档案状态补全标准文案
设计器草稿,（咖喱定制）创伤恢复+红胡子,三文鱼,水产类,FOOD,RAW,生,(空),1,高,B3 文案为空,没有任何制备/称重说明,按原料+档案状态补全标准文案
设计器草稿,（咖喱定制）创伤恢复+红胡子,牛肝,畜肉类及制品,FOOD,RAW,生,(空),1,高,B3 文案为空,没有任何制备/称重说明,按原料+档案状态补全标准文案
设计器草稿,（咖喱定制）创伤恢复+红胡子,牛肝,畜肉类及制品,FOOD,RAW,生,(空),1,高,B3 文案为空,没有任何制备/称重说明,按原料+档案状态补全标准文案
设计器草稿,（咖喱定制）创伤恢复+红胡子,燕麦,谷类及制品,FOOD,DRIED,干,(空),1,高,B3 文案为空,没有任何制备/称重说明,按原料+档案状态补全标准文案
设计器草稿,（咖喱定制）创伤恢复+红胡子,燕麦,谷类及制品,FOOD,DRIED,干,(空),1,高,B3 文案为空,没有任何制备/称重说明,按原料+档案状态补全标准文案
设计器草稿,（咖喱定制）创伤恢复+红胡子,红薯,薯类及制品,FOOD,RAW,生,(空),2,高,B3 文案为空 + A4 同原料口径不一致,没有任何制备/称重说明；该原料在不同食谱里既写过生重又写过熟重,按原料+档案状态补全标准文案；统一口径
设计器草稿,（咖喱定制）创伤恢复+红胡子,红薯,薯类及制品,FOOD,RAW,生,(空),2,高,B3 文案为空 + A4 同原料口径不一致,没有任何制备/称重说明；该原料在不同食谱里既写过生重又写过熟重,按原料+档案状态补全标准文案；统一口径
设计器草稿,（咖喱定制）创伤恢复+红胡子,胡萝卜,蔬菜类及制品,FOOD,RAW,生,(空),2,高,B3 文案为空 + A4 同原料口径不一致,没有任何制备/称重说明；该原料在不同食谱里既写过生重又写过熟重,按原料+档案状态补全标准文案；统一口径
设计器草稿,（咖喱定制）创伤恢复+红胡子,胡萝卜,蔬菜类及制品,FOOD,RAW,生,(空),2,高,B3 文案为空 + A4 同原料口径不一致,没有任何制备/称重说明；该原料在不同食谱里既写过生重又写过熟重,按原料+档案状态补全标准文案；统一口径
设计器草稿,（咖喱定制）创伤恢复+红胡子,西兰花,蔬菜类及制品,FOOD,RAW,生,(空),2,高,B3 文案为空 + A4 同原料口径不一致,没有任何制备/称重说明；该原料在不同食谱里既写过生重又写过熟重,按原料+档案状态补全标准文案；统一口径
设计器草稿,（咖喱定制）创伤恢复+红胡子,西兰花,蔬菜类及制品,FOOD,RAW,生,(空),2,高,B3 文案为空 + A4 同原料口径不一致,没有任何制备/称重说明；该原料在不同食谱里既写过生重又写过熟重,按原料+档案状态补全标准文案；统一口径
设计器草稿,（咖喱定制）创伤恢复+红胡子,白蘑菇,菌藻类,FOOD,RAW,生,(空),1,高,B3 文案为空,没有任何制备/称重说明,按原料+档案状态补全标准文案
设计器草稿,（咖喱定制）创伤恢复+红胡子,白蘑菇,菌藻类,FOOD,RAW,生,(空),1,高,B3 文案为空,没有任何制备/称重说明,按原料+档案状态补全标准文案
设计器草稿,16oz cod,鳕鱼颈背肉,水产类,FOOD,RAW,生,(空),1,高,B3 文案为空,没有任何制备/称重说明,按原料+档案状态补全标准文案
设计器草稿,16oz cod,小米,谷类及制品,FOOD,RAW,生,浸泡60分钟、煮熟后称重、充分搅拌,2,高,A2 生档案却写熟重 + A4 同原料口径不一致,营养数据是生食口径，却让按熟重称量；该原料在不同食谱里既写过生重又写过熟重,先定规则：改文案或改档案；统一口径
设计器草稿,16oz cod,红薯,薯类及制品,FOOD,RAW,生,去皮、煮熟后称重、打碎、充分搅拌,2,高,A2 生档案却写熟重 + A4 同原料口径不一致,营养数据是生食口径，却让按熟重称量；该原料在不同食谱里既写过生重又写过熟重,先定规则：改文案或改档案；统一口径
设计器草稿,16oz cod,四季豆,蔬菜类及制品,FOOD,RAW,生,煮熟后沥水称重、打碎后充分搅拌,2,高,B5 非标准词 + A2 生档案却写熟重,自由文本：煮熟后沥水称重 / 打碎后充分搅拌；营养数据是生食口径，却让按熟重称量,归入受控词表或补进字典；先定规则：改文案或改档案
设计器草稿,16oz cod,沙丁鱼,水产类,FOOD,RAW,生,(空),1,高,B3 文案为空,没有任何制备/称重说明,按原料+档案状态补全标准文案
设计器草稿,3天/12份 兔,紫薯,蔬菜类及制品,FOOD,RAW,生,(空),1,高,B3 文案为空,没有任何制备/称重说明,按原料+档案状态补全标准文案
设计器草稿,3天/12份 兔,黑米,谷类及制品,FOOD,cooked,熟/米饭,煮熟后打碎,3,高,D1 状态枚举不规范 + B5 非标准词 + A3 熟档案未写口径,营养档案状态写成「cooked」，小写/非标准值会让所有语义校验静默失效；自由文本：煮熟后打碎；没写按生重还是熟重称量,把状态枚举归一为 RAW/COOKED 等标准值；归入受控词表或补进字典；补「熟重」
设计器草稿,3天/12份 兔,藜麦,谷类及制品,FOOD,COOKED,熟,生重、打粉、充分搅拌,2,高,A1 熟档案却写生重 + A4 同原料口径不一致,营养数据是熟食口径，却让按生重称量；该原料在不同食谱里既写过生重又写过熟重,文案改「熟重」或「煮熟后称重」；统一口径
设计器草稿,3天/12份 兔,南瓜,蔬菜类及制品,FOOD,RAW,生,去皮、去瓤、煮熟后称重、打碎、充分搅拌,2,高,A2 生档案却写熟重 + A4 同原料口径不一致,营养数据是生食口径，却让按熟重称量；该原料在不同食谱里既写过生重又写过熟重,先定规则：改文案或改档案；统一口径
设计器草稿,3天/12份 兔,芦笋,蔬菜类及制品,FOOD,RAW,生,去皮、煮熟后称重、打碎、充分搅拌,1,高,A2 生档案却写熟重,营养数据是生食口径，却让按熟重称量,先定规则：改文案或改档案
设计器草稿,3天/12份 兔,山药,薯类及制品,FOOD,RAW,生,去皮、煮熟后称重、打碎、充分搅拌,2,高,A2 生档案却写熟重 + A4 同原料口径不一致,营养数据是生食口径，却让按熟重称量；该原料在不同食谱里既写过生重又写过熟重,先定规则：改文案或改档案；统一口径
设计器草稿,3天/12份 鸡,紫薯,蔬菜类及制品,FOOD,RAW,生,(空),1,高,B3 文案为空,没有任何制备/称重说明,按原料+档案状态补全标准文案
设计器草稿,3天/12份 鸡,山药,薯类及制品,FOOD,RAW,生,去皮、煮熟后称重、打碎、充分搅拌,2,高,A2 生档案却写熟重 + A4 同原料口径不一致,营养数据是生食口径，却让按熟重称量；该原料在不同食谱里既写过生重又写过熟重,先定规则：改文案或改档案；统一口径
设计器草稿,3天/12份 鸡,南瓜,蔬菜类及制品,FOOD,RAW,生,去皮、去瓤、煮熟后称重、打碎、充分搅拌,2,高,A2 生档案却写熟重 + A4 同原料口径不一致,营养数据是生食口径，却让按熟重称量；该原料在不同食谱里既写过生重又写过熟重,先定规则：改文案或改档案；统一口径
设计器草稿,3天/12份 鸡,芦笋,蔬菜类及制品,FOOD,RAW,生,去皮、煮熟后称重、打碎、充分搅拌,1,高,A2 生档案却写熟重,营养数据是生食口径，却让按熟重称量,先定规则：改文案或改档案
设计器草稿,3天/12份 鸡,鳕鱼颈背肉,水产类,FOOD,RAW,生,(空),1,高,B3 文案为空,没有任何制备/称重说明,按原料+档案状态补全标准文案
设计器草稿,525 的鲜食食谱 06/16,金针菇,菌藻类,FOOD,RAW,生,(空),1,高,B3 文案为空,没有任何制备/称重说明,按原料+档案状态补全标准文案
设计器草稿,5天/20份 鸡猪-lp,鸭胗,禽肉类及制品,FOOD,RAW,生,(空),1,高,B3 文案为空,没有任何制备/称重说明,按原料+档案状态补全标准文案
设计器草稿,5天/20份 鸡猪-lp,大米,谷类及制品,FOOD,RAW,生,煮熟后称重、打碎、充分搅拌,1,高,A2 生档案却写熟重,营养数据是生食口径，却让按熟重称量,先定规则：改文案或改档案
设计器草稿,5天/20份 鸡猪-lp,小米,谷类及制品,FOOD,RAW,生,煮熟后称重、充分搅拌,2,高,A2 生档案却写熟重 + A4 同原料口径不一致,营养数据是生食口径，却让按熟重称量；该原料在不同食谱里既写过生重又写过熟重,先定规则：改文案或改档案；统一口径
设计器草稿,5天/20份 鸡猪-lp,紫薯,蔬菜类及制品,FOOD,RAW,生,(空),1,高,B3 文案为空,没有任何制备/称重说明,按原料+档案状态补全标准文案
设计器草稿,5天/20份 鸡猪-lp,芦笋,蔬菜类及制品,FOOD,RAW,生,去皮、煮熟后称重、打碎、充分搅拌,1,高,A2 生档案却写熟重,营养数据是生食口径，却让按熟重称量,先定规则：改文案或改档案
设计器草稿,Dobby 的鲜食食谱 06/15,南瓜,蔬菜类及制品,FOOD,RAW,生,去瓤、去皮、煮熟后沥水、称重、打碎、充分搅拌,3,高,B5 非标准词 + A2 生档案却写熟重 + A4 同原料口径不一致,自由文本：煮熟后沥水 / 称重；营养数据是生食口径，却让按熟重称量；该原料在不同食谱里既写过生重又写过熟重,归入受控词表或补进字典；先定规则：改文案或改档案；统一口径
设计器草稿,Foxy的鸭胸食谱,胡萝卜,蔬菜类及制品,FOOD,COOKED,熟,去皮、生重、打碎、充分搅拌,2,高,A1 熟档案却写生重 + A4 同原料口径不一致,营养数据是熟食口径，却让按生重称量；该原料在不同食谱里既写过生重又写过熟重,文案改「熟重」或「煮熟后称重」；统一口径
设计器草稿,Foxy的鸭胸食谱,黑米,谷类及制品,FOOD,cooked,熟/米饭,煮熟后打碎,3,高,D1 状态枚举不规范 + B5 非标准词 + A3 熟档案未写口径,营养档案状态写成「cooked」，小写/非标准值会让所有语义校验静默失效；自由文本：煮熟后打碎；没写按生重还是熟重称量,把状态枚举归一为 RAW/COOKED 等标准值；归入受控词表或补进字典；补「熟重」
设计器草稿,Foxy的鸭胸食谱,白蘑菇,菌藻类,FOOD,COOKED,熟,生重、打碎、充分搅拌,1,高,A1 熟档案却写生重,营养数据是熟食口径，却让按生重称量,文案改「熟重」或「煮熟后称重」
设计器草稿,harley 的鲜食食谱 08/09,鸡胗,禽肉类及制品,FOOD,COOKED,熟,(空),2,高,B3 文案为空 + A3 熟档案未写口径,没有任何制备/称重说明；没写按生重还是熟重称量,按原料+档案状态补全标准文案；补「熟重」
设计器草稿,ID 的鲜食食谱 06/20,兔里脊,畜肉类及制品,FOOD,COOKED,熟,去油、生重、打碎、充分搅拌,1,高,A1 熟档案却写生重,营养数据是熟食口径，却让按生重称量,文案改「熟重」或「煮熟后称重」
设计器草稿,idol 的鲜食食谱 07/22,南瓜,蔬菜类及制品,FOOD,RAW,生,去瓤、去皮、煮熟后沥水、称重、打碎、充分搅拌,3,高,B5 非标准词 + A2 生档案却写熟重 + A4 同原料口径不一致,自由文本：煮熟后沥水 / 称重；营养数据是生食口径，却让按熟重称量；该原料在不同食谱里既写过生重又写过熟重,归入受控词表或补进字典；先定规则：改文案或改档案；统一口径
设计器草稿,idol 的鲜食食谱 07/22,红薯,薯类及制品,FOOD,RAW,生,去皮、煮熟后称重、打碎、充分搅拌,2,高,A2 生档案却写熟重 + A4 同原料口径不一致,营养数据是生食口径，却让按熟重称量；该原料在不同食谱里既写过生重又写过熟重,先定规则：改文案或改档案；统一口径
设计器草稿,idol 的鲜食食谱 07/22,胡萝卜,蔬菜类及制品,FOOD,RAW,生,煮熟后称重、打碎、充分搅拌,2,高,A2 生档案却写熟重 + A4 同原料口径不一致,营养数据是生食口径，却让按熟重称量；该原料在不同食谱里既写过生重又写过熟重,先定规则：改文案或改档案；统一口径
设计器草稿,idol 的鲜食食谱 07/22,鸭蛋,蛋类及制品,FOOD,RAW,生,(空),1,高,B3 文案为空,没有任何制备/称重说明,按原料+档案状态补全标准文案
设计器草稿,idol 的鲜食食谱 07/22,鸡胗,禽肉类及制品,FOOD,RAW,生,(空),1,高,B3 文案为空,没有任何制备/称重说明,按原料+档案状态补全标准文案
设计器草稿,ID的兔肉定制,鸭蛋,蛋类及制品,FOOD,RAW,生,(空),1,高,B3 文案为空,没有任何制备/称重说明,按原料+档案状态补全标准文案
设计器草稿,ID的兔肉定制,土豆,薯类及制品,FOOD,RAW,生,去皮、煮熟后称重、打碎、充分搅拌,1,高,A2 生档案却写熟重,营养数据是生食口径，却让按熟重称量,先定规则：改文案或改档案
设计器草稿,ID的兔肉定制,南瓜,蔬菜类及制品,FOOD,RAW,生,去瓤、去皮、煮熟后沥水、称重、打碎、充分搅拌,3,高,B5 非标准词 + A2 生档案却写熟重 + A4 同原料口径不一致,自由文本：煮熟后沥水 / 称重；营养数据是生食口径，却让按熟重称量；该原料在不同食谱里既写过生重又写过熟重,归入受控词表或补进字典；先定规则：改文案或改档案；统一口径
设计器草稿,ID的兔肉定制,南瓜,蔬菜类及制品,FOOD,RAW,生,去瓤、去皮、煮熟后沥水、称重、打碎、充分搅拌,3,高,B5 非标准词 + A2 生档案却写熟重 + A4 同原料口径不一致,自由文本：煮熟后沥水 / 称重；营养数据是生食口径，却让按熟重称量；该原料在不同食谱里既写过生重又写过熟重,归入受控词表或补进字典；先定规则：改文案或改档案；统一口径
设计器草稿,ID的兔肉定制,南瓜,蔬菜类及制品,FOOD,RAW,生,去瓤、去皮、煮熟后沥水、称重、打碎、充分搅拌,3,高,B5 非标准词 + A2 生档案却写熟重 + A4 同原料口径不一致,自由文本：煮熟后沥水 / 称重；营养数据是生食口径，却让按熟重称量；该原料在不同食谱里既写过生重又写过熟重,归入受控词表或补进字典；先定规则：改文案或改档案；统一口径
设计器草稿,Lucky 定制食谱,猪里脊,畜肉类及制品,FOOD,RAW,生,(空),1,高,B3 文案为空,没有任何制备/称重说明,按原料+档案状态补全标准文案
设计器草稿,Lucky 定制食谱,猪里脊,畜肉类及制品,FOOD,RAW,生,(空),1,高,B3 文案为空,没有任何制备/称重说明,按原料+档案状态补全标准文案
设计器草稿,Lucky 定制食谱,猪里脊,畜肉类及制品,FOOD,RAW,生,(空),1,高,B3 文案为空,没有任何制备/称重说明,按原料+档案状态补全标准文案
设计器草稿,Lucky 定制食谱,猪里脊,畜肉类及制品,FOOD,RAW,生,(空),1,高,B3 文案为空,没有任何制备/称重说明,按原料+档案状态补全标准文案
设计器草稿,Lucky 定制食谱,猪肝,畜肉类及制品,FOOD,RAW,生,(空),1,高,B3 文案为空,没有任何制备/称重说明,按原料+档案状态补全标准文案
设计器草稿,Lucky 定制食谱,猪肝,畜肉类及制品,FOOD,RAW,生,(空),1,高,B3 文案为空,没有任何制备/称重说明,按原料+档案状态补全标准文案
设计器草稿,Lucky 定制食谱,猪肝,畜肉类及制品,FOOD,RAW,生,(空),1,高,B3 文案为空,没有任何制备/称重说明,按原料+档案状态补全标准文案
设计器草稿,Lucky 定制食谱,猪肝,畜肉类及制品,FOOD,RAW,生,(空),1,高,B3 文案为空,没有任何制备/称重说明,按原料+档案状态补全标准文案
设计器草稿,Lucky 定制食谱,青花鱼,水产类,FOOD,RAW,生,(空),1,高,B3 文案为空,没有任何制备/称重说明,按原料+档案状态补全标准文案
设计器草稿,Lucky 定制食谱,青花鱼,水产类,FOOD,RAW,生,(空),1,高,B3 文案为空,没有任何制备/称重说明,按原料+档案状态补全标准文案
设计器草稿,Lucky 定制食谱,青花鱼,水产类,FOOD,RAW,生,(空),1,高,B3 文案为空,没有任何制备/称重说明,按原料+档案状态补全标准文案
设计器草稿,Lucky 定制食谱,青花鱼,水产类,FOOD,RAW,生,(空),1,高,B3 文案为空,没有任何制备/称重说明,按原料+档案状态补全标准文案
设计器草稿,Lucky 定制食谱,生蚝,水产类,FOOD,RAW,生,(空),1,高,B3 文案为空,没有任何制备/称重说明,按原料+档案状态补全标准文案
设计器草稿,Lucky 定制食谱,生蚝,水产类,FOOD,RAW,生,(空),1,高,B3 文案为空,没有任何制备/称重说明,按原料+档案状态补全标准文案
设计器草稿,Lucky 定制食谱,生蚝,水产类,FOOD,RAW,生,(空),1,高,B3 文案为空,没有任何制备/称重说明,按原料+档案状态补全标准文案
设计器草稿,Lucky 定制食谱,生蚝,水产类,FOOD,RAW,生,(空),1,高,B3 文案为空,没有任何制备/称重说明,按原料+档案状态补全标准文案
设计器草稿,Lucky 定制食谱,小米,谷类及制品,FOOD,RAW,生,(空),2,高,B3 文案为空 + A4 同原料口径不一致,没有任何制备/称重说明；该原料在不同食谱里既写过生重又写过熟重,按原料+档案状态补全标准文案；统一口径
设计器草稿,Lucky 定制食谱,小米,谷类及制品,FOOD,RAW,生,(空),2,高,B3 文案为空 + A4 同原料口径不一致,没有任何制备/称重说明；该原料在不同食谱里既写过生重又写过熟重,按原料+档案状态补全标准文案；统一口径
设计器草稿,Lucky 定制食谱,小米,谷类及制品,FOOD,RAW,生,(空),2,高,B3 文案为空 + A4 同原料口径不一致,没有任何制备/称重说明；该原料在不同食谱里既写过生重又写过熟重,按原料+档案状态补全标准文案；统一口径
设计器草稿,Lucky 定制食谱,小米,谷类及制品,FOOD,RAW,生,(空),2,高,B3 文案为空 + A4 同原料口径不一致,没有任何制备/称重说明；该原料在不同食谱里既写过生重又写过熟重,按原料+档案状态补全标准文案；统一口径
设计器草稿,Lucky 定制食谱,山药,薯类及制品,FOOD,RAW,生,(空),2,高,B3 文案为空 + A4 同原料口径不一致,没有任何制备/称重说明；该原料在不同食谱里既写过生重又写过熟重,按原料+档案状态补全标准文案；统一口径
设计器草稿,Lucky 定制食谱,山药,薯类及制品,FOOD,RAW,生,(空),2,高,B3 文案为空 + A4 同原料口径不一致,没有任何制备/称重说明；该原料在不同食谱里既写过生重又写过熟重,按原料+档案状态补全标准文案；统一口径
设计器草稿,Lucky 定制食谱,山药,薯类及制品,FOOD,RAW,生,(空),2,高,B3 文案为空 + A4 同原料口径不一致,没有任何制备/称重说明；该原料在不同食谱里既写过生重又写过熟重,按原料+档案状态补全标准文案；统一口径
设计器草稿,Lucky 定制食谱,山药,薯类及制品,FOOD,RAW,生,(空),2,高,B3 文案为空 + A4 同原料口径不一致,没有任何制备/称重说明；该原料在不同食谱里既写过生重又写过熟重,按原料+档案状态补全标准文案；统一口径
设计器草稿,Lucky 定制食谱,生菜,蔬菜类及制品,FOOD,RAW,生,(空),1,高,B3 文案为空,没有任何制备/称重说明,按原料+档案状态补全标准文案
设计器草稿,Lucky 定制食谱,生菜,蔬菜类及制品,FOOD,RAW,生,(空),1,高,B3 文案为空,没有任何制备/称重说明,按原料+档案状态补全标准文案
设计器草稿,Lucky 定制食谱,生菜,蔬菜类及制品,FOOD,RAW,生,(空),1,高,B3 文案为空,没有任何制备/称重说明,按原料+档案状态补全标准文案
设计器草稿,Lucky 定制食谱,生菜,蔬菜类及制品,FOOD,RAW,生,(空),1,高,B3 文案为空,没有任何制备/称重说明,按原料+档案状态补全标准文案
设计器草稿,Lucky 定制食谱,西兰花,蔬菜类及制品,FOOD,RAW,生,(空),2,高,B3 文案为空 + A4 同原料口径不一致,没有任何制备/称重说明；该原料在不同食谱里既写过生重又写过熟重,按原料+档案状态补全标准文案；统一口径
设计器草稿,Lucky 定制食谱,西兰花,蔬菜类及制品,FOOD,RAW,生,(空),2,高,B3 文案为空 + A4 同原料口径不一致,没有任何制备/称重说明；该原料在不同食谱里既写过生重又写过熟重,按原料+档案状态补全标准文案；统一口径
设计器草稿,Lucky 定制食谱,西兰花,蔬菜类及制品,FOOD,RAW,生,(空),2,高,B3 文案为空 + A4 同原料口径不一致,没有任何制备/称重说明；该原料在不同食谱里既写过生重又写过熟重,按原料+档案状态补全标准文案；统一口径
设计器草稿,Lucky 定制食谱,西兰花,蔬菜类及制品,FOOD,RAW,生,(空),2,高,B3 文案为空 + A4 同原料口径不一致,没有任何制备/称重说明；该原料在不同食谱里既写过生重又写过熟重,按原料+档案状态补全标准文案；统一口径
设计器草稿,Lucky 的易消化简餐,南瓜,蔬菜类及制品,FOOD,RAW,生,去皮、去瓤、煮熟后称重、打碎、充分搅拌,2,高,A2 生档案却写熟重 + A4 同原料口径不一致,营养数据是生食口径，却让按熟重称量；该原料在不同食谱里既写过生重又写过熟重,先定规则：改文案或改档案；统一口径
设计器草稿,Lucky 的易消化简餐,南瓜,蔬菜类及制品,FOOD,RAW,生,去皮、去瓤、煮熟后称重、打碎、充分搅拌,2,高,A2 生档案却写熟重 + A4 同原料口径不一致,营养数据是生食口径，却让按熟重称量；该原料在不同食谱里既写过生重又写过熟重,先定规则：改文案或改档案；统一口径
设计器草稿,Lucky 的易消化简餐,大米,谷类及制品,FOOD,RAW,生,煮熟后称重、打碎、充分搅拌,1,高,A2 生档案却写熟重,营养数据是生食口径，却让按熟重称量,先定规则：改文案或改档案
设计器草稿,Lucky 的易消化简餐,大米,谷类及制品,FOOD,RAW,生,煮熟后称重、打碎、充分搅拌,1,高,A2 生档案却写熟重,营养数据是生食口径，却让按熟重称量,先定规则：改文案或改档案
设计器草稿,Lucky的最新兔肉食谱,红薯,薯类及制品,FOOD,RAW,生,去皮、煮熟后称重、打碎、充分搅拌,2,高,A2 生档案却写熟重 + A4 同原料口径不一致,营养数据是生食口径，却让按熟重称量；该原料在不同食谱里既写过生重又写过熟重,先定规则：改文案或改档案；统一口径
设计器草稿,Lucky的最新兔肉食谱,红薯,薯类及制品,FOOD,RAW,生,去皮、煮熟后称重、打碎、充分搅拌,2,高,A2 生档案却写熟重 + A4 同原料口径不一致,营养数据是生食口径，却让按熟重称量；该原料在不同食谱里既写过生重又写过熟重,先定规则：改文案或改档案；统一口径
设计器草稿,Lucky的最新兔肉食谱,红薯,薯类及制品,FOOD,RAW,生,去皮、煮熟后称重、打碎、充分搅拌,2,高,A2 生档案却写熟重 + A4 同原料口径不一致,营养数据是生食口径，却让按熟重称量；该原料在不同食谱里既写过生重又写过熟重,先定规则：改文案或改档案；统一口径
设计器草稿,Lucky的最新兔肉食谱,红薯,薯类及制品,FOOD,RAW,生,去皮、煮熟后称重、打碎、充分搅拌,2,高,A2 生档案却写熟重 + A4 同原料口径不一致,营养数据是生食口径，却让按熟重称量；该原料在不同食谱里既写过生重又写过熟重,先定规则：改文案或改档案；统一口径
设计器草稿,Lucky的最新兔肉食谱,红薯,薯类及制品,FOOD,RAW,生,去皮、煮熟后称重、打碎、充分搅拌,2,高,A2 生档案却写熟重 + A4 同原料口径不一致,营养数据是生食口径，却让按熟重称量；该原料在不同食谱里既写过生重又写过熟重,先定规则：改文案或改档案；统一口径
设计器草稿,Mallow 的鲜食食谱 07/02,大米,谷类及制品,FOOD,RAW,生,煮熟后称重、打碎、充分搅拌,1,高,A2 生档案却写熟重,营养数据是生食口径，却让按熟重称量,先定规则：改文案或改档案
设计器草稿,Mallow 的鲜食食谱 07/02,山药,薯类及制品,FOOD,RAW,生,去皮、煮熟后称重、打碎、充分搅拌,2,高,A2 生档案却写熟重 + A4 同原料口径不一致,营养数据是生食口径，却让按熟重称量；该原料在不同食谱里既写过生重又写过熟重,先定规则：改文案或改档案；统一口径
设计器草稿,Mallow 的鲜食食谱 07/02,南瓜,蔬菜类及制品,FOOD,RAW,生,去皮、去瓤、煮熟后称重、充分搅拌,2,高,A2 生档案却写熟重 + A4 同原料口径不一致,营养数据是生食口径，却让按熟重称量；该原料在不同食谱里既写过生重又写过熟重,先定规则：改文案或改档案；统一口径
设计器草稿,TT 的鲜食食谱 06/28,大豆,谷类及制品,FOOD,RAW,生,(空),1,高,B3 文案为空,没有任何制备/称重说明,按原料+档案状态补全标准文案
设计器草稿,TT 的鲜食食谱 07/05,鸡肝,禽肉类及制品,FOOD,COOKED,熟,去油、生重、打碎、充分搅拌,1,高,A1 熟档案却写生重,营养数据是熟食口径，却让按生重称量,文案改「熟重」或「煮熟后称重」
设计器草稿,乖乖 的鲜食食谱 08/25,胡萝卜,蔬菜类及制品,FOOD,RAW,生,煮熟后称重、打碎、充分搅拌,2,高,A2 生档案却写熟重 + A4 同原料口径不一致,营养数据是生食口径，却让按熟重称量；该原料在不同食谱里既写过生重又写过熟重,先定规则：改文案或改档案；统一口径
设计器草稿,乖乖 的鲜食食谱 08/25,南瓜,蔬菜类及制品,FOOD,RAW,生,去皮、去瓤、煮熟后称重、打碎、充分搅拌,2,高,A2 生档案却写熟重 + A4 同原料口径不一致,营养数据是生食口径，却让按熟重称量；该原料在不同食谱里既写过生重又写过熟重,先定规则：改文案或改档案；统一口径
设计器草稿,兔300-lp DV,鸭胗,禽肉类及制品,FOOD,RAW,生,(空),1,高,B3 文案为空,没有任何制备/称重说明,按原料+档案状态补全标准文案
设计器草稿,兔300-lp DV,糙米,谷类及制品,FOOD,RAW,生,流水冲洗、浸泡60分钟、煮熟后称重、打碎、充分搅拌,2,高,A2 生档案却写熟重 + A4 同原料口径不一致,营养数据是生食口径，却让按熟重称量；该原料在不同食谱里既写过生重又写过熟重,先定规则：改文案或改档案；统一口径
设计器草稿,兔300-lp DV,紫薯,蔬菜类及制品,FOOD,RAW,生,(空),1,高,B3 文案为空,没有任何制备/称重说明,按原料+档案状态补全标准文案
设计器草稿,兔300-lp DV,山药,薯类及制品,FOOD,RAW,生,去皮、煮熟后称重、打碎、充分搅拌,2,高,A2 生档案却写熟重 + A4 同原料口径不一致,营养数据是生食口径，却让按熟重称量；该原料在不同食谱里既写过生重又写过熟重,先定规则：改文案或改档案；统一口径
设计器草稿,兔300-lp DV,芦笋,蔬菜类及制品,FOOD,RAW,生,去皮、煮熟后称重、打碎、充分搅拌,1,高,A2 生档案却写熟重,营养数据是生食口径，却让按熟重称量,先定规则：改文案或改档案
设计器草稿,兔肉食谱,四季豆,蔬菜类及制品,FOOD,RAW,生,煮熟后沥水称重、打碎后充分搅拌,2,高,B5 非标准词 + A2 生档案却写熟重,自由文本：煮熟后沥水称重 / 打碎后充分搅拌；营养数据是生食口径，却让按熟重称量,归入受控词表或补进字典；先定规则：改文案或改档案
设计器草稿,兔肉食谱,胡萝卜,蔬菜类及制品,FOOD,RAW,生,煮熟后称重、打碎、充分搅拌,2,高,A2 生档案却写熟重 + A4 同原料口径不一致,营养数据是生食口径，却让按熟重称量；该原料在不同食谱里既写过生重又写过熟重,先定规则：改文案或改档案；统一口径
设计器草稿,兔里脊大米土豆,大米,谷类及制品,FOOD,RAW,生,煮熟后称重、打碎、充分搅拌,1,高,A2 生档案却写熟重,营养数据是生食口径，却让按熟重称量,先定规则：改文案或改档案
设计器草稿,兔里脊大米土豆,大米,谷类及制品,FOOD,RAW,生,煮熟后称重、打碎、充分搅拌,1,高,A2 生档案却写熟重,营养数据是生食口径，却让按熟重称量,先定规则：改文案或改档案
设计器草稿,兔里脊大米土豆,大米,谷类及制品,FOOD,RAW,生,煮熟后称重、打碎、充分搅拌,1,高,A2 生档案却写熟重,营养数据是生食口径，却让按熟重称量,先定规则：改文案或改档案
设计器草稿,兔里脊大米土豆,大米,谷类及制品,FOOD,RAW,生,煮熟后称重、打碎、充分搅拌,1,高,A2 生档案却写熟重,营养数据是生食口径，却让按熟重称量,先定规则：改文案或改档案
设计器草稿,兔里脊大米土豆,大米,谷类及制品,FOOD,RAW,生,煮熟后称重、打碎、充分搅拌,1,高,A2 生档案却写熟重,营养数据是生食口径，却让按熟重称量,先定规则：改文案或改档案
设计器草稿,兔里脊大米土豆,大米,谷类及制品,FOOD,RAW,生,煮熟后称重、打碎、充分搅拌,1,高,A2 生档案却写熟重,营养数据是生食口径，却让按熟重称量,先定规则：改文案或改档案
设计器草稿,兔里脊大米土豆,土豆,薯类及制品,FOOD,RAW,生,去皮、煮熟后称重、打碎、充分搅拌,1,高,A2 生档案却写熟重,营养数据是生食口径，却让按熟重称量,先定规则：改文案或改档案
设计器草稿,兔里脊大米土豆,土豆,薯类及制品,FOOD,RAW,生,去皮、煮熟后称重、打碎、充分搅拌,1,高,A2 生档案却写熟重,营养数据是生食口径，却让按熟重称量,先定规则：改文案或改档案
设计器草稿,兔里脊大米土豆,土豆,薯类及制品,FOOD,RAW,生,去皮、煮熟后称重、打碎、充分搅拌,1,高,A2 生档案却写熟重,营养数据是生食口径，却让按熟重称量,先定规则：改文案或改档案
设计器草稿,兔里脊大米土豆,土豆,薯类及制品,FOOD,RAW,生,去皮、煮熟后称重、打碎、充分搅拌,1,高,A2 生档案却写熟重,营养数据是生食口径，却让按熟重称量,先定规则：改文案或改档案
设计器草稿,兔里脊大米土豆,土豆,薯类及制品,FOOD,RAW,生,去皮、煮熟后称重、打碎、充分搅拌,1,高,A2 生档案却写熟重,营养数据是生食口径，却让按熟重称量,先定规则：改文案或改档案
设计器草稿,兔里脊大米土豆,土豆,薯类及制品,FOOD,RAW,生,去皮、煮熟后称重、打碎、充分搅拌,1,高,A2 生档案却写熟重,营养数据是生食口径，却让按熟重称量,先定规则：改文案或改档案
设计器草稿,兔里脊大米土豆,南瓜,蔬菜类及制品,FOOD,RAW,生,去皮、去瓤、煮熟后称重、打碎、充分搅拌,2,高,A2 生档案却写熟重 + A4 同原料口径不一致,营养数据是生食口径，却让按熟重称量；该原料在不同食谱里既写过生重又写过熟重,先定规则：改文案或改档案；统一口径
设计器草稿,兔里脊大米土豆,南瓜,蔬菜类及制品,FOOD,RAW,生,去皮、去瓤、煮熟后称重、打碎、充分搅拌,2,高,A2 生档案却写熟重 + A4 同原料口径不一致,营养数据是生食口径，却让按熟重称量；该原料在不同食谱里既写过生重又写过熟重,先定规则：改文案或改档案；统一口径
设计器草稿,兔里脊大米土豆,南瓜,蔬菜类及制品,FOOD,RAW,生,去皮、去瓤、煮熟后称重、打碎、充分搅拌,2,高,A2 生档案却写熟重 + A4 同原料口径不一致,营养数据是生食口径，却让按熟重称量；该原料在不同食谱里既写过生重又写过熟重,先定规则：改文案或改档案；统一口径
设计器草稿,兔里脊大米土豆,南瓜,蔬菜类及制品,FOOD,RAW,生,去皮、去瓤、煮熟后称重、打碎、充分搅拌,2,高,A2 生档案却写熟重 + A4 同原料口径不一致,营养数据是生食口径，却让按熟重称量；该原料在不同食谱里既写过生重又写过熟重,先定规则：改文案或改档案；统一口径
设计器草稿,兔里脊大米土豆,南瓜,蔬菜类及制品,FOOD,RAW,生,去皮、去瓤、煮熟后称重、打碎、充分搅拌,2,高,A2 生档案却写熟重 + A4 同原料口径不一致,营养数据是生食口径，却让按熟重称量；该原料在不同食谱里既写过生重又写过熟重,先定规则：改文案或改档案；统一口径
设计器草稿,兔里脊大米土豆,南瓜,蔬菜类及制品,FOOD,RAW,生,去皮、去瓤、煮熟后称重、打碎、充分搅拌,2,高,A2 生档案却写熟重 + A4 同原料口径不一致,营养数据是生食口径，却让按熟重称量；该原料在不同食谱里既写过生重又写过熟重,先定规则：改文案或改档案；统一口径
设计器草稿,六六 的鲜食食谱 08/25,南美对虾虾仁,水产类,FOOD,raw,生,生重、打碎、充分搅拌,1,高,D1 状态枚举不规范,营养档案状态写成「raw」，小写/非标准值会让所有语义校验静默失效,把状态枚举归一为 RAW/COOKED 等标准值
设计器草稿,六六 的鲜食食谱 08/25,糙米,谷类及制品,FOOD,RAW,生,煮熟后称重、充分搅拌,2,高,A2 生档案却写熟重 + A4 同原料口径不一致,营养数据是生食口径，却让按熟重称量；该原料在不同食谱里既写过生重又写过熟重,先定规则：改文案或改档案；统一口径
设计器草稿,六六 的鲜食食谱 08/25,红薯,薯类及制品,FOOD,RAW,生,去皮、煮熟后称重、打碎、充分搅拌,2,高,A2 生档案却写熟重 + A4 同原料口径不一致,营养数据是生食口径，却让按熟重称量；该原料在不同食谱里既写过生重又写过熟重,先定规则：改文案或改档案；统一口径
设计器草稿,六六 的鲜食食谱 08/25,南瓜,蔬菜类及制品,FOOD,RAW,生,去皮、去瓤、煮熟后称重、打碎、充分搅拌,2,高,A2 生档案却写熟重 + A4 同原料口径不一致,营养数据是生食口径，却让按熟重称量；该原料在不同食谱里既写过生重又写过熟重,先定规则：改文案或改档案；统一口径
设计器草稿,六六 的鲜食食谱 08/25,芦笋,蔬菜类及制品,FOOD,RAW,生,去皮、煮熟后称重、打碎、充分搅拌,1,高,A2 生档案却写熟重,营养数据是生食口径，却让按熟重称量,先定规则：改文案或改档案
设计器草稿,六六 的鲜食食谱 08/25,红薯,薯类及制品,FOOD,RAW,生,去皮、煮熟后称重、打碎、充分搅拌,2,高,A2 生档案却写熟重 + A4 同原料口径不一致,营养数据是生食口径，却让按熟重称量；该原料在不同食谱里既写过生重又写过熟重,先定规则：改文案或改档案；统一口径
设计器草稿,六六 的鲜食食谱 08/25,黄瓜,蔬菜类及制品,FOOD,RAW,生,(空),1,高,B3 文案为空,没有任何制备/称重说明,按原料+档案状态补全标准文案
设计器草稿,六六 的鲜食食谱 08/25,胡萝卜,蔬菜类及制品,FOOD,RAW,生,煮熟后称重、打碎、充分搅拌,2,高,A2 生档案却写熟重 + A4 同原料口径不一致,营养数据是生食口径，却让按熟重称量；该原料在不同食谱里既写过生重又写过熟重,先定规则：改文案或改档案；统一口径
设计器草稿,六六 的鲜食食谱 08/25,西葫芦,蔬菜类及制品,FOOD,RAW,生,煮熟后称重、打碎、充分搅拌,1,高,A2 生档案却写熟重,营养数据是生食口径，却让按熟重称量,先定规则：改文案或改档案
设计器草稿,六六 的鲜食食谱 08/25,胡萝卜,蔬菜类及制品,FOOD,RAW,生,煮熟后称重、打碎、充分搅拌,2,高,A2 生档案却写熟重 + A4 同原料口径不一致,营养数据是生食口径，却让按熟重称量；该原料在不同食谱里既写过生重又写过熟重,先定规则：改文案或改档案；统一口径
设计器草稿,六六 的鲜食食谱 08/25,黑木耳,菌藻类,FOOD,SOAKED,水发,(空),1,高,B3 文案为空,没有任何制备/称重说明,按原料+档案状态补全标准文案
设计器草稿,创伤恢复+红胡子(牛肉版),鸡蛋,蛋类及制品,FOOD,RAW,生,(空),1,高,B3 文案为空,没有任何制备/称重说明,按原料+档案状态补全标准文案
设计器草稿,创伤恢复+红胡子(牛肉版),三文鱼,水产类,FOOD,RAW,生,(空),1,高,B3 文案为空,没有任何制备/称重说明,按原料+档案状态补全标准文案
设计器草稿,创伤恢复+红胡子(牛肉版),牛肝,畜肉类及制品,FOOD,RAW,生,(空),1,高,B3 文案为空,没有任何制备/称重说明,按原料+档案状态补全标准文案
设计器草稿,创伤恢复+红胡子(牛肉版),燕麦,谷类及制品,FOOD,DRIED,干,(空),1,高,B3 文案为空,没有任何制备/称重说明,按原料+档案状态补全标准文案
设计器草稿,创伤恢复+红胡子(牛肉版),红薯,薯类及制品,FOOD,RAW,生,(空),2,高,B3 文案为空 + A4 同原料口径不一致,没有任何制备/称重说明；该原料在不同食谱里既写过生重又写过熟重,按原料+档案状态补全标准文案；统一口径
设计器草稿,创伤恢复+红胡子(牛肉版),胡萝卜,蔬菜类及制品,FOOD,RAW,生,(空),2,高,B3 文案为空 + A4 同原料口径不一致,没有任何制备/称重说明；该原料在不同食谱里既写过生重又写过熟重,按原料+档案状态补全标准文案；统一口径
设计器草稿,创伤恢复+红胡子(牛肉版),西兰花,蔬菜类及制品,FOOD,RAW,生,(空),2,高,B3 文案为空 + A4 同原料口径不一致,没有任何制备/称重说明；该原料在不同食谱里既写过生重又写过熟重,按原料+档案状态补全标准文案；统一口径
设计器草稿,创伤恢复+红胡子(牛肉版),白蘑菇,菌藻类,FOOD,RAW,生,(空),1,高,B3 文案为空,没有任何制备/称重说明,按原料+档案状态补全标准文案
设计器草稿,初一 的鲜食食谱 07/24,鸡胸,禽肉类及制品,FOOD,COOKED,熟,去皮、去骨、生重、打碎、充分搅拌,1,高,A1 熟档案却写生重,营养数据是熟食口径，却让按生重称量,文案改「熟重」或「煮熟后称重」
设计器草稿,初一 的鲜食食谱 07/24,三文鱼,水产类,FOOD,COOKED,熟,去骨、去皮、生重、打碎、充分搅拌,1,高,A1 熟档案却写生重,营养数据是熟食口径，却让按生重称量,文案改「熟重」或「煮熟后称重」
设计器草稿,初一 的鲜食食谱 07/24,猪肝,畜肉类及制品,FOOD,COOKED,熟,去油、生重、焯水、打碎、充分搅拌,1,高,A1 熟档案却写生重,营养数据是熟食口径，却让按生重称量,文案改「熟重」或「煮熟后称重」
设计器草稿,初一 的鲜食食谱 07/24,紫薯,蔬菜类及制品,FOOD,COOKED,熟,(空),2,高,B3 文案为空 + A3 熟档案未写口径,没有任何制备/称重说明；没写按生重还是熟重称量,按原料+档案状态补全标准文案；补「熟重」
设计器草稿,初一 的鲜食食谱 07/24,大豆,谷类及制品,FOOD,COOKED,熟,(空),2,高,B3 文案为空 + A3 熟档案未写口径,没有任何制备/称重说明；没写按生重还是熟重称量,按原料+档案状态补全标准文案；补「熟重」
设计器草稿,初一 的鲜食食谱 07/24,羽衣甘蓝,蔬菜类及制品,FOOD,COOKED,熟,生重、打碎、充分搅拌,1,高,A1 熟档案却写生重,营养数据是熟食口径，却让按生重称量,文案改「熟重」或「煮熟后称重」
设计器草稿,十六 的鲜食食谱 08/10,南瓜,蔬菜类及制品,FOOD,RAW,生,去皮、去瓤、煮熟后称重、打碎、充分搅拌,2,高,A2 生档案却写熟重 + A4 同原料口径不一致,营养数据是生食口径，却让按熟重称量；该原料在不同食谱里既写过生重又写过熟重,先定规则：改文案或改档案；统一口径
设计器草稿,十六 的鲜食食谱 08/10,胡萝卜,蔬菜类及制品,FOOD,RAW,生,煮熟后称重、打碎、充分搅拌,2,高,A2 生档案却写熟重 + A4 同原料口径不一致,营养数据是生食口径，却让按熟重称量；该原料在不同食谱里既写过生重又写过熟重,先定规则：改文案或改档案；统一口径
设计器草稿,十六 的鲜食食谱 08/10,紫甘蓝,蔬菜类及制品,FOOD,RAW,生,煮熟后沥水、打碎、充分搅拌,3,高,B5 非标准词 + A2 生档案却写熟重 + A4 同原料口径不一致,自由文本：煮熟后沥水；营养数据是生食口径，却让按熟重称量；该原料在不同食谱里既写过生重又写过熟重,归入受控词表或补进字典；先定规则：改文案或改档案；统一口径
设计器草稿,十字花科全谷物三文鱼鸡肉,鸡心,禽肉类及制品,FOOD,COOKED,熟,去油、生重、打碎、充分搅拌,1,高,A1 熟档案却写生重,营养数据是熟食口径，却让按生重称量,文案改「熟重」或「煮熟后称重」
设计器草稿,十字花科全谷物三文鱼鸡肉,鸡心,禽肉类及制品,FOOD,COOKED,熟,去油、生重、打碎、充分搅拌,1,高,A1 熟档案却写生重,营养数据是熟食口径，却让按生重称量,文案改「熟重」或「煮熟后称重」
设计器草稿,十字花科全谷物三文鱼鸡肉,鸡心,禽肉类及制品,FOOD,COOKED,熟,去油、生重、打碎、充分搅拌,1,高,A1 熟档案却写生重,营养数据是熟食口径，却让按生重称量,文案改「熟重」或「煮熟后称重」
设计器草稿,十字花科全谷物三文鱼鸡肉,鸡心,禽肉类及制品,FOOD,COOKED,熟,去油、生重、打碎、充分搅拌,1,高,A1 熟档案却写生重,营养数据是熟食口径，却让按生重称量,文案改「熟重」或「煮熟后称重」
设计器草稿,十字花科全谷物三文鱼鸡肉,鸡心,禽肉类及制品,FOOD,COOKED,熟,去油、生重、打碎、充分搅拌,1,高,A1 熟档案却写生重,营养数据是熟食口径，却让按生重称量,文案改「熟重」或「煮熟后称重」
设计器草稿,十字花科全谷物三文鱼鸡肉,鸡心,禽肉类及制品,FOOD,COOKED,熟,去油、生重、打碎、充分搅拌,1,高,A1 熟档案却写生重,营养数据是熟食口径，却让按生重称量,文案改「熟重」或「煮熟后称重」
设计器草稿,十字花科全谷物三文鱼鸡肉,鸡心,禽肉类及制品,FOOD,COOKED,熟,去油、生重、打碎、充分搅拌,1,高,A1 熟档案却写生重,营养数据是熟食口径，却让按生重称量,文案改「熟重」或「煮熟后称重」
设计器草稿,十字花科全谷物三文鱼鸡肉,鸡心,禽肉类及制品,FOOD,COOKED,熟,去油、生重、打碎、充分搅拌,1,高,A1 熟档案却写生重,营养数据是熟食口径，却让按生重称量,文案改「熟重」或「煮熟后称重」
设计器草稿,十字花科全谷物三文鱼鸡肉,鸡心,禽肉类及制品,FOOD,COOKED,熟,去油、生重、打碎、充分搅拌,1,高,A1 熟档案却写生重,营养数据是熟食口径，却让按生重称量,文案改「熟重」或「煮熟后称重」
设计器草稿,十字花科全谷物三文鱼鸡肉,鸡心,禽肉类及制品,FOOD,COOKED,熟,去油、生重、打碎、充分搅拌,1,高,A1 熟档案却写生重,营养数据是熟食口径，却让按生重称量,文案改「熟重」或「煮熟后称重」
设计器草稿,十字花科全谷物三文鱼鸡肉,鸡心,禽肉类及制品,FOOD,COOKED,熟,去油、生重、打碎、充分搅拌,1,高,A1 熟档案却写生重,营养数据是熟食口径，却让按生重称量,文案改「熟重」或「煮熟后称重」
设计器草稿,十字花科全谷物三文鱼鸡肉,红薯,薯类及制品,FOOD,COOKED,熟,去皮、生重、打碎、充分搅拌,2,高,A1 熟档案却写生重 + A4 同原料口径不一致,营养数据是熟食口径，却让按生重称量；该原料在不同食谱里既写过生重又写过熟重,文案改「熟重」或「煮熟后称重」；统一口径
设计器草稿,十字花科全谷物三文鱼鸡肉,红薯,薯类及制品,FOOD,COOKED,熟,去皮、生重、打碎、充分搅拌,2,高,A1 熟档案却写生重 + A4 同原料口径不一致,营养数据是熟食口径，却让按生重称量；该原料在不同食谱里既写过生重又写过熟重,文案改「熟重」或「煮熟后称重」；统一口径
设计器草稿,十字花科全谷物三文鱼鸡肉,红薯,薯类及制品,FOOD,COOKED,熟,去皮、生重、打碎、充分搅拌,2,高,A1 熟档案却写生重 + A4 同原料口径不一致,营养数据是熟食口径，却让按生重称量；该原料在不同食谱里既写过生重又写过熟重,文案改「熟重」或「煮熟后称重」；统一口径
设计器草稿,十字花科全谷物三文鱼鸡肉,红薯,薯类及制品,FOOD,COOKED,熟,去皮、生重、打碎、充分搅拌,2,高,A1 熟档案却写生重 + A4 同原料口径不一致,营养数据是熟食口径，却让按生重称量；该原料在不同食谱里既写过生重又写过熟重,文案改「熟重」或「煮熟后称重」；统一口径
设计器草稿,十字花科全谷物三文鱼鸡肉,红薯,薯类及制品,FOOD,COOKED,熟,去皮、生重、打碎、充分搅拌,2,高,A1 熟档案却写生重 + A4 同原料口径不一致,营养数据是熟食口径，却让按生重称量；该原料在不同食谱里既写过生重又写过熟重,文案改「熟重」或「煮熟后称重」；统一口径
设计器草稿,十字花科全谷物三文鱼鸡肉,红薯,薯类及制品,FOOD,COOKED,熟,去皮、生重、打碎、充分搅拌,2,高,A1 熟档案却写生重 + A4 同原料口径不一致,营养数据是熟食口径，却让按生重称量；该原料在不同食谱里既写过生重又写过熟重,文案改「熟重」或「煮熟后称重」；统一口径
设计器草稿,十字花科全谷物三文鱼鸡肉,红薯,薯类及制品,FOOD,COOKED,熟,去皮、生重、打碎、充分搅拌,2,高,A1 熟档案却写生重 + A4 同原料口径不一致,营养数据是熟食口径，却让按生重称量；该原料在不同食谱里既写过生重又写过熟重,文案改「熟重」或「煮熟后称重」；统一口径
设计器草稿,十字花科全谷物三文鱼鸡肉,红薯,薯类及制品,FOOD,COOKED,熟,去皮、生重、打碎、充分搅拌,2,高,A1 熟档案却写生重 + A4 同原料口径不一致,营养数据是熟食口径，却让按生重称量；该原料在不同食谱里既写过生重又写过熟重,文案改「熟重」或「煮熟后称重」；统一口径
设计器草稿,十字花科全谷物三文鱼鸡肉,红薯,薯类及制品,FOOD,COOKED,熟,去皮、生重、打碎、充分搅拌,2,高,A1 熟档案却写生重 + A4 同原料口径不一致,营养数据是熟食口径，却让按生重称量；该原料在不同食谱里既写过生重又写过熟重,文案改「熟重」或「煮熟后称重」；统一口径
设计器草稿,十字花科全谷物三文鱼鸡肉,西兰花,蔬菜类及制品,FOOD,COOKED,熟,生重、打碎、充分搅拌,2,高,A1 熟档案却写生重 + A4 同原料口径不一致,营养数据是熟食口径，却让按生重称量；该原料在不同食谱里既写过生重又写过熟重,文案改「熟重」或「煮熟后称重」；统一口径
设计器草稿,十字花科全谷物三文鱼鸡肉,西兰花,蔬菜类及制品,FOOD,COOKED,熟,生重、打碎、充分搅拌,2,高,A1 熟档案却写生重 + A4 同原料口径不一致,营养数据是熟食口径，却让按生重称量；该原料在不同食谱里既写过生重又写过熟重,文案改「熟重」或「煮熟后称重」；统一口径
设计器草稿,十字花科全谷物三文鱼鸡肉,西兰花,蔬菜类及制品,FOOD,COOKED,熟,生重、打碎、充分搅拌,2,高,A1 熟档案却写生重 + A4 同原料口径不一致,营养数据是熟食口径，却让按生重称量；该原料在不同食谱里既写过生重又写过熟重,文案改「熟重」或「煮熟后称重」；统一口径
设计器草稿,十字花科全谷物三文鱼鸡肉,西兰花,蔬菜类及制品,FOOD,COOKED,熟,生重、打碎、充分搅拌,2,高,A1 熟档案却写生重 + A4 同原料口径不一致,营养数据是熟食口径，却让按生重称量；该原料在不同食谱里既写过生重又写过熟重,文案改「熟重」或「煮熟后称重」；统一口径
设计器草稿,十字花科全谷物三文鱼鸡肉,西兰花,蔬菜类及制品,FOOD,COOKED,熟,生重、打碎、充分搅拌,2,高,A1 熟档案却写生重 + A4 同原料口径不一致,营养数据是熟食口径，却让按生重称量；该原料在不同食谱里既写过生重又写过熟重,文案改「熟重」或「煮熟后称重」；统一口径
设计器草稿,十字花科全谷物三文鱼鸡肉,西兰花,蔬菜类及制品,FOOD,COOKED,熟,生重、打碎、充分搅拌,2,高,A1 熟档案却写生重 + A4 同原料口径不一致,营养数据是熟食口径，却让按生重称量；该原料在不同食谱里既写过生重又写过熟重,文案改「熟重」或「煮熟后称重」；统一口径
设计器草稿,十字花科全谷物三文鱼鸡肉,红薯,薯类及制品,FOOD,COOKED,熟,去皮、生重、打碎、充分搅拌,2,高,A1 熟档案却写生重 + A4 同原料口径不一致,营养数据是熟食口径，却让按生重称量；该原料在不同食谱里既写过生重又写过熟重,文案改「熟重」或「煮熟后称重」；统一口径
设计器草稿,十字花科全谷物三文鱼鸡肉,西兰花,蔬菜类及制品,FOOD,COOKED,熟,生重、打碎、充分搅拌,2,高,A1 熟档案却写生重 + A4 同原料口径不一致,营养数据是熟食口径，却让按生重称量；该原料在不同食谱里既写过生重又写过熟重,文案改「熟重」或「煮熟后称重」；统一口径
设计器草稿,十字花科全谷物三文鱼鸡肉,红薯,薯类及制品,FOOD,COOKED,熟,去皮、生重、打碎、充分搅拌,2,高,A1 熟档案却写生重 + A4 同原料口径不一致,营养数据是熟食口径，却让按生重称量；该原料在不同食谱里既写过生重又写过熟重,文案改「熟重」或「煮熟后称重」；统一口径
设计器草稿,十字花科全谷物三文鱼鸡肉,西兰花,蔬菜类及制品,FOOD,COOKED,熟,生重、打碎、充分搅拌,2,高,A1 熟档案却写生重 + A4 同原料口径不一致,营养数据是熟食口径，却让按生重称量；该原料在不同食谱里既写过生重又写过熟重,文案改「熟重」或「煮熟后称重」；统一口径
设计器草稿,十字花科全谷物三文鱼鸡肉,西兰花,蔬菜类及制品,FOOD,COOKED,熟,生重、打碎、充分搅拌,2,高,A1 熟档案却写生重 + A4 同原料口径不一致,营养数据是熟食口径，却让按生重称量；该原料在不同食谱里既写过生重又写过熟重,文案改「熟重」或「煮熟后称重」；统一口径
设计器草稿,十字花科全谷物三文鱼鸡肉,卷心菜,蔬菜类及制品,FOOD,COOKED,熟,生重、打碎、充分搅拌,1,高,A1 熟档案却写生重,营养数据是熟食口径，却让按生重称量,文案改「熟重」或「煮熟后称重」
设计器草稿,十字花科全谷物三文鱼鸡肉,糙米,谷类及制品,FOOD,RAW,生,煮熟后称重、打碎、充分搅拌,2,高,A2 生档案却写熟重 + A4 同原料口径不一致,营养数据是生食口径，却让按熟重称量；该原料在不同食谱里既写过生重又写过熟重,先定规则：改文案或改档案；统一口径
设计器草稿,十字花科全谷物三文鱼鸡肉,卷心菜,蔬菜类及制品,FOOD,COOKED,熟,生重、打碎、充分搅拌,1,高,A1 熟档案却写生重,营养数据是熟食口径，却让按生重称量,文案改「熟重」或「煮熟后称重」
设计器草稿,十字花科全谷物三文鱼鸡肉,糙米,谷类及制品,FOOD,RAW,生,煮熟后称重、打碎、充分搅拌,2,高,A2 生档案却写熟重 + A4 同原料口径不一致,营养数据是生食口径，却让按熟重称量；该原料在不同食谱里既写过生重又写过熟重,先定规则：改文案或改档案；统一口径
设计器草稿,十字花科全谷物三文鱼鸡肉,卷心菜,蔬菜类及制品,FOOD,COOKED,熟,生重、打碎、充分搅拌,1,高,A1 熟档案却写生重,营养数据是熟食口径，却让按生重称量,文案改「熟重」或「煮熟后称重」
设计器草稿,十字花科全谷物三文鱼鸡肉,卷心菜,蔬菜类及制品,FOOD,COOKED,熟,生重、打碎、充分搅拌,1,高,A1 熟档案却写生重,营养数据是熟食口径，却让按生重称量,文案改「熟重」或「煮熟后称重」
设计器草稿,十字花科全谷物三文鱼鸡肉,卷心菜,蔬菜类及制品,FOOD,COOKED,熟,生重、打碎、充分搅拌,1,高,A1 熟档案却写生重,营养数据是熟食口径，却让按生重称量,文案改「熟重」或「煮熟后称重」
设计器草稿,十字花科全谷物三文鱼鸡肉,卷心菜,蔬菜类及制品,FOOD,COOKED,熟,生重、打碎、充分搅拌,1,高,A1 熟档案却写生重,营养数据是熟食口径，却让按生重称量,文案改「熟重」或「煮熟后称重」
设计器草稿,十字花科全谷物三文鱼鸡肉,卷心菜,蔬菜类及制品,FOOD,COOKED,熟,生重、打碎、充分搅拌,1,高,A1 熟档案却写生重,营养数据是熟食口径，却让按生重称量,文案改「熟重」或「煮熟后称重」
设计器草稿,十字花科全谷物三文鱼鸡肉,西兰花,蔬菜类及制品,FOOD,COOKED,熟,生重、打碎、充分搅拌,2,高,A1 熟档案却写生重 + A4 同原料口径不一致,营养数据是熟食口径，却让按生重称量；该原料在不同食谱里既写过生重又写过熟重,文案改「熟重」或「煮熟后称重」；统一口径
设计器草稿,十字花科全谷物三文鱼鸡肉,卷心菜,蔬菜类及制品,FOOD,COOKED,熟,生重、打碎、充分搅拌,1,高,A1 熟档案却写生重,营养数据是熟食口径，却让按生重称量,文案改「熟重」或「煮熟后称重」
设计器草稿,十字花科全谷物三文鱼鸡肉,卷心菜,蔬菜类及制品,FOOD,COOKED,熟,生重、打碎、充分搅拌,1,高,A1 熟档案却写生重,营养数据是熟食口径，却让按生重称量,文案改「熟重」或「煮熟后称重」
设计器草稿,十字花科全谷物三文鱼鸡肉,西兰花,蔬菜类及制品,FOOD,COOKED,熟,生重、打碎、充分搅拌,2,高,A1 熟档案却写生重 + A4 同原料口径不一致,营养数据是熟食口径，却让按生重称量；该原料在不同食谱里既写过生重又写过熟重,文案改「熟重」或「煮熟后称重」；统一口径
设计器草稿,十字花科全谷物三文鱼鸡肉,糙米,谷类及制品,FOOD,RAW,生,煮熟后称重、打碎、充分搅拌,2,高,A2 生档案却写熟重 + A4 同原料口径不一致,营养数据是生食口径，却让按熟重称量；该原料在不同食谱里既写过生重又写过熟重,先定规则：改文案或改档案；统一口径
设计器草稿,十字花科全谷物三文鱼鸡肉,糙米,谷类及制品,FOOD,RAW,生,煮熟后称重、打碎、充分搅拌,2,高,A2 生档案却写熟重 + A4 同原料口径不一致,营养数据是生食口径，却让按熟重称量；该原料在不同食谱里既写过生重又写过熟重,先定规则：改文案或改档案；统一口径
设计器草稿,十字花科全谷物三文鱼鸡肉,白萝卜,蔬菜类及制品,FOOD,COOKED,熟,去皮、生重、打碎、充分搅拌,2,高,A1 熟档案却写生重 + A4 同原料口径不一致,营养数据是熟食口径，却让按生重称量；该原料在不同食谱里既写过生重又写过熟重,文案改「熟重」或「煮熟后称重」；统一口径
设计器草稿,十字花科全谷物三文鱼鸡肉,白萝卜,蔬菜类及制品,FOOD,COOKED,熟,去皮、生重、打碎、充分搅拌,2,高,A1 熟档案却写生重 + A4 同原料口径不一致,营养数据是熟食口径，却让按生重称量；该原料在不同食谱里既写过生重又写过熟重,文案改「熟重」或「煮熟后称重」；统一口径
设计器草稿,十字花科全谷物三文鱼鸡肉,红薯,薯类及制品,FOOD,RAW,生,去皮、煮熟后称重、打碎、充分搅拌,2,高,A2 生档案却写熟重 + A4 同原料口径不一致,营养数据是生食口径，却让按熟重称量；该原料在不同食谱里既写过生重又写过熟重,先定规则：改文案或改档案；统一口径
设计器草稿,十字花科全谷物三文鱼鸡肉,卷心菜,蔬菜类及制品,FOOD,COOKED,熟,生重、打碎、充分搅拌,1,高,A1 熟档案却写生重,营养数据是熟食口径，却让按生重称量,文案改「熟重」或「煮熟后称重」
设计器草稿,十字花科全谷物三文鱼鸡肉,白萝卜,蔬菜类及制品,FOOD,COOKED,熟,去皮、生重、打碎、充分搅拌,2,高,A1 熟档案却写生重 + A4 同原料口径不一致,营养数据是熟食口径，却让按生重称量；该原料在不同食谱里既写过生重又写过熟重,文案改「熟重」或「煮熟后称重」；统一口径
设计器草稿,十字花科全谷物三文鱼鸡肉,白萝卜,蔬菜类及制品,FOOD,COOKED,熟,去皮、生重、打碎、充分搅拌,2,高,A1 熟档案却写生重 + A4 同原料口径不一致,营养数据是熟食口径，却让按生重称量；该原料在不同食谱里既写过生重又写过熟重,文案改「熟重」或「煮熟后称重」；统一口径
设计器草稿,十字花科全谷物三文鱼鸡肉,白萝卜,蔬菜类及制品,FOOD,COOKED,熟,去皮、生重、打碎、充分搅拌,2,高,A1 熟档案却写生重 + A4 同原料口径不一致,营养数据是熟食口径，却让按生重称量；该原料在不同食谱里既写过生重又写过熟重,文案改「熟重」或「煮熟后称重」；统一口径
设计器草稿,十字花科全谷物三文鱼鸡肉,红薯,薯类及制品,FOOD,RAW,生,去皮、煮熟后称重、打碎、充分搅拌,2,高,A2 生档案却写熟重 + A4 同原料口径不一致,营养数据是生食口径，却让按熟重称量；该原料在不同食谱里既写过生重又写过熟重,先定规则：改文案或改档案；统一口径
设计器草稿,十字花科全谷物三文鱼鸡肉,红薯,薯类及制品,FOOD,RAW,生,去皮、煮熟后称重、打碎、充分搅拌,2,高,A2 生档案却写熟重 + A4 同原料口径不一致,营养数据是生食口径，却让按熟重称量；该原料在不同食谱里既写过生重又写过熟重,先定规则：改文案或改档案；统一口径
设计器草稿,十字花科全谷物三文鱼鸡肉,红薯,薯类及制品,FOOD,RAW,生,去皮、煮熟后称重、打碎、充分搅拌,2,高,A2 生档案却写熟重 + A4 同原料口径不一致,营养数据是生食口径，却让按熟重称量；该原料在不同食谱里既写过生重又写过熟重,先定规则：改文案或改档案；统一口径
设计器草稿,十字花科全谷物三文鱼鸡肉,白萝卜,蔬菜类及制品,FOOD,COOKED,熟,去皮、生重、打碎、充分搅拌,2,高,A1 熟档案却写生重 + A4 同原料口径不一致,营养数据是熟食口径，却让按生重称量；该原料在不同食谱里既写过生重又写过熟重,文案改「熟重」或「煮熟后称重」；统一口径
设计器草稿,十字花科全谷物三文鱼鸡肉,白萝卜,蔬菜类及制品,FOOD,COOKED,熟,去皮、生重、打碎、充分搅拌,2,高,A1 熟档案却写生重 + A4 同原料口径不一致,营养数据是熟食口径，却让按生重称量；该原料在不同食谱里既写过生重又写过熟重,文案改「熟重」或「煮熟后称重」；统一口径
设计器草稿,十字花科全谷物三文鱼鸡肉,白萝卜,蔬菜类及制品,FOOD,COOKED,熟,去皮、生重、打碎、充分搅拌,2,高,A1 熟档案却写生重 + A4 同原料口径不一致,营养数据是熟食口径，却让按生重称量；该原料在不同食谱里既写过生重又写过熟重,文案改「熟重」或「煮熟后称重」；统一口径
设计器草稿,十字花科全谷物三文鱼鸡肉,卷心菜,蔬菜类及制品,FOOD,COOKED,熟,生重、打碎、充分搅拌,1,高,A1 熟档案却写生重,营养数据是熟食口径，却让按生重称量,文案改「熟重」或「煮熟后称重」
设计器草稿,十字花科全谷物三文鱼鸡肉,白萝卜,蔬菜类及制品,FOOD,COOKED,熟,去皮、生重、打碎、充分搅拌,2,高,A1 熟档案却写生重 + A4 同原料口径不一致,营养数据是熟食口径，却让按生重称量；该原料在不同食谱里既写过生重又写过熟重,文案改「熟重」或「煮熟后称重」；统一口径
设计器草稿,十字花科全谷物三文鱼鸡肉,白萝卜,蔬菜类及制品,FOOD,COOKED,熟,去皮、生重、打碎、充分搅拌,2,高,A1 熟档案却写生重 + A4 同原料口径不一致,营养数据是熟食口径，却让按生重称量；该原料在不同食谱里既写过生重又写过熟重,文案改「熟重」或「煮熟后称重」；统一口径
设计器草稿,十字花科全谷物三文鱼鸡肉,白萝卜,蔬菜类及制品,FOOD,COOKED,熟,去皮、生重、打碎、充分搅拌,2,高,A1 熟档案却写生重 + A4 同原料口径不一致,营养数据是熟食口径，却让按生重称量；该原料在不同食谱里既写过生重又写过熟重,文案改「熟重」或「煮熟后称重」；统一口径
设计器草稿,十字花科全谷物三文鱼鸡肉 修订,糙米,谷类及制品,FOOD,RAW,生,煮熟后称重、打碎、充分搅拌,2,高,A2 生档案却写熟重 + A4 同原料口径不一致,营养数据是生食口径，却让按熟重称量；该原料在不同食谱里既写过生重又写过熟重,先定规则：改文案或改档案；统一口径
设计器草稿,十字花科全谷物三文鱼鸡肉 修订,红薯,薯类及制品,FOOD,RAW,生,去皮、煮熟后称重、打碎、充分搅拌,2,高,A2 生档案却写熟重 + A4 同原料口径不一致,营养数据是生食口径，却让按熟重称量；该原料在不同食谱里既写过生重又写过熟重,先定规则：改文案或改档案；统一口径
设计器草稿,哈子 的鲜食食谱 08/18,小米,谷类及制品,FOOD,RAW,生,浸泡60分钟、煮熟后称重、充分搅拌,2,高,A2 生档案却写熟重 + A4 同原料口径不一致,营养数据是生食口径，却让按熟重称量；该原料在不同食谱里既写过生重又写过熟重,先定规则：改文案或改档案；统一口径
设计器草稿,哈子 的鲜食食谱 08/18,南瓜,蔬菜类及制品,FOOD,RAW,生,去皮、去瓤、煮熟后称重、充分搅拌,2,高,A2 生档案却写熟重 + A4 同原料口径不一致,营养数据是生食口径，却让按熟重称量；该原料在不同食谱里既写过生重又写过熟重,先定规则：改文案或改档案；统一口径
设计器草稿,哈子 的鲜食食谱 08/18,胡萝卜,蔬菜类及制品,FOOD,RAW,生,煮熟后称重、打碎、充分搅拌,2,高,A2 生档案却写熟重 + A4 同原料口径不一致,营养数据是生食口径，却让按熟重称量；该原料在不同食谱里既写过生重又写过熟重,先定规则：改文案或改档案；统一口径
设计器草稿,嗨皮 的鲜食食谱 08/01,鳕鱼颈背肉,水产类,FOOD,RAW,生,(空),1,高,B3 文案为空,没有任何制备/称重说明,按原料+档案状态补全标准文案
设计器草稿,嗨皮 的鲜食食谱 08/01,红甜椒,蔬菜类及制品,FOOD,RAW,生,去籽、煮熟后称重、打碎、充分搅拌,3,高,B5 非标准词 + A2 生档案却写熟重 + A4 同原料口径不一致,自由文本：去籽；营养数据是生食口径，却让按熟重称量；该原料在不同食谱里既写过生重又写过熟重,归入受控词表或补进字典；先定规则：改文案或改档案；统一口径
设计器草稿,嗨皮 的鲜食食谱 08/01,南瓜,蔬菜类及制品,FOOD,COOKED,熟,去皮、去瓤、生重、打碎、充分搅拌,2,高,A1 熟档案却写生重 + A4 同原料口径不一致,营养数据是熟食口径，却让按生重称量；该原料在不同食谱里既写过生重又写过熟重,文案改「熟重」或「煮熟后称重」；统一口径
设计器草稿,土豆大米兔,南瓜,蔬菜类及制品,FOOD,COOKED,熟,去皮、去瓤、生重、打碎、充分搅拌,2,高,A1 熟档案却写生重 + A4 同原料口径不一致,营养数据是熟食口径，却让按生重称量；该原料在不同食谱里既写过生重又写过熟重,文案改「熟重」或「煮熟后称重」；统一口径
设计器草稿,土豆大米兔,红甜椒,蔬菜类及制品,FOOD,RAW,生,去籽、煮熟后称重、打碎、充分搅拌,3,高,B5 非标准词 + A2 生档案却写熟重 + A4 同原料口径不一致,自由文本：去籽；营养数据是生食口径，却让按熟重称量；该原料在不同食谱里既写过生重又写过熟重,归入受控词表或补进字典；先定规则：改文案或改档案；统一口径
设计器草稿,土豆大米兔,紫甘蓝,蔬菜类及制品,FOOD,COOKED,熟,生重、打碎、充分搅拌,2,高,A1 熟档案却写生重 + A4 同原料口径不一致,营养数据是熟食口径，却让按生重称量；该原料在不同食谱里既写过生重又写过熟重,文案改「熟重」或「煮熟后称重」；统一口径
设计器草稿,夏洛克 的鲜食食谱 07/31,鹿腿肉,畜肉类及制品,FOOD,COOKED,熟,去油、生重、打碎、充分搅拌,1,高,A1 熟档案却写生重,营养数据是熟食口径，却让按生重称量,文案改「熟重」或「煮熟后称重」
设计器草稿,多多 的鲜食食谱 07/06,小米,谷类及制品,FOOD,RAW,生,煮熟后称重、充分搅拌,2,高,A2 生档案却写熟重 + A4 同原料口径不一致,营养数据是生食口径，却让按熟重称量；该原料在不同食谱里既写过生重又写过熟重,先定规则：改文案或改档案；统一口径
设计器草稿,大米南瓜鸡胸兔里脊,大米,谷类及制品,FOOD,RAW,生,煮熟后称重、打碎、充分搅拌,1,高,A2 生档案却写熟重,营养数据是生食口径，却让按熟重称量,先定规则：改文案或改档案
设计器草稿,大米南瓜鸡胸兔里脊,大米,谷类及制品,FOOD,RAW,生,煮熟后称重、打碎、充分搅拌,1,高,A2 生档案却写熟重,营养数据是生食口径，却让按熟重称量,先定规则：改文案或改档案
设计器草稿,大米南瓜鸡胸兔里脊,大米,谷类及制品,FOOD,RAW,生,煮熟后称重、打碎、充分搅拌,1,高,A2 生档案却写熟重,营养数据是生食口径，却让按熟重称量,先定规则：改文案或改档案
设计器草稿,大米南瓜鸡胸兔里脊,大米,谷类及制品,FOOD,RAW,生,煮熟后称重、打碎、充分搅拌,1,高,A2 生档案却写熟重,营养数据是生食口径，却让按熟重称量,先定规则：改文案或改档案
设计器草稿,大米南瓜鸡胸兔里脊,大米,谷类及制品,FOOD,RAW,生,煮熟后称重、打碎、充分搅拌,1,高,A2 生档案却写熟重,营养数据是生食口径，却让按熟重称量,先定规则：改文案或改档案
设计器草稿,大米燕麦三文鱼兔里脊,大米,谷类及制品,FOOD,RAW,生,煮熟后称重、打碎、充分搅拌,1,高,A2 生档案却写熟重,营养数据是生食口径，却让按熟重称量,先定规则：改文案或改档案
设计器草稿,大米燕麦三文鱼兔里脊,南瓜,蔬菜类及制品,FOOD,RAW,生,去皮、去瓤、煮熟后称重、充分搅拌,2,高,A2 生档案却写熟重 + A4 同原料口径不一致,营养数据是生食口径，却让按熟重称量；该原料在不同食谱里既写过生重又写过熟重,先定规则：改文案或改档案；统一口径
设计器草稿,大米燕麦三文鱼兔里脊,西兰花,蔬菜类及制品,FOOD,COOKED,熟,生重、打碎、充分搅拌,2,高,A1 熟档案却写生重 + A4 同原料口径不一致,营养数据是熟食口径，却让按生重称量；该原料在不同食谱里既写过生重又写过熟重,文案改「熟重」或「煮熟后称重」；统一口径
设计器草稿,大米燕麦三文鱼兔里脊,西兰花,蔬菜类及制品,FOOD,COOKED,熟,生重、打碎、充分搅拌,2,高,A1 熟档案却写生重 + A4 同原料口径不一致,营养数据是熟食口径，却让按生重称量；该原料在不同食谱里既写过生重又写过熟重,文案改「熟重」或「煮熟后称重」；统一口径
设计器草稿,大米燕麦三文鱼兔里脊,胡萝卜,蔬菜类及制品,FOOD,RAW,生,煮熟后称重、打碎、充分搅拌,2,高,A2 生档案却写熟重 + A4 同原料口径不一致,营养数据是生食口径，却让按熟重称量；该原料在不同食谱里既写过生重又写过熟重,先定规则：改文案或改档案；统一口径
设计器草稿,大米燕麦三文鱼兔里脊,西兰花,蔬菜类及制品,FOOD,COOKED,熟,生重、打碎、充分搅拌,2,高,A1 熟档案却写生重 + A4 同原料口径不一致,营养数据是熟食口径，却让按生重称量；该原料在不同食谱里既写过生重又写过熟重,文案改「熟重」或「煮熟后称重」；统一口径
设计器草稿,大米红薯兔里脊,红薯,薯类及制品,FOOD,COOKED,熟,去皮、生重、打碎、充分搅拌,2,高,A1 熟档案却写生重 + A4 同原料口径不一致,营养数据是熟食口径，却让按生重称量；该原料在不同食谱里既写过生重又写过熟重,文案改「熟重」或「煮熟后称重」；统一口径
设计器草稿,大米红薯兔里脊,红薯,薯类及制品,FOOD,COOKED,熟,去皮、生重、打碎、充分搅拌,2,高,A1 熟档案却写生重 + A4 同原料口径不一致,营养数据是熟食口径，却让按生重称量；该原料在不同食谱里既写过生重又写过熟重,文案改「熟重」或「煮熟后称重」；统一口径
设计器草稿,大米红薯兔里脊,红薯,薯类及制品,FOOD,COOKED,熟,去皮、生重、打碎、充分搅拌,2,高,A1 熟档案却写生重 + A4 同原料口径不一致,营养数据是熟食口径，却让按生重称量；该原料在不同食谱里既写过生重又写过熟重,文案改「熟重」或「煮熟后称重」；统一口径
设计器草稿,大米红薯兔里脊,红甜椒,蔬菜类及制品,FOOD,RAW,生,去籽、煮熟后称重、打碎、充分搅拌,3,高,B5 非标准词 + A2 生档案却写熟重 + A4 同原料口径不一致,自由文本：去籽；营养数据是生食口径，却让按熟重称量；该原料在不同食谱里既写过生重又写过熟重,归入受控词表或补进字典；先定规则：改文案或改档案；统一口径
设计器草稿,大米红薯兔里脊,红甜椒,蔬菜类及制品,FOOD,RAW,生,去籽、煮熟后称重、打碎、充分搅拌,3,高,B5 非标准词 + A2 生档案却写熟重 + A4 同原料口径不一致,自由文本：去籽；营养数据是生食口径，却让按熟重称量；该原料在不同食谱里既写过生重又写过熟重,归入受控词表或补进字典；先定规则：改文案或改档案；统一口径
设计器草稿,大米红薯兔里脊,羽衣甘蓝,蔬菜类及制品,FOOD,COOKED,熟,生重、打碎、充分搅拌,1,高,A1 熟档案却写生重,营养数据是熟食口径，却让按生重称量,文案改「熟重」或「煮熟后称重」
设计器草稿,大米红薯兔里脊,红甜椒,蔬菜类及制品,FOOD,RAW,生,去籽、煮熟后称重、打碎、充分搅拌,3,高,B5 非标准词 + A2 生档案却写熟重 + A4 同原料口径不一致,自由文本：去籽；营养数据是生食口径，却让按熟重称量；该原料在不同食谱里既写过生重又写过熟重,归入受控词表或补进字典；先定规则：改文案或改档案；统一口径
设计器草稿,大米红薯兔里脊,羽衣甘蓝,蔬菜类及制品,FOOD,COOKED,熟,生重、打碎、充分搅拌,1,高,A1 熟档案却写生重,营养数据是熟食口径，却让按生重称量,文案改「熟重」或「煮熟后称重」
设计器草稿,大米红薯兔里脊,胡萝卜,蔬菜类及制品,FOOD,COOKED,熟,生重、打碎、充分搅拌,2,高,A1 熟档案却写生重 + A4 同原料口径不一致,营养数据是熟食口径，却让按生重称量；该原料在不同食谱里既写过生重又写过熟重,文案改「熟重」或「煮熟后称重」；统一口径
设计器草稿,大米红薯兔里脊,胡萝卜,蔬菜类及制品,FOOD,COOKED,熟,生重、打碎、充分搅拌,2,高,A1 熟档案却写生重 + A4 同原料口径不一致,营养数据是熟食口径，却让按生重称量；该原料在不同食谱里既写过生重又写过熟重,文案改「熟重」或「煮熟后称重」；统一口径
设计器草稿,大米红薯兔里脊,羽衣甘蓝,蔬菜类及制品,FOOD,COOKED,熟,生重、打碎、充分搅拌,1,高,A1 熟档案却写生重,营养数据是熟食口径，却让按生重称量,文案改「熟重」或「煮熟后称重」
设计器草稿,大米红薯兔里脊,胡萝卜,蔬菜类及制品,FOOD,COOKED,熟,生重、打碎、充分搅拌,2,高,A1 熟档案却写生重 + A4 同原料口径不一致,营养数据是熟食口径，却让按生重称量；该原料在不同食谱里既写过生重又写过熟重,文案改「熟重」或「煮熟后称重」；统一口径
设计器草稿,太阳 的鲜食食谱 06/17,鸭心,禽肉类及制品,FOOD,RAW,生,(空),1,高,B3 文案为空,没有任何制备/称重说明,按原料+档案状态补全标准文案
设计器草稿,太阳 的鲜食食谱 06/17,胡萝卜,蔬菜类及制品,FOOD,RAW,生,煮熟后称重、打碎、充分搅拌,2,高,A2 生档案却写熟重 + A4 同原料口径不一致,营养数据是生食口径，却让按熟重称量；该原料在不同食谱里既写过生重又写过熟重,先定规则：改文案或改档案；统一口径
设计器草稿,好久 的鲜食食谱 09/06,鹅胸肉,禽肉类及制品,FOOD,RAW,生,(空),1,高,B3 文案为空,没有任何制备/称重说明,按原料+档案状态补全标准文案
设计器草稿,好久 的鲜食食谱 09/06,南瓜,蔬菜类及制品,FOOD,RAW,生,去皮、去瓤、煮熟后称重、充分搅拌,2,高,A2 生档案却写熟重 + A4 同原料口径不一致,营养数据是生食口径，却让按熟重称量；该原料在不同食谱里既写过生重又写过熟重,先定规则：改文案或改档案；统一口径
设计器草稿,好久 的鲜食食谱 09/06,胡萝卜,蔬菜类及制品,FOOD,RAW,生,煮熟后称重、打碎、充分搅拌,2,高,A2 生档案却写熟重 + A4 同原料口径不一致,营养数据是生食口径，却让按熟重称量；该原料在不同食谱里既写过生重又写过熟重,先定规则：改文案或改档案；统一口径
设计器草稿,好久 的鲜食食谱 09/06,糙米,谷类及制品,FOOD,RAW,生,煮熟后称重、打碎、充分搅拌,2,高,A2 生档案却写熟重 + A4 同原料口径不一致,营养数据是生食口径，却让按熟重称量；该原料在不同食谱里既写过生重又写过熟重,先定规则：改文案或改档案；统一口径
设计器草稿,好久 的鲜食食谱 09/06,红薯,薯类及制品,FOOD,RAW,生,去皮、煮熟后称重、打碎、充分搅拌,2,高,A2 生档案却写熟重 + A4 同原料口径不一致,营养数据是生食口径，却让按熟重称量；该原料在不同食谱里既写过生重又写过熟重,先定规则：改文案或改档案；统一口径
设计器草稿,好久 的鲜食食谱 09/06,南瓜,蔬菜类及制品,FOOD,RAW,生,去皮、去瓤、煮熟后称重、充分搅拌,2,高,A2 生档案却写熟重 + A4 同原料口径不一致,营养数据是生食口径，却让按熟重称量；该原料在不同食谱里既写过生重又写过熟重,先定规则：改文案或改档案；统一口径
设计器草稿,好久 的鲜食食谱 09/06,冬瓜,蔬菜类及制品,FOOD,RAW,生,(空),1,高,B3 文案为空,没有任何制备/称重说明,按原料+档案状态补全标准文案
设计器草稿,家和 的鲜食食谱 07/02,土豆,薯类及制品,FOOD,RAW,生,去皮、煮熟后称重、打碎、充分搅拌,1,高,A2 生档案却写熟重,营养数据是生食口径，却让按熟重称量,先定规则：改文案或改档案
设计器草稿,富贵儿 的鲜食食谱 08/05,冬瓜,蔬菜类及制品,FOOD,RAW,生,(空),1,高,B3 文案为空,没有任何制备/称重说明,按原料+档案状态补全标准文案
设计器草稿,小年 的鲜食食谱 08/25,大米,谷类及制品,FOOD,RAW,生,煮熟后称重、打碎、充分搅拌,1,高,A2 生档案却写熟重,营养数据是生食口径，却让按熟重称量,先定规则：改文案或改档案
设计器草稿,小年 的鲜食食谱 08/25,土豆,薯类及制品,FOOD,RAW,生,去皮、煮熟后称重、打碎、充分搅拌,1,高,A2 生档案却写熟重,营养数据是生食口径，却让按熟重称量,先定规则：改文案或改档案
设计器草稿,小年 的鲜食食谱 08/25,南瓜,蔬菜类及制品,FOOD,RAW,生,去皮、去瓤、煮熟后称重、打碎、充分搅拌,2,高,A2 生档案却写熟重 + A4 同原料口径不一致,营养数据是生食口径，却让按熟重称量；该原料在不同食谱里既写过生重又写过熟重,先定规则：改文案或改档案；统一口径
设计器草稿,小斗 的鲜食食谱 08/12,鹅胸肉,禽肉类及制品,FOOD,RAW,生,(空),1,高,B3 文案为空,没有任何制备/称重说明,按原料+档案状态补全标准文案
设计器草稿,小斗 的鲜食食谱 08/12,红甜椒,蔬菜类及制品,FOOD,COOKED,熟,去瓤、生重、打碎、充分搅拌,2,高,A1 熟档案却写生重 + A4 同原料口径不一致,营养数据是熟食口径，却让按生重称量；该原料在不同食谱里既写过生重又写过熟重,文案改「熟重」或「煮熟后称重」；统一口径
设计器草稿,小瓜 的鲜食食谱 07/02,小米,谷类及制品,FOOD,RAW,生,浸泡60分钟、煮熟后称重、充分搅拌,2,高,A2 生档案却写熟重 + A4 同原料口径不一致,营养数据是生食口径，却让按熟重称量；该原料在不同食谱里既写过生重又写过熟重,先定规则：改文案或改档案；统一口径
设计器草稿,小瓜 的鲜食食谱 07/02,鸡蛋,蛋类及制品,FOOD,COOKED,熟,去壳、全蛋、生重、充分搅拌,1,高,A1 熟档案却写生重,营养数据是熟食口径，却让按生重称量,文案改「熟重」或「煮熟后称重」
设计器草稿,小瓜 的鲜食食谱 07/15,卷心菜,蔬菜类及制品,FOOD,COOKED,熟,生重、打碎、静置30分钟、充分搅拌,1,高,A1 熟档案却写生重,营养数据是熟食口径，却让按生重称量,文案改「熟重」或「煮熟后称重」
设计器草稿,小瓜 的鲜食食谱 07/15,鸡蛋,蛋类及制品,FOOD,COOKED,熟,去壳、全蛋、生重、充分搅拌,1,高,A1 熟档案却写生重,营养数据是熟食口径，却让按生重称量,文案改「熟重」或「煮熟后称重」
设计器草稿,小瓜 的鲜食食谱 07/15,猪肝,畜肉类及制品,FOOD,COOKED,熟,去油、生重、焯水、打碎、充分搅拌,1,高,A1 熟档案却写生重,营养数据是熟食口径，却让按生重称量,文案改「熟重」或「煮熟后称重」
设计器草稿,小瓜 的鲜食食谱 07/15,猪肾,畜肉类及制品,FOOD,COOKED,熟,(空),2,高,B3 文案为空 + A3 熟档案未写口径,没有任何制备/称重说明；没写按生重还是熟重称量,按原料+档案状态补全标准文案；补「熟重」
设计器草稿,小瓜 的鲜食食谱 07/15,牛心,畜肉类及制品,FOOD,COOKED,熟,去油、生重、打碎、充分搅拌,1,高,A1 熟档案却写生重,营养数据是熟食口径，却让按生重称量,文案改「熟重」或「煮熟后称重」
设计器草稿,小米三文鱼猪里脊(幺鸡),紫薯,蔬菜类及制品,FOOD,COOKED,熟,(空),2,高,B3 文案为空 + A3 熟档案未写口径,没有任何制备/称重说明；没写按生重还是熟重称量,按原料+档案状态补全标准文案；补「熟重」
设计器草稿,小米三文鱼猪里脊(幺鸡),紫薯,蔬菜类及制品,FOOD,COOKED,熟,(空),2,高,B3 文案为空 + A3 熟档案未写口径,没有任何制备/称重说明；没写按生重还是熟重称量,按原料+档案状态补全标准文案；补「熟重」
设计器草稿,小米三文鱼猪里脊(幺鸡),紫薯,蔬菜类及制品,FOOD,COOKED,熟,(空),2,高,B3 文案为空 + A3 熟档案未写口径,没有任何制备/称重说明；没写按生重还是熟重称量,按原料+档案状态补全标准文案；补「熟重」
设计器草稿,小米三文鱼猪里脊(幺鸡),娃娃菜,蔬菜类及制品,FOOD,COOKED,熟,生重、打碎、充分搅拌,1,高,A1 熟档案却写生重,营养数据是熟食口径，却让按生重称量,文案改「熟重」或「煮熟后称重」
设计器草稿,小米三文鱼猪里脊(幺鸡),娃娃菜,蔬菜类及制品,FOOD,COOKED,熟,生重、打碎、充分搅拌,1,高,A1 熟档案却写生重,营养数据是熟食口径，却让按生重称量,文案改「熟重」或「煮熟后称重」
设计器草稿,小米三文鱼猪里脊(幺鸡),娃娃菜,蔬菜类及制品,FOOD,COOKED,熟,生重、打碎、充分搅拌,1,高,A1 熟档案却写生重,营养数据是熟食口径，却让按生重称量,文案改「熟重」或「煮熟后称重」
设计器草稿,小米三文鱼猪里脊(幺鸡) 低能量需求成年犬（95ME）副本,紫薯,蔬菜类及制品,FOOD,COOKED,熟,(空),2,高,B3 文案为空 + A3 熟档案未写口径,没有任何制备/称重说明；没写按生重还是熟重称量,按原料+档案状态补全标准文案；补「熟重」
设计器草稿,小米三文鱼猪里脊(幺鸡) 低能量需求成年犬（95ME）副本,娃娃菜,蔬菜类及制品,FOOD,COOKED,熟,生重、打碎、充分搅拌,1,高,A1 熟档案却写生重,营养数据是熟食口径，却让按生重称量,文案改「熟重」或「煮熟后称重」
设计器草稿,小米山药猪肉,小米,谷类及制品,FOOD,RAW,生,浸泡60分钟、煮熟后称重、充分搅拌,2,高,A2 生档案却写熟重 + A4 同原料口径不一致,营养数据是生食口径，却让按熟重称量；该原料在不同食谱里既写过生重又写过熟重,先定规则：改文案或改档案；统一口径
设计器草稿,小米山药猪肉,小米,谷类及制品,FOOD,RAW,生,浸泡60分钟、煮熟后称重、充分搅拌,2,高,A2 生档案却写熟重 + A4 同原料口径不一致,营养数据是生食口径，却让按熟重称量；该原料在不同食谱里既写过生重又写过熟重,先定规则：改文案或改档案；统一口径
设计器草稿,小米山药猪肉,小米,谷类及制品,FOOD,RAW,生,浸泡60分钟、煮熟后称重、充分搅拌,2,高,A2 生档案却写熟重 + A4 同原料口径不一致,营养数据是生食口径，却让按熟重称量；该原料在不同食谱里既写过生重又写过熟重,先定规则：改文案或改档案；统一口径
设计器草稿,小米山药猪肉,小米,谷类及制品,FOOD,RAW,生,浸泡60分钟、煮熟后称重、充分搅拌,2,高,A2 生档案却写熟重 + A4 同原料口径不一致,营养数据是生食口径，却让按熟重称量；该原料在不同食谱里既写过生重又写过熟重,先定规则：改文案或改档案；统一口径
设计器草稿,小米山药猪肉,小米,谷类及制品,FOOD,RAW,生,浸泡60分钟、煮熟后称重、充分搅拌,2,高,A2 生档案却写熟重 + A4 同原料口径不一致,营养数据是生食口径，却让按熟重称量；该原料在不同食谱里既写过生重又写过熟重,先定规则：改文案或改档案；统一口径
设计器草稿,小米山药猪肉,山药,薯类及制品,FOOD,RAW,生,去皮、煮熟后称重、打碎、充分搅拌,2,高,A2 生档案却写熟重 + A4 同原料口径不一致,营养数据是生食口径，却让按熟重称量；该原料在不同食谱里既写过生重又写过熟重,先定规则：改文案或改档案；统一口径
设计器草稿,小米山药猪肉,山药,薯类及制品,FOOD,RAW,生,去皮、煮熟后称重、打碎、充分搅拌,2,高,A2 生档案却写熟重 + A4 同原料口径不一致,营养数据是生食口径，却让按熟重称量；该原料在不同食谱里既写过生重又写过熟重,先定规则：改文案或改档案；统一口径
设计器草稿,小米山药猪肉,山药,薯类及制品,FOOD,RAW,生,去皮、煮熟后称重、打碎、充分搅拌,2,高,A2 生档案却写熟重 + A4 同原料口径不一致,营养数据是生食口径，却让按熟重称量；该原料在不同食谱里既写过生重又写过熟重,先定规则：改文案或改档案；统一口径
设计器草稿,小米山药猪肉,山药,薯类及制品,FOOD,RAW,生,去皮、煮熟后称重、打碎、充分搅拌,2,高,A2 生档案却写熟重 + A4 同原料口径不一致,营养数据是生食口径，却让按熟重称量；该原料在不同食谱里既写过生重又写过熟重,先定规则：改文案或改档案；统一口径
设计器草稿,小米山药猪肉,山药,薯类及制品,FOOD,RAW,生,去皮、煮熟后称重、打碎、充分搅拌,2,高,A2 生档案却写熟重 + A4 同原料口径不一致,营养数据是生食口径，却让按熟重称量；该原料在不同食谱里既写过生重又写过熟重,先定规则：改文案或改档案；统一口径
设计器草稿,小米鳕鱼鸡胸,小米,谷类及制品,FOOD,COOKED,熟,生重、打碎、充分搅拌,2,高,A1 熟档案却写生重 + A4 同原料口径不一致,营养数据是熟食口径，却让按生重称量；该原料在不同食谱里既写过生重又写过熟重,文案改「熟重」或「煮熟后称重」；统一口径
设计器草稿,小米鳕鱼鸡胸,小米,谷类及制品,FOOD,COOKED,熟,生重、打碎、充分搅拌,2,高,A1 熟档案却写生重 + A4 同原料口径不一致,营养数据是熟食口径，却让按生重称量；该原料在不同食谱里既写过生重又写过熟重,文案改「熟重」或「煮熟后称重」；统一口径
设计器草稿,小米鳕鱼鸡胸,小米,谷类及制品,FOOD,COOKED,熟,生重、打碎、充分搅拌,2,高,A1 熟档案却写生重 + A4 同原料口径不一致,营养数据是熟食口径，却让按生重称量；该原料在不同食谱里既写过生重又写过熟重,文案改「熟重」或「煮熟后称重」；统一口径
设计器草稿,小米鳕鱼鸡胸,小米,谷类及制品,FOOD,COOKED,熟,生重、打碎、充分搅拌,2,高,A1 熟档案却写生重 + A4 同原料口径不一致,营养数据是熟食口径，却让按生重称量；该原料在不同食谱里既写过生重又写过熟重,文案改「熟重」或「煮熟后称重」；统一口径
设计器草稿,小米鳕鱼鸡胸,小米,谷类及制品,FOOD,COOKED,熟,生重、打碎、充分搅拌,2,高,A1 熟档案却写生重 + A4 同原料口径不一致,营养数据是熟食口径，却让按生重称量；该原料在不同食谱里既写过生重又写过熟重,文案改「熟重」或「煮熟后称重」；统一口径
设计器草稿,小米鳕鱼鸡胸,小米,谷类及制品,FOOD,COOKED,熟,生重、打碎、充分搅拌,2,高,A1 熟档案却写生重 + A4 同原料口径不一致,营养数据是熟食口径，却让按生重称量；该原料在不同食谱里既写过生重又写过熟重,文案改「熟重」或「煮熟后称重」；统一口径
设计器草稿,小米鳕鱼鸡胸,小米,谷类及制品,FOOD,COOKED,熟,生重、打碎、充分搅拌,2,高,A1 熟档案却写生重 + A4 同原料口径不一致,营养数据是熟食口径，却让按生重称量；该原料在不同食谱里既写过生重又写过熟重,文案改「熟重」或「煮熟后称重」；统一口径
设计器草稿,小米鳕鱼鸡胸,小米,谷类及制品,FOOD,COOKED,熟,生重、打碎、充分搅拌,2,高,A1 熟档案却写生重 + A4 同原料口径不一致,营养数据是熟食口径，却让按生重称量；该原料在不同食谱里既写过生重又写过熟重,文案改「熟重」或「煮熟后称重」；统一口径
设计器草稿,小米鳕鱼鸡胸,小米,谷类及制品,FOOD,COOKED,熟,生重、打碎、充分搅拌,2,高,A1 熟档案却写生重 + A4 同原料口径不一致,营养数据是熟食口径，却让按生重称量；该原料在不同食谱里既写过生重又写过熟重,文案改「熟重」或「煮熟后称重」；统一口径
设计器草稿,小米鳕鱼鸡胸,红薯,薯类及制品,FOOD,COOKED,熟,去皮、生重、打碎、充分搅拌,2,高,A1 熟档案却写生重 + A4 同原料口径不一致,营养数据是熟食口径，却让按生重称量；该原料在不同食谱里既写过生重又写过熟重,文案改「熟重」或「煮熟后称重」；统一口径
设计器草稿,小米鳕鱼鸡胸,红薯,薯类及制品,FOOD,COOKED,熟,去皮、生重、打碎、充分搅拌,2,高,A1 熟档案却写生重 + A4 同原料口径不一致,营养数据是熟食口径，却让按生重称量；该原料在不同食谱里既写过生重又写过熟重,文案改「熟重」或「煮熟后称重」；统一口径
设计器草稿,小米鳕鱼鸡胸,红薯,薯类及制品,FOOD,COOKED,熟,去皮、生重、打碎、充分搅拌,2,高,A1 熟档案却写生重 + A4 同原料口径不一致,营养数据是熟食口径，却让按生重称量；该原料在不同食谱里既写过生重又写过熟重,文案改「熟重」或「煮熟后称重」；统一口径
设计器草稿,小米鳕鱼鸡胸,红薯,薯类及制品,FOOD,COOKED,熟,去皮、生重、打碎、充分搅拌,2,高,A1 熟档案却写生重 + A4 同原料口径不一致,营养数据是熟食口径，却让按生重称量；该原料在不同食谱里既写过生重又写过熟重,文案改「熟重」或「煮熟后称重」；统一口径
设计器草稿,小米鳕鱼鸡胸,红薯,薯类及制品,FOOD,COOKED,熟,去皮、生重、打碎、充分搅拌,2,高,A1 熟档案却写生重 + A4 同原料口径不一致,营养数据是熟食口径，却让按生重称量；该原料在不同食谱里既写过生重又写过熟重,文案改「熟重」或「煮熟后称重」；统一口径
设计器草稿,小米鳕鱼鸡胸,红薯,薯类及制品,FOOD,COOKED,熟,去皮、生重、打碎、充分搅拌,2,高,A1 熟档案却写生重 + A4 同原料口径不一致,营养数据是熟食口径，却让按生重称量；该原料在不同食谱里既写过生重又写过熟重,文案改「熟重」或「煮熟后称重」；统一口径
设计器草稿,小米鳕鱼鸡胸,红薯,薯类及制品,FOOD,COOKED,熟,去皮、生重、打碎、充分搅拌,2,高,A1 熟档案却写生重 + A4 同原料口径不一致,营养数据是熟食口径，却让按生重称量；该原料在不同食谱里既写过生重又写过熟重,文案改「熟重」或「煮熟后称重」；统一口径
设计器草稿,小米鳕鱼鸡胸,红薯,薯类及制品,FOOD,COOKED,熟,去皮、生重、打碎、充分搅拌,2,高,A1 熟档案却写生重 + A4 同原料口径不一致,营养数据是熟食口径，却让按生重称量；该原料在不同食谱里既写过生重又写过熟重,文案改「熟重」或「煮熟后称重」；统一口径
设计器草稿,小米鳕鱼鸡胸,红薯,薯类及制品,FOOD,COOKED,熟,去皮、生重、打碎、充分搅拌,2,高,A1 熟档案却写生重 + A4 同原料口径不一致,营养数据是熟食口径，却让按生重称量；该原料在不同食谱里既写过生重又写过熟重,文案改「熟重」或「煮熟后称重」；统一口径
设计器草稿,小米鳕鱼鸡胸,秋葵,蔬菜类及制品,FOOD,COOKED,熟,生重、打碎、充分搅拌,2,高,A1 熟档案却写生重 + A4 同原料口径不一致,营养数据是熟食口径，却让按生重称量；该原料在不同食谱里既写过生重又写过熟重,文案改「熟重」或「煮熟后称重」；统一口径
设计器草稿,小米鳕鱼鸡胸,秋葵,蔬菜类及制品,FOOD,COOKED,熟,生重、打碎、充分搅拌,2,高,A1 熟档案却写生重 + A4 同原料口径不一致,营养数据是熟食口径，却让按生重称量；该原料在不同食谱里既写过生重又写过熟重,文案改「熟重」或「煮熟后称重」；统一口径
设计器草稿,小米鳕鱼鸡胸,秋葵,蔬菜类及制品,FOOD,COOKED,熟,生重、打碎、充分搅拌,2,高,A1 熟档案却写生重 + A4 同原料口径不一致,营养数据是熟食口径，却让按生重称量；该原料在不同食谱里既写过生重又写过熟重,文案改「熟重」或「煮熟后称重」；统一口径
设计器草稿,小米鳕鱼鸡胸,秋葵,蔬菜类及制品,FOOD,COOKED,熟,生重、打碎、充分搅拌,2,高,A1 熟档案却写生重 + A4 同原料口径不一致,营养数据是熟食口径，却让按生重称量；该原料在不同食谱里既写过生重又写过熟重,文案改「熟重」或「煮熟后称重」；统一口径
设计器草稿,小米鳕鱼鸡胸,秋葵,蔬菜类及制品,FOOD,COOKED,熟,生重、打碎、充分搅拌,2,高,A1 熟档案却写生重 + A4 同原料口径不一致,营养数据是熟食口径，却让按生重称量；该原料在不同食谱里既写过生重又写过熟重,文案改「熟重」或「煮熟后称重」；统一口径
设计器草稿,小豆 的鲜食食谱 08/27,糙米,谷类及制品,FOOD,RAW,生,煮熟后称重、打碎、充分搅拌,2,高,A2 生档案却写熟重 + A4 同原料口径不一致,营养数据是生食口径，却让按熟重称量；该原料在不同食谱里既写过生重又写过熟重,先定规则：改文案或改档案；统一口径
设计器草稿,小豆 的鲜食食谱 08/27,红薯,薯类及制品,FOOD,RAW,生,去皮、煮熟后称重、打碎、充分搅拌,2,高,A2 生档案却写熟重 + A4 同原料口径不一致,营养数据是生食口径，却让按熟重称量；该原料在不同食谱里既写过生重又写过熟重,先定规则：改文案或改档案；统一口径
设计器草稿,小豆 的鲜食食谱 08/29,鳕鱼颈背肉,水产类,FOOD,RAW,生,(空),1,高,B3 文案为空,没有任何制备/称重说明,按原料+档案状态补全标准文案
设计器草稿,小豆 的鲜食食谱 08/29,南瓜,蔬菜类及制品,FOOD,RAW,生,去皮、去瓤、煮熟后称重、打碎、充分搅拌,2,高,A2 生档案却写熟重 + A4 同原料口径不一致,营养数据是生食口径，却让按熟重称量；该原料在不同食谱里既写过生重又写过熟重,先定规则：改文案或改档案；统一口径
设计器草稿,小豆 的鲜食食谱 08/29,紫薯,蔬菜类及制品,FOOD,RAW,生,去皮、煮熟后称重,1,高,A2 生档案却写熟重,营养数据是生食口径，却让按熟重称量,先定规则：改文案或改档案
设计器草稿,小豆 的鲜食食谱 08/29,鳕鱼颈背肉,水产类,FOOD,COOKED,熟,(空),2,高,B3 文案为空 + A3 熟档案未写口径,没有任何制备/称重说明；没写按生重还是熟重称量,按原料+档案状态补全标准文案；补「熟重」
设计器草稿,山药 辅食,紫薯,蔬菜类及制品,FOOD,RAW,生,(空),1,高,B3 文案为空,没有任何制备/称重说明,按原料+档案状态补全标准文案
设计器草稿,山药 辅食,山药,薯类及制品,FOOD,RAW,生,去皮、煮熟后称重、打碎、充分搅拌,2,高,A2 生档案却写熟重 + A4 同原料口径不一致,营养数据是生食口径，却让按熟重称量；该原料在不同食谱里既写过生重又写过熟重,先定规则：改文案或改档案；统一口径
设计器草稿,布丁定制食谱,胡萝卜,蔬菜类及制品,FOOD,RAW,生,煮熟后称重、打碎、充分搅拌,2,高,A2 生档案却写熟重 + A4 同原料口径不一致,营养数据是生食口径，却让按熟重称量；该原料在不同食谱里既写过生重又写过熟重,先定规则：改文案或改档案；统一口径
设计器草稿,布丁定制食谱,南瓜,蔬菜类及制品,FOOD,RAW,生,去皮、去瓤、煮熟后称重、打碎、充分搅拌,2,高,A2 生档案却写熟重 + A4 同原料口径不一致,营养数据是生食口径，却让按熟重称量；该原料在不同食谱里既写过生重又写过熟重,先定规则：改文案或改档案；统一口径
设计器草稿,布丁定制食谱,大米,谷类及制品,FOOD,RAW,生,煮熟后称重、打碎、充分搅拌,1,高,A2 生档案却写熟重,营养数据是生食口径，却让按熟重称量,先定规则：改文案或改档案
设计器草稿,布丁定制食谱,大米,谷类及制品,FOOD,RAW,生,煮熟后称重、打碎、充分搅拌,1,高,A2 生档案却写熟重,营养数据是生食口径，却让按熟重称量,先定规则：改文案或改档案
设计器草稿,布丁定制食谱,大米,谷类及制品,FOOD,RAW,生,煮熟后称重、打碎、充分搅拌,1,高,A2 生档案却写熟重,营养数据是生食口径，却让按熟重称量,先定规则：改文案或改档案
设计器草稿,布丁定制食谱,大米,谷类及制品,FOOD,RAW,生,煮熟后称重、打碎、充分搅拌,1,高,A2 生档案却写熟重,营养数据是生食口径，却让按熟重称量,先定规则：改文案或改档案
设计器草稿,布丁定制食谱,大米,谷类及制品,FOOD,RAW,生,煮熟后称重、打碎、充分搅拌,1,高,A2 生档案却写熟重,营养数据是生食口径，却让按熟重称量,先定规则：改文案或改档案
设计器草稿,帽帽 的鲜食食谱 07/10,山药,薯类及制品,FOOD,RAW,生,去皮、煮熟后称重、打碎、充分搅拌,2,高,A2 生档案却写熟重 + A4 同原料口径不一致,营养数据是生食口径，却让按熟重称量；该原料在不同食谱里既写过生重又写过熟重,先定规则：改文案或改档案；统一口径
设计器草稿,帽帽 的鲜食食谱 07/10,南瓜,蔬菜类及制品,FOOD,RAW,生,去瓤、去皮、煮熟后沥水、称重、打碎、充分搅拌,3,高,B5 非标准词 + A2 生档案却写熟重 + A4 同原料口径不一致,自由文本：煮熟后沥水 / 称重；营养数据是生食口径，却让按熟重称量；该原料在不同食谱里既写过生重又写过熟重,归入受控词表或补进字典；先定规则：改文案或改档案；统一口径
设计器草稿,帽帽 的鲜食食谱 07/10,小米,谷类及制品,FOOD,RAW,生,煮熟后称重、充分搅拌,2,高,A2 生档案却写熟重 + A4 同原料口径不一致,营养数据是生食口径，却让按熟重称量；该原料在不同食谱里既写过生重又写过熟重,先定规则：改文案或改档案；统一口径
设计器草稿,排敏：猪肉7.7-12,小米,谷类及制品,FOOD,RAW,生,煮熟后称重、充分搅拌,2,高,A2 生档案却写熟重 + A4 同原料口径不一致,营养数据是生食口径，却让按熟重称量；该原料在不同食谱里既写过生重又写过熟重,先定规则：改文案或改档案；统一口径
设计器草稿,排敏：猪肉7.7-12,白蘑菇,菌藻类,FOOD,COOKED,熟,生重、打碎、充分搅拌,1,高,A1 熟档案却写生重,营养数据是熟食口径，却让按生重称量,文案改「熟重」或「煮熟后称重」
设计器草稿,排敏：猪肉7.7-12,娃娃菜,蔬菜类及制品,FOOD,COOKED,熟,生重、打碎、充分搅拌,1,高,A1 熟档案却写生重,营养数据是熟食口径，却让按生重称量,文案改「熟重」或「煮熟后称重」
设计器草稿,排敏：猪肉7.7-12,鸡蛋,蛋类及制品,FOOD,COOKED,熟,去壳、全蛋、生重、充分搅拌,1,高,A1 熟档案却写生重,营养数据是熟食口径，却让按生重称量,文案改「熟重」或「煮熟后称重」
设计器草稿,排敏：鸡肉7.2-7.6,鸡胸,禽肉类及制品,FOOD,COOKED,熟,去油、去皮、生重、打碎、充分搅拌,1,高,A1 熟档案却写生重,营养数据是熟食口径，却让按生重称量,文案改「熟重」或「煮熟后称重」
设计器草稿,排敏：鸡肉7.2-7.6,胡萝卜,蔬菜类及制品,FOOD,COOKED,熟,生重、打碎、充分搅拌,2,高,A1 熟档案却写生重 + A4 同原料口径不一致,营养数据是熟食口径，却让按生重称量；该原料在不同食谱里既写过生重又写过熟重,文案改「熟重」或「煮熟后称重」；统一口径
设计器草稿,排敏：鸡肉7.2-7.6,鲜香菇,菌藻类,FOOD,COOKED,熟,生重、打碎、充分搅拌,1,高,A1 熟档案却写生重,营养数据是熟食口径，却让按生重称量,文案改「熟重」或「煮熟后称重」
设计器草稿,排敏：鸡肉7.2-7.6,鸡蛋,蛋类及制品,FOOD,COOKED,熟,去壳、全蛋、生重、充分搅拌,1,高,A1 熟档案却写生重,营养数据是熟食口径，却让按生重称量,文案改「熟重」或「煮熟后称重」
设计器草稿,杂粮三文鱼猪肉,糙米,谷类及制品,FOOD,RAW,生,煮熟后称重、打碎、充分搅拌,2,高,A2 生档案却写熟重 + A4 同原料口径不一致,营养数据是生食口径，却让按熟重称量；该原料在不同食谱里既写过生重又写过熟重,先定规则：改文案或改档案；统一口径
设计器草稿,杂粮三文鱼猪肉,糙米,谷类及制品,FOOD,RAW,生,煮熟后称重、打碎、充分搅拌,2,高,A2 生档案却写熟重 + A4 同原料口径不一致,营养数据是生食口径，却让按熟重称量；该原料在不同食谱里既写过生重又写过熟重,先定规则：改文案或改档案；统一口径
设计器草稿,杂粮三文鱼猪肉,糙米,谷类及制品,FOOD,RAW,生,煮熟后称重、打碎、充分搅拌,2,高,A2 生档案却写熟重 + A4 同原料口径不一致,营养数据是生食口径，却让按熟重称量；该原料在不同食谱里既写过生重又写过熟重,先定规则：改文案或改档案；统一口径
设计器草稿,杂粮三文鱼猪肉,糙米,谷类及制品,FOOD,RAW,生,煮熟后称重、打碎、充分搅拌,2,高,A2 生档案却写熟重 + A4 同原料口径不一致,营养数据是生食口径，却让按熟重称量；该原料在不同食谱里既写过生重又写过熟重,先定规则：改文案或改档案；统一口径
设计器草稿,杂粮三文鱼猪肉,糙米,谷类及制品,FOOD,RAW,生,煮熟后称重、打碎、充分搅拌,2,高,A2 生档案却写熟重 + A4 同原料口径不一致,营养数据是生食口径，却让按熟重称量；该原料在不同食谱里既写过生重又写过熟重,先定规则：改文案或改档案；统一口径
设计器草稿,杂粮三文鱼猪肉,糙米,谷类及制品,FOOD,RAW,生,煮熟后称重、打碎、充分搅拌,2,高,A2 生档案却写熟重 + A4 同原料口径不一致,营养数据是生食口径，却让按熟重称量；该原料在不同食谱里既写过生重又写过熟重,先定规则：改文案或改档案；统一口径
设计器草稿,杂粮三文鱼猪肉,小米,谷类及制品,FOOD,RAW,生,煮熟后称重、充分搅拌,2,高,A2 生档案却写熟重 + A4 同原料口径不一致,营养数据是生食口径，却让按熟重称量；该原料在不同食谱里既写过生重又写过熟重,先定规则：改文案或改档案；统一口径
设计器草稿,杂粮三文鱼猪肉,小米,谷类及制品,FOOD,RAW,生,煮熟后称重、充分搅拌,2,高,A2 生档案却写熟重 + A4 同原料口径不一致,营养数据是生食口径，却让按熟重称量；该原料在不同食谱里既写过生重又写过熟重,先定规则：改文案或改档案；统一口径
设计器草稿,杂粮三文鱼猪肉,小米,谷类及制品,FOOD,RAW,生,煮熟后称重、充分搅拌,2,高,A2 生档案却写熟重 + A4 同原料口径不一致,营养数据是生食口径，却让按熟重称量；该原料在不同食谱里既写过生重又写过熟重,先定规则：改文案或改档案；统一口径
设计器草稿,杂粮三文鱼猪肉,小米,谷类及制品,FOOD,RAW,生,煮熟后称重、充分搅拌,2,高,A2 生档案却写熟重 + A4 同原料口径不一致,营养数据是生食口径，却让按熟重称量；该原料在不同食谱里既写过生重又写过熟重,先定规则：改文案或改档案；统一口径
设计器草稿,杂粮三文鱼猪肉,小米,谷类及制品,FOOD,RAW,生,煮熟后称重、充分搅拌,2,高,A2 生档案却写熟重 + A4 同原料口径不一致,营养数据是生食口径，却让按熟重称量；该原料在不同食谱里既写过生重又写过熟重,先定规则：改文案或改档案；统一口径
设计器草稿,杂粮三文鱼猪肉,小米,谷类及制品,FOOD,RAW,生,煮熟后称重、充分搅拌,2,高,A2 生档案却写熟重 + A4 同原料口径不一致,营养数据是生食口径，却让按熟重称量；该原料在不同食谱里既写过生重又写过熟重,先定规则：改文案或改档案；统一口径
设计器草稿,杂粮三文鱼猪肉,南瓜,蔬菜类及制品,FOOD,RAW,生,去皮、去瓤、煮熟后称重、打碎、充分搅拌,2,高,A2 生档案却写熟重 + A4 同原料口径不一致,营养数据是生食口径，却让按熟重称量；该原料在不同食谱里既写过生重又写过熟重,先定规则：改文案或改档案；统一口径
设计器草稿,杂粮三文鱼猪肉,南瓜,蔬菜类及制品,FOOD,RAW,生,去皮、去瓤、煮熟后称重、打碎、充分搅拌,2,高,A2 生档案却写熟重 + A4 同原料口径不一致,营养数据是生食口径，却让按熟重称量；该原料在不同食谱里既写过生重又写过熟重,先定规则：改文案或改档案；统一口径
设计器草稿,杂粮三文鱼猪肉,南瓜,蔬菜类及制品,FOOD,RAW,生,去皮、去瓤、煮熟后称重、打碎、充分搅拌,2,高,A2 生档案却写熟重 + A4 同原料口径不一致,营养数据是生食口径，却让按熟重称量；该原料在不同食谱里既写过生重又写过熟重,先定规则：改文案或改档案；统一口径
设计器草稿,杂粮三文鱼猪肉,南瓜,蔬菜类及制品,FOOD,RAW,生,去皮、去瓤、煮熟后称重、打碎、充分搅拌,2,高,A2 生档案却写熟重 + A4 同原料口径不一致,营养数据是生食口径，却让按熟重称量；该原料在不同食谱里既写过生重又写过熟重,先定规则：改文案或改档案；统一口径
设计器草稿,杂粮三文鱼猪肉,南瓜,蔬菜类及制品,FOOD,RAW,生,去皮、去瓤、煮熟后称重、打碎、充分搅拌,2,高,A2 生档案却写熟重 + A4 同原料口径不一致,营养数据是生食口径，却让按熟重称量；该原料在不同食谱里既写过生重又写过熟重,先定规则：改文案或改档案；统一口径
设计器草稿,杂粮三文鱼猪肉,南瓜,蔬菜类及制品,FOOD,RAW,生,去皮、去瓤、煮熟后称重、打碎、充分搅拌,2,高,A2 生档案却写熟重 + A4 同原料口径不一致,营养数据是生食口径，却让按熟重称量；该原料在不同食谱里既写过生重又写过熟重,先定规则：改文案或改档案；统一口径
设计器草稿,李开心定制食谱（兔+猪）,小米,谷类及制品,FOOD,RAW,生,煮熟后称重、充分搅拌,2,高,A2 生档案却写熟重 + A4 同原料口径不一致,营养数据是生食口径，却让按熟重称量；该原料在不同食谱里既写过生重又写过熟重,先定规则：改文案或改档案；统一口径
设计器草稿,李开心定制食谱（兔+猪）,小米,谷类及制品,FOOD,RAW,生,煮熟后称重、充分搅拌,2,高,A2 生档案却写熟重 + A4 同原料口径不一致,营养数据是生食口径，却让按熟重称量；该原料在不同食谱里既写过生重又写过熟重,先定规则：改文案或改档案；统一口径
设计器草稿,李开心定制食谱（兔+猪）,红薯,薯类及制品,FOOD,RAW,生,去皮、煮熟后称重、打碎、充分搅拌,2,高,A2 生档案却写熟重 + A4 同原料口径不一致,营养数据是生食口径，却让按熟重称量；该原料在不同食谱里既写过生重又写过熟重,先定规则：改文案或改档案；统一口径
设计器草稿,李开心定制食谱（兔+猪）,红薯,薯类及制品,FOOD,RAW,生,去皮、煮熟后称重、打碎、充分搅拌,2,高,A2 生档案却写熟重 + A4 同原料口径不一致,营养数据是生食口径，却让按熟重称量；该原料在不同食谱里既写过生重又写过熟重,先定规则：改文案或改档案；统一口径
设计器草稿,李开心定制食谱（兔+猪）,秋葵,蔬菜类及制品,FOOD,RAW,生,煮熟后称重、打碎、充分搅拌,2,高,A2 生档案却写熟重 + A4 同原料口径不一致,营养数据是生食口径，却让按熟重称量；该原料在不同食谱里既写过生重又写过熟重,先定规则：改文案或改档案；统一口径
设计器草稿,李开心定制食谱（兔+猪）,秋葵,蔬菜类及制品,FOOD,RAW,生,煮熟后称重、打碎、充分搅拌,2,高,A2 生档案却写熟重 + A4 同原料口径不一致,营养数据是生食口径，却让按熟重称量；该原料在不同食谱里既写过生重又写过熟重,先定规则：改文案或改档案；统一口径
设计器草稿,李皮皮 的鲜食食谱 07/02,藜麦,谷类及制品,FOOD,COOKED,熟,生重、打粉、充分搅拌,2,高,A1 熟档案却写生重 + A4 同原料口径不一致,营养数据是熟食口径，却让按生重称量；该原料在不同食谱里既写过生重又写过熟重,文案改「熟重」或「煮熟后称重」；统一口径
设计器草稿,李皮皮 的鲜食食谱 07/02,秋葵,蔬菜类及制品,FOOD,COOKED,熟,生重、打碎、充分搅拌,2,高,A1 熟档案却写生重 + A4 同原料口径不一致,营养数据是熟食口径，却让按生重称量；该原料在不同食谱里既写过生重又写过熟重,文案改「熟重」或「煮熟后称重」；统一口径
设计器草稿,李皮皮 的鲜食食谱 07/02,胡萝卜,蔬菜类及制品,FOOD,COOKED,熟,生重、打碎、充分搅拌,2,高,A1 熟档案却写生重 + A4 同原料口径不一致,营养数据是熟食口径，却让按生重称量；该原料在不同食谱里既写过生重又写过熟重,文案改「熟重」或「煮熟后称重」；统一口径
设计器草稿,李皮皮 的鲜食食谱 07/02,青口贝,水产类,FOOD,COOKED,熟,去壳、生重、打碎、充分搅拌,1,高,A1 熟档案却写生重,营养数据是熟食口径，却让按生重称量,文案改「熟重」或「煮熟后称重」
设计器草稿,杠铃 的鲜食食谱 07/25,三文鱼,水产类,FOOD,COOKED,熟,去皮、去骨、生重、打碎、充分搅拌,1,高,A1 熟档案却写生重,营养数据是熟食口径，却让按生重称量,文案改「熟重」或「煮熟后称重」
设计器草稿,杠铃 的鲜食食谱 07/25,鸭心,禽肉类及制品,FOOD,RAW,生,(空),1,高,B3 文案为空,没有任何制备/称重说明,按原料+档案状态补全标准文案
设计器草稿,杠铃 的鲜食食谱 07/25,青口贝,水产类,FOOD,COOKED,熟,去壳、生重、打碎、充分搅拌,1,高,A1 熟档案却写生重,营养数据是熟食口径，却让按生重称量,文案改「熟重」或「煮熟后称重」
设计器草稿,杠铃 的鲜食食谱 07/25,西兰花,蔬菜类及制品,FOOD,COOKED,熟,生重、打碎、充分搅拌,2,高,A1 熟档案却写生重 + A4 同原料口径不一致,营养数据是熟食口径，却让按生重称量；该原料在不同食谱里既写过生重又写过熟重,文案改「熟重」或「煮熟后称重」；统一口径
设计器草稿,杠铃 的鲜食食谱 07/25,猪肾,畜肉类及制品,FOOD,RAW,生,(空),1,高,B3 文案为空,没有任何制备/称重说明,按原料+档案状态补全标准文案
设计器草稿,来福 的鲜食食谱 08/06,鹅胸肉,禽肉类及制品,FOOD,RAW,生,(空),1,高,B3 文案为空,没有任何制备/称重说明,按原料+档案状态补全标准文案
设计器草稿,来福 的鲜食食谱 08/06,鳕鱼颈背肉,水产类,FOOD,RAW,生,(空),1,高,B3 文案为空,没有任何制备/称重说明,按原料+档案状态补全标准文案
设计器草稿,来福 的鲜食食谱 08/06,金针菇,菌藻类,FOOD,RAW,生,(空),1,高,B3 文案为空,没有任何制备/称重说明,按原料+档案状态补全标准文案
设计器草稿,桑迪 的鲜食食谱 07/25,黄瓜,蔬菜类及制品,FOOD,RAW,生,(空),1,高,B3 文案为空,没有任何制备/称重说明,按原料+档案状态补全标准文案
设计器草稿,桑迪 的鲜食食谱 07/25,紫薯,蔬菜类及制品,FOOD,RAW,生,(空),1,高,B3 文案为空,没有任何制备/称重说明,按原料+档案状态补全标准文案
设计器草稿,灿灿 的鲜食食谱 08/17,藜麦,谷类及制品,FOOD,COOKED,熟,生重、打粉、充分搅拌,2,高,A1 熟档案却写生重 + A4 同原料口径不一致,营养数据是熟食口径，却让按生重称量；该原料在不同食谱里既写过生重又写过熟重,文案改「熟重」或「煮熟后称重」；统一口径
设计器草稿,灿灿 的鲜食食谱 08/17,西兰花,蔬菜类及制品,FOOD,COOKED,熟,生重、打碎、充分搅拌,2,高,A1 熟档案却写生重 + A4 同原料口径不一致,营养数据是熟食口径，却让按生重称量；该原料在不同食谱里既写过生重又写过熟重,文案改「熟重」或「煮熟后称重」；统一口径
设计器草稿,灿灿 的鲜食食谱 08/17,鲜香菇,菌藻类,FOOD,COOKED,熟,生重、打碎、充分搅拌,1,高,A1 熟档案却写生重,营养数据是熟食口径，却让按生重称量,文案改「熟重」或「煮熟后称重」
设计器草稿,灿灿 的鲜食食谱 08/17,紫甘蓝,蔬菜类及制品,FOOD,COOKED,熟,生重、打碎、充分搅拌,2,高,A1 熟档案却写生重 + A4 同原料口径不一致,营养数据是熟食口径，却让按生重称量；该原料在不同食谱里既写过生重又写过熟重,文案改「熟重」或「煮熟后称重」；统一口径
设计器草稿,燕麦米比目鱼鸭肉,比目鱼,水产类,FOOD,RAW,生,(空),1,高,B3 文案为空,没有任何制备/称重说明,按原料+档案状态补全标准文案
设计器草稿,燕麦米比目鱼鸭肉,燕麦米,谷类及制品,FOOD,raw,生/干,(空),2,高,D1 状态枚举不规范 + B3 文案为空,营养档案状态写成「raw」，小写/非标准值会让所有语义校验静默失效；没有任何制备/称重说明,把状态枚举归一为 RAW/COOKED 等标准值；按原料+档案状态补全标准文案
设计器草稿,燕麦米比目鱼鸭肉,胡萝卜,蔬菜类及制品,FOOD,COOKED,熟,去皮、生重、打碎、充分搅拌,2,高,A1 熟档案却写生重 + A4 同原料口径不一致,营养数据是熟食口径，却让按生重称量；该原料在不同食谱里既写过生重又写过熟重,文案改「熟重」或「煮熟后称重」；统一口径
设计器草稿,燕麦米比目鱼鸭肉,紫甘蓝,蔬菜类及制品,FOOD,COOKED,熟,生重、打碎、充分搅拌,2,高,A1 熟档案却写生重 + A4 同原料口径不一致,营养数据是熟食口径，却让按生重称量；该原料在不同食谱里既写过生重又写过熟重,文案改「熟重」或「煮熟后称重」；统一口径
设计器草稿,燕麦米青花鱼鸭肉,燕麦米,谷类及制品,FOOD,raw,生/干,(空),2,高,D1 状态枚举不规范 + B3 文案为空,营养档案状态写成「raw」，小写/非标准值会让所有语义校验静默失效；没有任何制备/称重说明,把状态枚举归一为 RAW/COOKED 等标准值；按原料+档案状态补全标准文案
设计器草稿,燕麦米青花鱼鸭肉,燕麦米,谷类及制品,FOOD,raw,生/干,(空),2,高,D1 状态枚举不规范 + B3 文案为空,营养档案状态写成「raw」，小写/非标准值会让所有语义校验静默失效；没有任何制备/称重说明,把状态枚举归一为 RAW/COOKED 等标准值；按原料+档案状态补全标准文案
设计器草稿,燕麦米青花鱼鸭肉,燕麦米,谷类及制品,FOOD,raw,生/干,(空),2,高,D1 状态枚举不规范 + B3 文案为空,营养档案状态写成「raw」，小写/非标准值会让所有语义校验静默失效；没有任何制备/称重说明,把状态枚举归一为 RAW/COOKED 等标准值；按原料+档案状态补全标准文案
设计器草稿,燕麦米青花鱼鸭肉,紫甘蓝,蔬菜类及制品,FOOD,COOKED,熟,生重、打碎、充分搅拌,2,高,A1 熟档案却写生重 + A4 同原料口径不一致,营养数据是熟食口径，却让按生重称量；该原料在不同食谱里既写过生重又写过熟重,文案改「熟重」或「煮熟后称重」；统一口径
设计器草稿,燕麦米青花鱼鸭肉,紫甘蓝,蔬菜类及制品,FOOD,COOKED,熟,生重、打碎、充分搅拌,2,高,A1 熟档案却写生重 + A4 同原料口径不一致,营养数据是熟食口径，却让按生重称量；该原料在不同食谱里既写过生重又写过熟重,文案改「熟重」或「煮熟后称重」；统一口径
设计器草稿,燕麦米青花鱼鸭肉,紫甘蓝,蔬菜类及制品,FOOD,COOKED,熟,生重、打碎、充分搅拌,2,高,A1 熟档案却写生重 + A4 同原料口径不一致,营养数据是熟食口径，却让按生重称量；该原料在不同食谱里既写过生重又写过熟重,文案改「熟重」或「煮熟后称重」；统一口径
设计器草稿,燕麦米青花鱼鸭肉(财宝),燕麦米,谷类及制品,FOOD,raw,生/干,(空),2,高,D1 状态枚举不规范 + B3 文案为空,营养档案状态写成「raw」，小写/非标准值会让所有语义校验静默失效；没有任何制备/称重说明,把状态枚举归一为 RAW/COOKED 等标准值；按原料+档案状态补全标准文案
设计器草稿,燕麦米青花鱼鸭肉(财宝),燕麦米,谷类及制品,FOOD,raw,生/干,(空),2,高,D1 状态枚举不规范 + B3 文案为空,营养档案状态写成「raw」，小写/非标准值会让所有语义校验静默失效；没有任何制备/称重说明,把状态枚举归一为 RAW/COOKED 等标准值；按原料+档案状态补全标准文案
设计器草稿,燕麦米青花鱼鸭肉(财宝),紫甘蓝,蔬菜类及制品,FOOD,COOKED,熟,生重、打碎、充分搅拌,2,高,A1 熟档案却写生重 + A4 同原料口径不一致,营养数据是熟食口径，却让按生重称量；该原料在不同食谱里既写过生重又写过熟重,文案改「熟重」或「煮熟后称重」；统一口径
设计器草稿,燕麦米青花鱼鸭肉(财宝),紫甘蓝,蔬菜类及制品,FOOD,COOKED,熟,生重、打碎、充分搅拌,2,高,A1 熟档案却写生重 + A4 同原料口径不一致,营养数据是熟食口径，却让按生重称量；该原料在不同食谱里既写过生重又写过熟重,文案改「熟重」或「煮熟后称重」；统一口径
设计器草稿,燕麦鳕鱼猪肉,红薯,薯类及制品,FOOD,COOKED,熟,去皮、生重、打碎、充分搅拌,2,高,A1 熟档案却写生重 + A4 同原料口径不一致,营养数据是熟食口径，却让按生重称量；该原料在不同食谱里既写过生重又写过熟重,文案改「熟重」或「煮熟后称重」；统一口径
设计器草稿,燕麦鳕鱼猪肉,红薯,薯类及制品,FOOD,COOKED,熟,去皮、生重、打碎、充分搅拌,2,高,A1 熟档案却写生重 + A4 同原料口径不一致,营养数据是熟食口径，却让按生重称量；该原料在不同食谱里既写过生重又写过熟重,文案改「熟重」或「煮熟后称重」；统一口径
设计器草稿,燕麦鳕鱼猪肉,红薯,薯类及制品,FOOD,COOKED,熟,去皮、生重、打碎、充分搅拌,2,高,A1 熟档案却写生重 + A4 同原料口径不一致,营养数据是熟食口径，却让按生重称量；该原料在不同食谱里既写过生重又写过熟重,文案改「熟重」或「煮熟后称重」；统一口径
设计器草稿,燕麦鳕鱼猪肉,红薯,薯类及制品,FOOD,COOKED,熟,去皮、生重、打碎、充分搅拌,2,高,A1 熟档案却写生重 + A4 同原料口径不一致,营养数据是熟食口径，却让按生重称量；该原料在不同食谱里既写过生重又写过熟重,文案改「熟重」或「煮熟后称重」；统一口径
设计器草稿,燕麦鳕鱼猪肉,红薯,薯类及制品,FOOD,COOKED,熟,去皮、生重、打碎、充分搅拌,2,高,A1 熟档案却写生重 + A4 同原料口径不一致,营养数据是熟食口径，却让按生重称量；该原料在不同食谱里既写过生重又写过熟重,文案改「熟重」或「煮熟后称重」；统一口径
设计器草稿,燕麦鳕鱼猪肉,红薯,薯类及制品,FOOD,COOKED,熟,去皮、生重、打碎、充分搅拌,2,高,A1 熟档案却写生重 + A4 同原料口径不一致,营养数据是熟食口径，却让按生重称量；该原料在不同食谱里既写过生重又写过熟重,文案改「熟重」或「煮熟后称重」；统一口径
设计器草稿,燕麦鳕鱼猪肉,红薯,薯类及制品,FOOD,COOKED,熟,去皮、生重、打碎、充分搅拌,2,高,A1 熟档案却写生重 + A4 同原料口径不一致,营养数据是熟食口径，却让按生重称量；该原料在不同食谱里既写过生重又写过熟重,文案改「熟重」或「煮熟后称重」；统一口径
设计器草稿,燕麦鳕鱼猪肉,红薯,薯类及制品,FOOD,COOKED,熟,去皮、生重、打碎、充分搅拌,2,高,A1 熟档案却写生重 + A4 同原料口径不一致,营养数据是熟食口径，却让按生重称量；该原料在不同食谱里既写过生重又写过熟重,文案改「熟重」或「煮熟后称重」；统一口径
设计器草稿,燕麦鳕鱼猪肉,红薯,薯类及制品,FOOD,COOKED,熟,去皮、生重、打碎、充分搅拌,2,高,A1 熟档案却写生重 + A4 同原料口径不一致,营养数据是熟食口径，却让按生重称量；该原料在不同食谱里既写过生重又写过熟重,文案改「熟重」或「煮熟后称重」；统一口径
设计器草稿,燕麦鳕鱼猪肉,西兰花,蔬菜类及制品,FOOD,COOKED,熟,生重、打碎、充分搅拌,2,高,A1 熟档案却写生重 + A4 同原料口径不一致,营养数据是熟食口径，却让按生重称量；该原料在不同食谱里既写过生重又写过熟重,文案改「熟重」或「煮熟后称重」；统一口径
设计器草稿,燕麦鳕鱼猪肉,西兰花,蔬菜类及制品,FOOD,COOKED,熟,生重、打碎、充分搅拌,2,高,A1 熟档案却写生重 + A4 同原料口径不一致,营养数据是熟食口径，却让按生重称量；该原料在不同食谱里既写过生重又写过熟重,文案改「熟重」或「煮熟后称重」；统一口径
设计器草稿,燕麦鳕鱼猪肉,西兰花,蔬菜类及制品,FOOD,COOKED,熟,生重、打碎、充分搅拌,2,高,A1 熟档案却写生重 + A4 同原料口径不一致,营养数据是熟食口径，却让按生重称量；该原料在不同食谱里既写过生重又写过熟重,文案改「熟重」或「煮熟后称重」；统一口径
设计器草稿,燕麦鳕鱼猪肉,西兰花,蔬菜类及制品,FOOD,COOKED,熟,生重、打碎、充分搅拌,2,高,A1 熟档案却写生重 + A4 同原料口径不一致,营养数据是熟食口径，却让按生重称量；该原料在不同食谱里既写过生重又写过熟重,文案改「熟重」或「煮熟后称重」；统一口径
设计器草稿,燕麦鳕鱼猪肉,西兰花,蔬菜类及制品,FOOD,COOKED,熟,生重、打碎、充分搅拌,2,高,A1 熟档案却写生重 + A4 同原料口径不一致,营养数据是熟食口径，却让按生重称量；该原料在不同食谱里既写过生重又写过熟重,文案改「熟重」或「煮熟后称重」；统一口径
设计器草稿,燕麦鳕鱼猪肉,西兰花,蔬菜类及制品,FOOD,COOKED,熟,生重、打碎、充分搅拌,2,高,A1 熟档案却写生重 + A4 同原料口径不一致,营养数据是熟食口径，却让按生重称量；该原料在不同食谱里既写过生重又写过熟重,文案改「熟重」或「煮熟后称重」；统一口径
设计器草稿,燕麦鳕鱼猪肉,西兰花,蔬菜类及制品,FOOD,COOKED,熟,生重、打碎、充分搅拌,2,高,A1 熟档案却写生重 + A4 同原料口径不一致,营养数据是熟食口径，却让按生重称量；该原料在不同食谱里既写过生重又写过熟重,文案改「熟重」或「煮熟后称重」；统一口径
设计器草稿,燕麦鳕鱼猪肉,西兰花,蔬菜类及制品,FOOD,COOKED,熟,生重、打碎、充分搅拌,2,高,A1 熟档案却写生重 + A4 同原料口径不一致,营养数据是熟食口径，却让按生重称量；该原料在不同食谱里既写过生重又写过熟重,文案改「熟重」或「煮熟后称重」；统一口径
设计器草稿,燕麦鳕鱼猪肉,西兰花,蔬菜类及制品,FOOD,COOKED,熟,生重、打碎、充分搅拌,2,高,A1 熟档案却写生重 + A4 同原料口径不一致,营养数据是熟食口径，却让按生重称量；该原料在不同食谱里既写过生重又写过熟重,文案改「熟重」或「煮熟后称重」；统一口径
设计器草稿,燕麦鳕鱼猪肉,红甜椒,蔬菜类及制品,FOOD,COOKED,熟,去瓤、生重、打碎、充分搅拌,2,高,A1 熟档案却写生重 + A4 同原料口径不一致,营养数据是熟食口径，却让按生重称量；该原料在不同食谱里既写过生重又写过熟重,文案改「熟重」或「煮熟后称重」；统一口径
设计器草稿,燕麦鳕鱼猪肉,红甜椒,蔬菜类及制品,FOOD,COOKED,熟,去瓤、生重、打碎、充分搅拌,2,高,A1 熟档案却写生重 + A4 同原料口径不一致,营养数据是熟食口径，却让按生重称量；该原料在不同食谱里既写过生重又写过熟重,文案改「熟重」或「煮熟后称重」；统一口径
设计器草稿,燕麦鳕鱼猪肉,红甜椒,蔬菜类及制品,FOOD,COOKED,熟,去瓤、生重、打碎、充分搅拌,2,高,A1 熟档案却写生重 + A4 同原料口径不一致,营养数据是熟食口径，却让按生重称量；该原料在不同食谱里既写过生重又写过熟重,文案改「熟重」或「煮熟后称重」；统一口径
设计器草稿,燕麦鳕鱼猪肉,红甜椒,蔬菜类及制品,FOOD,COOKED,熟,去瓤、生重、打碎、充分搅拌,2,高,A1 熟档案却写生重 + A4 同原料口径不一致,营养数据是熟食口径，却让按生重称量；该原料在不同食谱里既写过生重又写过熟重,文案改「熟重」或「煮熟后称重」；统一口径
设计器草稿,燕麦鳕鱼猪肉,红甜椒,蔬菜类及制品,FOOD,COOKED,熟,去瓤、生重、打碎、充分搅拌,2,高,A1 熟档案却写生重 + A4 同原料口径不一致,营养数据是熟食口径，却让按生重称量；该原料在不同食谱里既写过生重又写过熟重,文案改「熟重」或「煮熟后称重」；统一口径
设计器草稿,燕麦鳕鱼猪肉,红甜椒,蔬菜类及制品,FOOD,COOKED,熟,去瓤、生重、打碎、充分搅拌,2,高,A1 熟档案却写生重 + A4 同原料口径不一致,营养数据是熟食口径，却让按生重称量；该原料在不同食谱里既写过生重又写过熟重,文案改「熟重」或「煮熟后称重」；统一口径
设计器草稿,牛牛定制食谱,大米,谷类及制品,FOOD,RAW,生,煮熟后称重、打碎、充分搅拌,1,高,A2 生档案却写熟重,营养数据是生食口径，却让按熟重称量,先定规则：改文案或改档案
设计器草稿,牛牛的定制食谱（兔）20260914,小米,谷类及制品,FOOD,COOKED,熟,生重、打碎、充分搅拌,2,高,A1 熟档案却写生重 + A4 同原料口径不一致,营养数据是熟食口径，却让按生重称量；该原料在不同食谱里既写过生重又写过熟重,文案改「熟重」或「煮熟后称重」；统一口径
设计器草稿,牛牛的定制食谱（兔）20260914,小米,谷类及制品,FOOD,COOKED,熟,生重、打碎、充分搅拌,2,高,A1 熟档案却写生重 + A4 同原料口径不一致,营养数据是熟食口径，却让按生重称量；该原料在不同食谱里既写过生重又写过熟重,文案改「熟重」或「煮熟后称重」；统一口径
设计器草稿,牛牛的定制食谱（兔）20260914,娃娃菜,蔬菜类及制品,FOOD,COOKED,熟,生重、打碎、充分搅拌,1,高,A1 熟档案却写生重,营养数据是熟食口径，却让按生重称量,文案改「熟重」或「煮熟后称重」
设计器草稿,牛牛的定制食谱（兔）20260914,娃娃菜,蔬菜类及制品,FOOD,COOKED,熟,生重、打碎、充分搅拌,1,高,A1 熟档案却写生重,营养数据是熟食口径，却让按生重称量,文案改「熟重」或「煮熟后称重」
设计器草稿,牛牛的定制食谱（兔）20260914,鲜香菇,菌藻类,FOOD,COOKED,熟,生重、打碎、充分搅拌,1,高,A1 熟档案却写生重,营养数据是熟食口径，却让按生重称量,文案改「熟重」或「煮熟后称重」
设计器草稿,牛牛的定制食谱（兔）20260914,鲜香菇,菌藻类,FOOD,COOKED,熟,生重、打碎、充分搅拌,1,高,A1 熟档案却写生重,营养数据是熟食口径，却让按生重称量,文案改「熟重」或「煮熟后称重」
设计器草稿,牛牛的定制食谱（牛）20260914,黑米,谷类及制品,FOOD,cooked,熟/米饭,煮熟后打碎,3,高,D1 状态枚举不规范 + B5 非标准词 + A3 熟档案未写口径,营养档案状态写成「cooked」，小写/非标准值会让所有语义校验静默失效；自由文本：煮熟后打碎；没写按生重还是熟重称量,把状态枚举归一为 RAW/COOKED 等标准值；归入受控词表或补进字典；补「熟重」
设计器草稿,牛牛的定制食谱（牛）20260914,黑米,谷类及制品,FOOD,cooked,熟/米饭,煮熟后打碎,3,高,D1 状态枚举不规范 + B5 非标准词 + A3 熟档案未写口径,营养档案状态写成「cooked」，小写/非标准值会让所有语义校验静默失效；自由文本：煮熟后打碎；没写按生重还是熟重称量,把状态枚举归一为 RAW/COOKED 等标准值；归入受控词表或补进字典；补「熟重」
设计器草稿,牛牛的定制食谱（牛）20260914,紫甘蓝,蔬菜类及制品,FOOD,COOKED,熟,生重、打碎、充分搅拌,2,高,A1 熟档案却写生重 + A4 同原料口径不一致,营养数据是熟食口径，却让按生重称量；该原料在不同食谱里既写过生重又写过熟重,文案改「熟重」或「煮熟后称重」；统一口径
设计器草稿,牛牛的定制食谱（牛）20260914,紫甘蓝,蔬菜类及制品,FOOD,COOKED,熟,生重、打碎、充分搅拌,2,高,A1 熟档案却写生重 + A4 同原料口径不一致,营养数据是熟食口径，却让按生重称量；该原料在不同食谱里既写过生重又写过熟重,文案改「熟重」或「煮熟后称重」；统一口径
设计器草稿,牛牛的定制食谱（牛）20260914,红甜椒,蔬菜类及制品,FOOD,COOKED,熟,去瓤、生重、打碎、充分搅拌,2,高,A1 熟档案却写生重 + A4 同原料口径不一致,营养数据是熟食口径，却让按生重称量；该原料在不同食谱里既写过生重又写过熟重,文案改「熟重」或「煮熟后称重」；统一口径
设计器草稿,牛牛的定制食谱（牛）20260914,红甜椒,蔬菜类及制品,FOOD,COOKED,熟,去瓤、生重、打碎、充分搅拌,2,高,A1 熟档案却写生重 + A4 同原料口径不一致,营养数据是熟食口径，却让按生重称量；该原料在不同食谱里既写过生重又写过熟重,文案改「熟重」或「煮熟后称重」；统一口径
设计器草稿,牛牛的定制食谱（牛）20260914,南瓜,蔬菜类及制品,FOOD,COOKED,熟,去皮、去瓤、生重、打碎、充分搅拌,2,高,A1 熟档案却写生重 + A4 同原料口径不一致,营养数据是熟食口径，却让按生重称量；该原料在不同食谱里既写过生重又写过熟重,文案改「熟重」或「煮熟后称重」；统一口径
设计器草稿,牛牛的定制食谱（牛）20260914,南瓜,蔬菜类及制品,FOOD,COOKED,熟,去皮、去瓤、生重、打碎、充分搅拌,2,高,A1 熟档案却写生重 + A4 同原料口径不一致,营养数据是熟食口径，却让按生重称量；该原料在不同食谱里既写过生重又写过熟重,文案改「熟重」或「煮熟后称重」；统一口径
设计器草稿,牛牛的定制食谱（牛）20260914,白蘑菇,菌藻类,FOOD,COOKED,熟,生重、打碎、充分搅拌,1,高,A1 熟档案却写生重,营养数据是熟食口径，却让按生重称量,文案改「熟重」或「煮熟后称重」
设计器草稿,牛牛的定制食谱（牛）20260914,白蘑菇,菌藻类,FOOD,COOKED,熟,生重、打碎、充分搅拌,1,高,A1 熟档案却写生重,营养数据是熟食口径，却让按生重称量,文案改「熟重」或「煮熟后称重」
设计器草稿,牛牛的定制食谱（鸭）20260914,藜麦,谷类及制品,FOOD,COOKED,熟,生重、打碎、充分搅拌,2,高,A1 熟档案却写生重 + A4 同原料口径不一致,营养数据是熟食口径，却让按生重称量；该原料在不同食谱里既写过生重又写过熟重,文案改「熟重」或「煮熟后称重」；统一口径
设计器草稿,牛牛的定制食谱（鸭）20260914,藜麦,谷类及制品,FOOD,COOKED,熟,生重、打碎、充分搅拌,2,高,A1 熟档案却写生重 + A4 同原料口径不一致,营养数据是熟食口径，却让按生重称量；该原料在不同食谱里既写过生重又写过熟重,文案改「熟重」或「煮熟后称重」；统一口径
设计器草稿,牛牛的定制食谱（鸭）20260914,白萝卜,蔬菜类及制品,FOOD,COOKED,熟,生重、打碎、静置30分钟、充分搅拌,2,高,A1 熟档案却写生重 + A4 同原料口径不一致,营养数据是熟食口径，却让按生重称量；该原料在不同食谱里既写过生重又写过熟重,文案改「熟重」或「煮熟后称重」；统一口径
设计器草稿,牛牛的定制食谱（鸭）20260914,白萝卜,蔬菜类及制品,FOOD,COOKED,熟,生重、打碎、静置30分钟、充分搅拌,2,高,A1 熟档案却写生重 + A4 同原料口径不一致,营养数据是熟食口径，却让按生重称量；该原料在不同食谱里既写过生重又写过熟重,文案改「熟重」或「煮熟后称重」；统一口径
设计器草稿,牛牛的定制食谱（鸭）20260914,绿豆芽,蔬菜类及制品,FOOD,COOKED,熟,生重、打碎、充分搅拌,2,高,A1 熟档案却写生重 + A4 同原料口径不一致,营养数据是熟食口径，却让按生重称量；该原料在不同食谱里既写过生重又写过熟重,文案改「熟重」或「煮熟后称重」；统一口径
设计器草稿,牛牛的定制食谱（鸭）20260914,绿豆芽,蔬菜类及制品,FOOD,COOKED,熟,生重、打碎、充分搅拌,2,高,A1 熟档案却写生重 + A4 同原料口径不一致,营养数据是熟食口径，却让按生重称量；该原料在不同食谱里既写过生重又写过熟重,文案改「熟重」或「煮熟后称重」；统一口径
设计器草稿,牛肉食谱,猪肾,畜肉类及制品,FOOD,RAW,生,(空),1,高,B3 文案为空,没有任何制备/称重说明,按原料+档案状态补全标准文案
设计器草稿,牛肉食谱,红甜椒,蔬菜类及制品,FOOD,RAW,生,去籽、煮熟后称重、打碎、充分搅拌,3,高,B5 非标准词 + A2 生档案却写熟重 + A4 同原料口径不一致,自由文本：去籽；营养数据是生食口径，却让按熟重称量；该原料在不同食谱里既写过生重又写过熟重,归入受控词表或补进字典；先定规则：改文案或改档案；统一口径
设计器草稿,牛肉食谱,西葫芦,蔬菜类及制品,FOOD,RAW,生,煮熟后称重、打碎、充分搅拌,1,高,A2 生档案却写熟重,营养数据是生食口径，却让按熟重称量,先定规则：改文案或改档案
设计器草稿,牛肉食谱,南瓜,蔬菜类及制品,FOOD,RAW,生,去瓤、去皮、煮熟后沥水、称重、打碎、充分搅拌,3,高,B5 非标准词 + A2 生档案却写熟重 + A4 同原料口径不一致,自由文本：煮熟后沥水 / 称重；营养数据是生食口径，却让按熟重称量；该原料在不同食谱里既写过生重又写过熟重,归入受控词表或补进字典；先定规则：改文案或改档案；统一口径
设计器草稿,牛肉食谱,藜麦,谷类及制品,FOOD,COOKED,熟,生重、打粉、充分搅拌,2,高,A1 熟档案却写生重 + A4 同原料口径不一致,营养数据是熟食口径，却让按生重称量；该原料在不同食谱里既写过生重又写过熟重,文案改「熟重」或「煮熟后称重」；统一口径
设计器草稿,犇犇 的鲜食食谱 08/03,南美对虾虾仁,水产类,FOOD,raw,生,(空),2,高,D1 状态枚举不规范 + B3 文案为空,营养档案状态写成「raw」，小写/非标准值会让所有语义校验静默失效；没有任何制备/称重说明,把状态枚举归一为 RAW/COOKED 等标准值；按原料+档案状态补全标准文案
设计器草稿,犇犇 的鲜食食谱 08/03,南瓜,蔬菜类及制品,FOOD,RAW,生,去皮、去瓤、煮熟后称重、打碎、充分搅拌,2,高,A2 生档案却写熟重 + A4 同原料口径不一致,营养数据是生食口径，却让按熟重称量；该原料在不同食谱里既写过生重又写过熟重,先定规则：改文案或改档案；统一口径
设计器草稿,猪里脊青花鱼藜麦小米,小米,谷类及制品,FOOD,RAW,生,煮熟后称重、充分搅拌,2,高,A2 生档案却写熟重 + A4 同原料口径不一致,营养数据是生食口径，却让按熟重称量；该原料在不同食谱里既写过生重又写过熟重,先定规则：改文案或改档案；统一口径
设计器草稿,猪里脊青花鱼藜麦小米,小米,谷类及制品,FOOD,RAW,生,煮熟后称重、充分搅拌,2,高,A2 生档案却写熟重 + A4 同原料口径不一致,营养数据是生食口径，却让按熟重称量；该原料在不同食谱里既写过生重又写过熟重,先定规则：改文案或改档案；统一口径
设计器草稿,猪里脊青花鱼藜麦小米,小米,谷类及制品,FOOD,RAW,生,煮熟后称重、充分搅拌,2,高,A2 生档案却写熟重 + A4 同原料口径不一致,营养数据是生食口径，却让按熟重称量；该原料在不同食谱里既写过生重又写过熟重,先定规则：改文案或改档案；统一口径
设计器草稿,猪里脊青花鱼藜麦小米,小米,谷类及制品,FOOD,RAW,生,煮熟后称重、充分搅拌,2,高,A2 生档案却写熟重 + A4 同原料口径不一致,营养数据是生食口径，却让按熟重称量；该原料在不同食谱里既写过生重又写过熟重,先定规则：改文案或改档案；统一口径
设计器草稿,猪里脊青花鱼藜麦小米,小米,谷类及制品,FOOD,RAW,生,煮熟后称重、充分搅拌,2,高,A2 生档案却写熟重 + A4 同原料口径不一致,营养数据是生食口径，却让按熟重称量；该原料在不同食谱里既写过生重又写过熟重,先定规则：改文案或改档案；统一口径
设计器草稿,猪里脊青花鱼藜麦小米,四季豆,蔬菜类及制品,FOOD,RAW,生,煮熟后沥水称重、打碎后充分搅拌,2,高,B5 非标准词 + A2 生档案却写熟重,自由文本：煮熟后沥水称重 / 打碎后充分搅拌；营养数据是生食口径，却让按熟重称量,归入受控词表或补进字典；先定规则：改文案或改档案
设计器草稿,猪里脊青花鱼藜麦小米,四季豆,蔬菜类及制品,FOOD,RAW,生,煮熟后沥水称重、打碎后充分搅拌,2,高,B5 非标准词 + A2 生档案却写熟重,自由文本：煮熟后沥水称重 / 打碎后充分搅拌；营养数据是生食口径，却让按熟重称量,归入受控词表或补进字典；先定规则：改文案或改档案
设计器草稿,猪里脊青花鱼藜麦小米,四季豆,蔬菜类及制品,FOOD,RAW,生,煮熟后沥水称重、打碎后充分搅拌,2,高,B5 非标准词 + A2 生档案却写熟重,自由文本：煮熟后沥水称重 / 打碎后充分搅拌；营养数据是生食口径，却让按熟重称量,归入受控词表或补进字典；先定规则：改文案或改档案
设计器草稿,猪里脊青花鱼藜麦小米,四季豆,蔬菜类及制品,FOOD,RAW,生,煮熟后沥水称重、打碎后充分搅拌,2,高,B5 非标准词 + A2 生档案却写熟重,自由文本：煮熟后沥水称重 / 打碎后充分搅拌；营养数据是生食口径，却让按熟重称量,归入受控词表或补进字典；先定规则：改文案或改档案
设计器草稿,猪里脊青花鱼藜麦小米,四季豆,蔬菜类及制品,FOOD,RAW,生,煮熟后沥水称重、打碎后充分搅拌,2,高,B5 非标准词 + A2 生档案却写熟重,自由文本：煮熟后沥水称重 / 打碎后充分搅拌；营养数据是生食口径，却让按熟重称量,归入受控词表或补进字典；先定规则：改文案或改档案
设计器草稿,王小力 的鲜食食谱 08/26,鹅胸肉,禽肉类及制品,FOOD,RAW,生,(空),1,高,B3 文案为空,没有任何制备/称重说明,按原料+档案状态补全标准文案
设计器草稿,百万 的鲜食食谱 07/28,鸡胸,禽肉类及制品,FOOD,COOKED,熟,去皮、去骨、生重、打碎、充分搅拌,1,高,A1 熟档案却写生重,营养数据是熟食口径，却让按生重称量,文案改「熟重」或「煮熟后称重」
设计器草稿,百万 的鲜食食谱 07/28,猪心,畜肉类及制品,FOOD,COOKED,熟,生重、打碎、充分搅拌,1,高,A1 熟档案却写生重,营养数据是熟食口径，却让按生重称量,文案改「熟重」或「煮熟后称重」
设计器草稿,百万 的鲜食食谱 07/28,猪肾,畜肉类及制品,FOOD,COOKED,熟,(空),2,高,B3 文案为空 + A3 熟档案未写口径,没有任何制备/称重说明；没写按生重还是熟重称量,按原料+档案状态补全标准文案；补「熟重」
设计器草稿,百万 的鲜食食谱 07/28,鸡肝,禽肉类及制品,FOOD,COOKED,熟,去油、生重、打碎、充分搅拌,1,高,A1 熟档案却写生重,营养数据是熟食口径，却让按生重称量,文案改「熟重」或「煮熟后称重」
设计器草稿,百万 的鲜食食谱 07/28,青花鱼,水产类,FOOD,COOKED,熟,去骨、生重、打碎、充分搅拌,1,高,A1 熟档案却写生重,营养数据是熟食口径，却让按生重称量,文案改「熟重」或「煮熟后称重」
设计器草稿,百万 的鲜食食谱 07/28,青口贝,水产类,FOOD,COOKED,熟,去壳、生重、打碎、充分搅拌,1,高,A1 熟档案却写生重,营养数据是熟食口径，却让按生重称量,文案改「熟重」或「煮熟后称重」
设计器草稿,百万 的鲜食食谱 07/28,小米,谷类及制品,FOOD,COOKED,熟,生重、充分搅拌,2,高,A1 熟档案却写生重 + A4 同原料口径不一致,营养数据是熟食口径，却让按生重称量；该原料在不同食谱里既写过生重又写过熟重,文案改「熟重」或「煮熟后称重」；统一口径
设计器草稿,百万 的鲜食食谱 07/28,胡萝卜,蔬菜类及制品,FOOD,COOKED,熟,生重、打碎、充分搅拌,2,高,A1 熟档案却写生重 + A4 同原料口径不一致,营养数据是熟食口径，却让按生重称量；该原料在不同食谱里既写过生重又写过熟重,文案改「熟重」或「煮熟后称重」；统一口径
设计器草稿,百万 的鲜食食谱 07/28,鲜香菇,菌藻类,FOOD,COOKED,熟,生重、打碎、充分搅拌,1,高,A1 熟档案却写生重,营养数据是熟食口径，却让按生重称量,文案改「熟重」或「煮熟后称重」
设计器草稿,百万 的鲜食食谱 07/28,沙丁鱼,水产类,FOOD,RAW,生,(空),1,高,B3 文案为空,没有任何制备/称重说明,按原料+档案状态补全标准文案
设计器草稿,秋菊 的鲜食食谱 06/28,兔里脊,畜肉类及制品,FOOD,COOKED,熟,去油、生重、打碎、充分搅拌,1,高,A1 熟档案却写生重,营养数据是熟食口径，却让按生重称量,文案改「熟重」或「煮熟后称重」
设计器草稿,秋菊 的鲜食食谱 06/28,牛心,畜肉类及制品,FOOD,COOKED,熟,去油、生重、打碎、充分搅拌,1,高,A1 熟档案却写生重,营养数据是熟食口径，却让按生重称量,文案改「熟重」或「煮熟后称重」
设计器草稿,秋菊 的鲜食食谱 06/28,青花鱼,水产类,FOOD,COOKED,熟,去骨、生重、打碎、充分搅拌,1,高,A1 熟档案却写生重,营养数据是熟食口径，却让按生重称量,文案改「熟重」或「煮熟后称重」
设计器草稿,秋菊 的鲜食食谱 06/28,青口贝,水产类,FOOD,COOKED,熟,去壳、生重、打碎、充分搅拌,1,高,A1 熟档案却写生重,营养数据是熟食口径，却让按生重称量,文案改「熟重」或「煮熟后称重」
设计器草稿,秋菊 的鲜食食谱 06/28,生蚝,水产类,FOOD,COOKED,熟,去壳、生重、打碎、充分搅拌,1,高,A1 熟档案却写生重,营养数据是熟食口径，却让按生重称量,文案改「熟重」或「煮熟后称重」
设计器草稿,秋菊 的鲜食食谱 08/02,鸭胗,禽肉类及制品,FOOD,RAW,生,(空),1,高,B3 文案为空,没有任何制备/称重说明,按原料+档案状态补全标准文案
设计器草稿,秋菊 的鲜食食谱 08/02,猪肾,畜肉类及制品,FOOD,RAW,生,(空),1,高,B3 文案为空,没有任何制备/称重说明,按原料+档案状态补全标准文案
设计器草稿,秋菊 的鲜食食谱 08/02,小米,谷类及制品,FOOD,RAW,生,煮熟后称重、充分搅拌,2,高,A2 生档案却写熟重 + A4 同原料口径不一致,营养数据是生食口径，却让按熟重称量；该原料在不同食谱里既写过生重又写过熟重,先定规则：改文案或改档案；统一口径
设计器草稿,秋菊 的鲜食食谱 08/02,藜麦,谷类及制品,FOOD,COOKED,熟,生重、打粉、充分搅拌,2,高,A1 熟档案却写生重 + A4 同原料口径不一致,营养数据是熟食口径，却让按生重称量；该原料在不同食谱里既写过生重又写过熟重,文案改「熟重」或「煮熟后称重」；统一口径
设计器草稿,秋葵藜麦米牛肉鸡胸,秋葵,蔬菜类及制品,FOOD,COOKED,熟,生重、打碎、充分搅拌,2,高,A1 熟档案却写生重 + A4 同原料口径不一致,营养数据是熟食口径，却让按生重称量；该原料在不同食谱里既写过生重又写过熟重,文案改「熟重」或「煮熟后称重」；统一口径
设计器草稿,秋葵藜麦米牛肉鸡胸,秋葵,蔬菜类及制品,FOOD,COOKED,熟,生重、打碎、充分搅拌,2,高,A1 熟档案却写生重 + A4 同原料口径不一致,营养数据是熟食口径，却让按生重称量；该原料在不同食谱里既写过生重又写过熟重,文案改「熟重」或「煮熟后称重」；统一口径
设计器草稿,糙米三文鱼猪里脊(烟花),紫薯,蔬菜类及制品,FOOD,COOKED,熟,(空),2,高,B3 文案为空 + A3 熟档案未写口径,没有任何制备/称重说明；没写按生重还是熟重称量,按原料+档案状态补全标准文案；补「熟重」
设计器草稿,糙米三文鱼猪里脊(烟花),紫薯,蔬菜类及制品,FOOD,COOKED,熟,(空),2,高,B3 文案为空 + A3 熟档案未写口径,没有任何制备/称重说明；没写按生重还是熟重称量,按原料+档案状态补全标准文案；补「熟重」
设计器草稿,糙米三文鱼猪里脊(烟花),紫薯,蔬菜类及制品,FOOD,COOKED,熟,(空),2,高,B3 文案为空 + A3 熟档案未写口径,没有任何制备/称重说明；没写按生重还是熟重称量,按原料+档案状态补全标准文案；补「熟重」
设计器草稿,糙米三文鱼猪里脊(烟花),紫薯,蔬菜类及制品,FOOD,COOKED,熟,(空),2,高,B3 文案为空 + A3 熟档案未写口径,没有任何制备/称重说明；没写按生重还是熟重称量,按原料+档案状态补全标准文案；补「熟重」
设计器草稿,糙米三文鱼猪里脊(烟花),娃娃菜,蔬菜类及制品,FOOD,COOKED,熟,生重、打碎、充分搅拌,1,高,A1 熟档案却写生重,营养数据是熟食口径，却让按生重称量,文案改「熟重」或「煮熟后称重」
设计器草稿,糙米三文鱼猪里脊(烟花),娃娃菜,蔬菜类及制品,FOOD,COOKED,熟,生重、打碎、充分搅拌,1,高,A1 熟档案却写生重,营养数据是熟食口径，却让按生重称量,文案改「熟重」或「煮熟后称重」
设计器草稿,糙米三文鱼猪里脊(烟花),娃娃菜,蔬菜类及制品,FOOD,COOKED,熟,生重、打碎、充分搅拌,1,高,A1 熟档案却写生重,营养数据是熟食口径，却让按生重称量,文案改「熟重」或「煮熟后称重」
设计器草稿,糙米三文鱼猪里脊(烟花),娃娃菜,蔬菜类及制品,FOOD,COOKED,熟,生重、打碎、充分搅拌,1,高,A1 熟档案却写生重,营养数据是熟食口径，却让按生重称量,文案改「熟重」或「煮熟后称重」
设计器草稿,糙米三文鱼鸭肉,糙米,谷类及制品,FOOD,RAW,生,煮熟后称重、充分搅拌,2,高,A2 生档案却写熟重 + A4 同原料口径不一致,营养数据是生食口径，却让按熟重称量；该原料在不同食谱里既写过生重又写过熟重,先定规则：改文案或改档案；统一口径
设计器草稿,糙米三文鱼鸭肉,红薯,薯类及制品,FOOD,RAW,生,去皮、煮熟后称重、打碎、充分搅拌,2,高,A2 生档案却写熟重 + A4 同原料口径不一致,营养数据是生食口径，却让按熟重称量；该原料在不同食谱里既写过生重又写过熟重,先定规则：改文案或改档案；统一口径
设计器草稿,糙米三文鱼鸭胸鹿腿,糙米,谷类及制品,FOOD,RAW,生,煮熟后称重、充分搅拌,2,高,A2 生档案却写熟重 + A4 同原料口径不一致,营养数据是生食口径，却让按熟重称量；该原料在不同食谱里既写过生重又写过熟重,先定规则：改文案或改档案；统一口径
设计器草稿,糙米三文鱼鸭胸鹿腿,糙米,谷类及制品,FOOD,RAW,生,煮熟后称重、充分搅拌,2,高,A2 生档案却写熟重 + A4 同原料口径不一致,营养数据是生食口径，却让按熟重称量；该原料在不同食谱里既写过生重又写过熟重,先定规则：改文案或改档案；统一口径
设计器草稿,糙米三文鱼鸭胸鹿腿,西兰花,蔬菜类及制品,FOOD,COOKED,熟,生重、打碎、充分搅拌,2,高,A1 熟档案却写生重 + A4 同原料口径不一致,营养数据是熟食口径，却让按生重称量；该原料在不同食谱里既写过生重又写过熟重,文案改「熟重」或「煮熟后称重」；统一口径
设计器草稿,糙米三文鱼鸭胸鹿腿,西兰花,蔬菜类及制品,FOOD,COOKED,熟,生重、打碎、充分搅拌,2,高,A1 熟档案却写生重 + A4 同原料口径不一致,营养数据是熟食口径，却让按生重称量；该原料在不同食谱里既写过生重又写过熟重,文案改「熟重」或「煮熟后称重」；统一口径
设计器草稿,糙米三文鱼鸭胸鹿腿,西兰花,蔬菜类及制品,FOOD,COOKED,熟,生重、打碎、充分搅拌,2,高,A1 熟档案却写生重 + A4 同原料口径不一致,营养数据是熟食口径，却让按生重称量；该原料在不同食谱里既写过生重又写过熟重,文案改「熟重」或「煮熟后称重」；统一口径
设计器草稿,糙米三文鱼鸭胸鹿腿,西兰花,蔬菜类及制品,FOOD,COOKED,熟,生重、打碎、充分搅拌,2,高,A1 熟档案却写生重 + A4 同原料口径不一致,营养数据是熟食口径，却让按生重称量；该原料在不同食谱里既写过生重又写过熟重,文案改「熟重」或「煮熟后称重」；统一口径
设计器草稿,糙米三文鱼鸭胸鹿腿,西兰花,蔬菜类及制品,FOOD,COOKED,熟,生重、打碎、充分搅拌,2,高,A1 熟档案却写生重 + A4 同原料口径不一致,营养数据是熟食口径，却让按生重称量；该原料在不同食谱里既写过生重又写过熟重,文案改「熟重」或「煮熟后称重」；统一口径
设计器草稿,糙米三文鱼鸭胸鹿腿,西兰花,蔬菜类及制品,FOOD,COOKED,熟,生重、打碎、充分搅拌,2,高,A1 熟档案却写生重 + A4 同原料口径不一致,营养数据是熟食口径，却让按生重称量；该原料在不同食谱里既写过生重又写过熟重,文案改「熟重」或「煮熟后称重」；统一口径
设计器草稿,糙米南瓜牛肉,糙米,谷类及制品,FOOD,RAW,生,煮熟后称重、静置30分钟、打碎、充分搅拌,2,高,A2 生档案却写熟重 + A4 同原料口径不一致,营养数据是生食口径，却让按熟重称量；该原料在不同食谱里既写过生重又写过熟重,先定规则：改文案或改档案；统一口径
设计器草稿,糙米南瓜牛肉,糙米,谷类及制品,FOOD,RAW,生,煮熟后称重、静置30分钟、打碎、充分搅拌,2,高,A2 生档案却写熟重 + A4 同原料口径不一致,营养数据是生食口径，却让按熟重称量；该原料在不同食谱里既写过生重又写过熟重,先定规则：改文案或改档案；统一口径
设计器草稿,糙米南瓜牛肉,糙米,谷类及制品,FOOD,RAW,生,煮熟后称重、静置30分钟、打碎、充分搅拌,2,高,A2 生档案却写熟重 + A4 同原料口径不一致,营养数据是生食口径，却让按熟重称量；该原料在不同食谱里既写过生重又写过熟重,先定规则：改文案或改档案；统一口径
设计器草稿,糙米南瓜牛肉,糙米,谷类及制品,FOOD,RAW,生,煮熟后称重、静置30分钟、打碎、充分搅拌,2,高,A2 生档案却写熟重 + A4 同原料口径不一致,营养数据是生食口径，却让按熟重称量；该原料在不同食谱里既写过生重又写过熟重,先定规则：改文案或改档案；统一口径
设计器草稿,糙米南瓜牛肉,糙米,谷类及制品,FOOD,RAW,生,煮熟后称重、静置30分钟、打碎、充分搅拌,2,高,A2 生档案却写熟重 + A4 同原料口径不一致,营养数据是生食口径，却让按熟重称量；该原料在不同食谱里既写过生重又写过熟重,先定规则：改文案或改档案；统一口径
设计器草稿,糙米南瓜牛肉,南瓜,蔬菜类及制品,FOOD,RAW,生,去瓤、留皮、煮熟后称重、静置30分钟、打碎、充分搅拌,2,高,A2 生档案却写熟重 + A4 同原料口径不一致,营养数据是生食口径，却让按熟重称量；该原料在不同食谱里既写过生重又写过熟重,先定规则：改文案或改档案；统一口径
设计器草稿,糙米南瓜牛肉,南瓜,蔬菜类及制品,FOOD,RAW,生,去瓤、留皮、煮熟后称重、静置30分钟、打碎、充分搅拌,2,高,A2 生档案却写熟重 + A4 同原料口径不一致,营养数据是生食口径，却让按熟重称量；该原料在不同食谱里既写过生重又写过熟重,先定规则：改文案或改档案；统一口径
设计器草稿,糙米南瓜牛肉,南瓜,蔬菜类及制品,FOOD,RAW,生,去瓤、留皮、煮熟后称重、静置30分钟、打碎、充分搅拌,2,高,A2 生档案却写熟重 + A4 同原料口径不一致,营养数据是生食口径，却让按熟重称量；该原料在不同食谱里既写过生重又写过熟重,先定规则：改文案或改档案；统一口径
设计器草稿,糙米南瓜牛肉,南瓜,蔬菜类及制品,FOOD,RAW,生,去瓤、留皮、煮熟后称重、静置30分钟、打碎、充分搅拌,2,高,A2 生档案却写熟重 + A4 同原料口径不一致,营养数据是生食口径，却让按熟重称量；该原料在不同食谱里既写过生重又写过熟重,先定规则：改文案或改档案；统一口径
设计器草稿,糙米南瓜牛肉,南瓜,蔬菜类及制品,FOOD,RAW,生,去瓤、留皮、煮熟后称重、静置30分钟、打碎、充分搅拌,2,高,A2 生档案却写熟重 + A4 同原料口径不一致,营养数据是生食口径，却让按熟重称量；该原料在不同食谱里既写过生重又写过熟重,先定规则：改文案或改档案；统一口径
设计器草稿,糙米红薯青花鱼牛肉,糙米,谷类及制品,FOOD,RAW,生,煮熟后称重、充分搅拌,2,高,A2 生档案却写熟重 + A4 同原料口径不一致,营养数据是生食口径，却让按熟重称量；该原料在不同食谱里既写过生重又写过熟重,先定规则：改文案或改档案；统一口径
设计器草稿,糙米红薯青花鱼牛肉,糙米,谷类及制品,FOOD,RAW,生,煮熟后称重、充分搅拌,2,高,A2 生档案却写熟重 + A4 同原料口径不一致,营养数据是生食口径，却让按熟重称量；该原料在不同食谱里既写过生重又写过熟重,先定规则：改文案或改档案；统一口径
设计器草稿,糙米红薯青花鱼牛肉,糙米,谷类及制品,FOOD,RAW,生,煮熟后称重、打碎、充分搅拌,2,高,A2 生档案却写熟重 + A4 同原料口径不一致,营养数据是生食口径，却让按熟重称量；该原料在不同食谱里既写过生重又写过熟重,先定规则：改文案或改档案；统一口径
设计器草稿,糙米红薯青花鱼牛肉,糙米,谷类及制品,FOOD,RAW,生,煮熟后称重、打碎、充分搅拌,2,高,A2 生档案却写熟重 + A4 同原料口径不一致,营养数据是生食口径，却让按熟重称量；该原料在不同食谱里既写过生重又写过熟重,先定规则：改文案或改档案；统一口径
设计器草稿,糙米红薯青花鱼牛肉,糙米,谷类及制品,FOOD,RAW,生,煮熟后称重、打碎、充分搅拌,2,高,A2 生档案却写熟重 + A4 同原料口径不一致,营养数据是生食口径，却让按熟重称量；该原料在不同食谱里既写过生重又写过熟重,先定规则：改文案或改档案；统一口径
设计器草稿,糙米西葫芦牛肉,糙米,谷类及制品,FOOD,RAW,生,流水冲洗、浸泡60分钟、煮熟后称重、打碎、充分搅拌,2,高,A2 生档案却写熟重 + A4 同原料口径不一致,营养数据是生食口径，却让按熟重称量；该原料在不同食谱里既写过生重又写过熟重,先定规则：改文案或改档案；统一口径
设计器草稿,糙米西葫芦牛肉,糙米,谷类及制品,FOOD,RAW,生,流水冲洗、浸泡60分钟、煮熟后称重、打碎、充分搅拌,2,高,A2 生档案却写熟重 + A4 同原料口径不一致,营养数据是生食口径，却让按熟重称量；该原料在不同食谱里既写过生重又写过熟重,先定规则：改文案或改档案；统一口径
设计器草稿,糙米西葫芦牛肉,糙米,谷类及制品,FOOD,RAW,生,流水冲洗、浸泡60分钟、煮熟后称重、打碎、充分搅拌,2,高,A2 生档案却写熟重 + A4 同原料口径不一致,营养数据是生食口径，却让按熟重称量；该原料在不同食谱里既写过生重又写过熟重,先定规则：改文案或改档案；统一口径
设计器草稿,糙米西葫芦牛肉,糙米,谷类及制品,FOOD,RAW,生,流水冲洗、浸泡60分钟、煮熟后称重、打碎、充分搅拌,2,高,A2 生档案却写熟重 + A4 同原料口径不一致,营养数据是生食口径，却让按熟重称量；该原料在不同食谱里既写过生重又写过熟重,先定规则：改文案或改档案；统一口径
设计器草稿,糙米西葫芦牛肉,糙米,谷类及制品,FOOD,RAW,生,流水冲洗、浸泡60分钟、煮熟后称重、打碎、充分搅拌,2,高,A2 生档案却写熟重 + A4 同原料口径不一致,营养数据是生食口径，却让按熟重称量；该原料在不同食谱里既写过生重又写过熟重,先定规则：改文案或改档案；统一口径
设计器草稿,糙米西葫芦牛肉,南瓜,蔬菜类及制品,FOOD,RAW,生,去皮、去瓤、煮熟后称重、打碎、充分搅拌,2,高,A2 生档案却写熟重 + A4 同原料口径不一致,营养数据是生食口径，却让按熟重称量；该原料在不同食谱里既写过生重又写过熟重,先定规则：改文案或改档案；统一口径
设计器草稿,糙米西葫芦牛肉,南瓜,蔬菜类及制品,FOOD,RAW,生,去皮、去瓤、煮熟后称重、打碎、充分搅拌,2,高,A2 生档案却写熟重 + A4 同原料口径不一致,营养数据是生食口径，却让按熟重称量；该原料在不同食谱里既写过生重又写过熟重,先定规则：改文案或改档案；统一口径
设计器草稿,糙米西葫芦牛肉,南瓜,蔬菜类及制品,FOOD,RAW,生,去皮、去瓤、煮熟后称重、打碎、充分搅拌,2,高,A2 生档案却写熟重 + A4 同原料口径不一致,营养数据是生食口径，却让按熟重称量；该原料在不同食谱里既写过生重又写过熟重,先定规则：改文案或改档案；统一口径
设计器草稿,糙米西葫芦牛肉,南瓜,蔬菜类及制品,FOOD,RAW,生,去皮、去瓤、煮熟后称重、打碎、充分搅拌,2,高,A2 生档案却写熟重 + A4 同原料口径不一致,营养数据是生食口径，却让按熟重称量；该原料在不同食谱里既写过生重又写过熟重,先定规则：改文案或改档案；统一口径
设计器草稿,糙米西葫芦牛肉,南瓜,蔬菜类及制品,FOOD,RAW,生,去皮、去瓤、煮熟后称重、打碎、充分搅拌,2,高,A2 生档案却写熟重 + A4 同原料口径不一致,营养数据是生食口径，却让按熟重称量；该原料在不同食谱里既写过生重又写过熟重,先定规则：改文案或改档案；统一口径
设计器草稿,糙米西葫芦牛肉,西葫芦,蔬菜类及制品,FOOD,RAW,生,煮熟后称重、打碎、充分搅拌,1,高,A2 生档案却写熟重,营养数据是生食口径，却让按熟重称量,先定规则：改文案或改档案
设计器草稿,糙米西葫芦牛肉,西葫芦,蔬菜类及制品,FOOD,RAW,生,煮熟后称重、打碎、充分搅拌,1,高,A2 生档案却写熟重,营养数据是生食口径，却让按熟重称量,先定规则：改文案或改档案
设计器草稿,糙米西葫芦牛肉,西葫芦,蔬菜类及制品,FOOD,RAW,生,煮熟后称重、打碎、充分搅拌,1,高,A2 生档案却写熟重,营养数据是生食口径，却让按熟重称量,先定规则：改文案或改档案
设计器草稿,糙米西葫芦牛肉,西葫芦,蔬菜类及制品,FOOD,RAW,生,煮熟后称重、打碎、充分搅拌,1,高,A2 生档案却写熟重,营养数据是生食口径，却让按熟重称量,先定规则：改文案或改档案
设计器草稿,糙米西葫芦牛肉,西葫芦,蔬菜类及制品,FOOD,RAW,生,煮熟后称重、打碎、充分搅拌,1,高,A2 生档案却写熟重,营养数据是生食口径，却让按熟重称量,先定规则：改文案或改档案
设计器草稿,糙米西葫芦牛肉,蓝莓,水果类及制品,FOOD,RAW,生,(空),1,高,B3 文案为空,没有任何制备/称重说明,按原料+档案状态补全标准文案
设计器草稿,糙米西葫芦牛肉,蓝莓,水果类及制品,FOOD,RAW,生,(空),1,高,B3 文案为空,没有任何制备/称重说明,按原料+档案状态补全标准文案
设计器草稿,糙米西葫芦牛肉,蓝莓,水果类及制品,FOOD,RAW,生,(空),1,高,B3 文案为空,没有任何制备/称重说明,按原料+档案状态补全标准文案
设计器草稿,糙米西葫芦牛肉,蓝莓,水果类及制品,FOOD,RAW,生,(空),1,高,B3 文案为空,没有任何制备/称重说明,按原料+档案状态补全标准文案
设计器草稿,糙米西葫芦牛肉,蓝莓,水果类及制品,FOOD,RAW,生,(空),1,高,B3 文案为空,没有任何制备/称重说明,按原料+档案状态补全标准文案
设计器草稿,红薯三文鱼鸡胸,南瓜,蔬菜类及制品,FOOD,RAW,生,去皮、去瓤、煮熟后称重、充分搅拌,2,高,A2 生档案却写熟重 + A4 同原料口径不一致,营养数据是生食口径，却让按熟重称量；该原料在不同食谱里既写过生重又写过熟重,先定规则：改文案或改档案；统一口径
设计器草稿,红薯三文鱼鸡胸,南瓜,蔬菜类及制品,FOOD,RAW,生,去皮、去瓤、煮熟后称重、充分搅拌,2,高,A2 生档案却写熟重 + A4 同原料口径不一致,营养数据是生食口径，却让按熟重称量；该原料在不同食谱里既写过生重又写过熟重,先定规则：改文案或改档案；统一口径
设计器草稿,红薯三文鱼鸡胸,南瓜,蔬菜类及制品,FOOD,RAW,生,去皮、去瓤、煮熟后称重、充分搅拌,2,高,A2 生档案却写熟重 + A4 同原料口径不一致,营养数据是生食口径，却让按熟重称量；该原料在不同食谱里既写过生重又写过熟重,先定规则：改文案或改档案；统一口径
设计器草稿,红薯三文鱼鸡胸,南瓜,蔬菜类及制品,FOOD,RAW,生,去皮、去瓤、煮熟后称重、充分搅拌,2,高,A2 生档案却写熟重 + A4 同原料口径不一致,营养数据是生食口径，却让按熟重称量；该原料在不同食谱里既写过生重又写过熟重,先定规则：改文案或改档案；统一口径
设计器草稿,红薯三文鱼鸡胸,南瓜,蔬菜类及制品,FOOD,RAW,生,去皮、去瓤、煮熟后称重、充分搅拌,2,高,A2 生档案却写熟重 + A4 同原料口径不一致,营养数据是生食口径，却让按熟重称量；该原料在不同食谱里既写过生重又写过熟重,先定规则：改文案或改档案；统一口径
设计器草稿,红薯三文鱼鸡胸,红薯,薯类及制品,FOOD,RAW,生,去皮、煮熟后称重、打碎、充分搅拌,2,高,A2 生档案却写熟重 + A4 同原料口径不一致,营养数据是生食口径，却让按熟重称量；该原料在不同食谱里既写过生重又写过熟重,先定规则：改文案或改档案；统一口径
设计器草稿,红薯三文鱼鸡胸,红薯,薯类及制品,FOOD,RAW,生,去皮、煮熟后称重、打碎、充分搅拌,2,高,A2 生档案却写熟重 + A4 同原料口径不一致,营养数据是生食口径，却让按熟重称量；该原料在不同食谱里既写过生重又写过熟重,先定规则：改文案或改档案；统一口径
设计器草稿,红薯三文鱼鸡胸,红薯,薯类及制品,FOOD,RAW,生,去皮、煮熟后称重、打碎、充分搅拌,2,高,A2 生档案却写熟重 + A4 同原料口径不一致,营养数据是生食口径，却让按熟重称量；该原料在不同食谱里既写过生重又写过熟重,先定规则：改文案或改档案；统一口径
设计器草稿,红薯三文鱼鸡胸,红薯,薯类及制品,FOOD,RAW,生,去皮、煮熟后称重、打碎、充分搅拌,2,高,A2 生档案却写熟重 + A4 同原料口径不一致,营养数据是生食口径，却让按熟重称量；该原料在不同食谱里既写过生重又写过熟重,先定规则：改文案或改档案；统一口径
设计器草稿,红薯三文鱼鸡胸,红薯,薯类及制品,FOOD,RAW,生,去皮、煮熟后称重、打碎、充分搅拌,2,高,A2 生档案却写熟重 + A4 同原料口径不一致,营养数据是生食口径，却让按熟重称量；该原料在不同食谱里既写过生重又写过熟重,先定规则：改文案或改档案；统一口径
设计器草稿,红薯三文鱼鸡胸,胡萝卜,蔬菜类及制品,FOOD,RAW,生,煮熟后称重、打碎、充分搅拌,2,高,A2 生档案却写熟重 + A4 同原料口径不一致,营养数据是生食口径，却让按熟重称量；该原料在不同食谱里既写过生重又写过熟重,先定规则：改文案或改档案；统一口径
设计器草稿,红薯三文鱼鸡胸,胡萝卜,蔬菜类及制品,FOOD,RAW,生,煮熟后称重、打碎、充分搅拌,2,高,A2 生档案却写熟重 + A4 同原料口径不一致,营养数据是生食口径，却让按熟重称量；该原料在不同食谱里既写过生重又写过熟重,先定规则：改文案或改档案；统一口径
设计器草稿,红薯三文鱼鸡胸,胡萝卜,蔬菜类及制品,FOOD,RAW,生,煮熟后称重、打碎、充分搅拌,2,高,A2 生档案却写熟重 + A4 同原料口径不一致,营养数据是生食口径，却让按熟重称量；该原料在不同食谱里既写过生重又写过熟重,先定规则：改文案或改档案；统一口径
设计器草稿,红薯三文鱼鸡胸,胡萝卜,蔬菜类及制品,FOOD,RAW,生,煮熟后称重、打碎、充分搅拌,2,高,A2 生档案却写熟重 + A4 同原料口径不一致,营养数据是生食口径，却让按熟重称量；该原料在不同食谱里既写过生重又写过熟重,先定规则：改文案或改档案；统一口径
设计器草稿,红薯三文鱼鸡胸,胡萝卜,蔬菜类及制品,FOOD,RAW,生,煮熟后称重、打碎、充分搅拌,2,高,A2 生档案却写熟重 + A4 同原料口径不一致,营养数据是生食口径，却让按熟重称量；该原料在不同食谱里既写过生重又写过熟重,先定规则：改文案或改档案；统一口径
设计器草稿,红薯三文鱼鸡胸 修订,南瓜,蔬菜类及制品,FOOD,RAW,生,去皮、去瓤、煮熟后称重、充分搅拌,2,高,A2 生档案却写熟重 + A4 同原料口径不一致,营养数据是生食口径，却让按熟重称量；该原料在不同食谱里既写过生重又写过熟重,先定规则：改文案或改档案；统一口径
设计器草稿,红薯三文鱼鸡胸 修订,红薯,薯类及制品,FOOD,RAW,生,去皮、煮熟后称重、打碎、充分搅拌,2,高,A2 生档案却写熟重 + A4 同原料口径不一致,营养数据是生食口径，却让按熟重称量；该原料在不同食谱里既写过生重又写过熟重,先定规则：改文案或改档案；统一口径
设计器草稿,红薯三文鱼鸡胸 修订,胡萝卜,蔬菜类及制品,FOOD,RAW,生,煮熟后称重、打碎、充分搅拌,2,高,A2 生档案却写熟重 + A4 同原料口径不一致,营养数据是生食口径，却让按熟重称量；该原料在不同食谱里既写过生重又写过熟重,先定规则：改文案或改档案；统一口径
设计器草稿,红薯鳕鱼鸭胸,青口贝,水产类,FOOD,COOKED,熟,去壳、生重、打碎、充分搅拌,1,高,A1 熟档案却写生重,营养数据是熟食口径，却让按生重称量,文案改「熟重」或「煮熟后称重」
设计器草稿,红薯鳕鱼鸭胸,红薯,薯类及制品,FOOD,COOKED,熟,去皮、生重、打碎、充分搅拌,2,高,A1 熟档案却写生重 + A4 同原料口径不一致,营养数据是熟食口径，却让按生重称量；该原料在不同食谱里既写过生重又写过熟重,文案改「熟重」或「煮熟后称重」；统一口径
设计器草稿,红薯鳕鱼鸭胸,红薯,薯类及制品,FOOD,COOKED,熟,去皮、生重、打碎、充分搅拌,2,高,A1 熟档案却写生重 + A4 同原料口径不一致,营养数据是熟食口径，却让按生重称量；该原料在不同食谱里既写过生重又写过熟重,文案改「熟重」或「煮熟后称重」；统一口径
设计器草稿,红薯鳕鱼鸭胸,白蘑菇,菌藻类,FOOD,COOKED,熟,生重、打碎、充分搅拌,1,高,A1 熟档案却写生重,营养数据是熟食口径，却让按生重称量,文案改「熟重」或「煮熟后称重」
设计器草稿,红薯鳕鱼鸭胸,白蘑菇,菌藻类,FOOD,COOKED,熟,生重、打碎、充分搅拌,1,高,A1 熟档案却写生重,营养数据是熟食口径，却让按生重称量,文案改「熟重」或「煮熟后称重」
设计器草稿,紫薯 辅食,鸭胗,禽肉类及制品,FOOD,RAW,生,(空),1,高,B3 文案为空,没有任何制备/称重说明,按原料+档案状态补全标准文案
设计器草稿,紫薯 辅食,大米,谷类及制品,FOOD,RAW,生,煮熟后称重、打碎、充分搅拌,1,高,A2 生档案却写熟重,营养数据是生食口径，却让按熟重称量,先定规则：改文案或改档案
设计器草稿,紫薯 辅食,小米,谷类及制品,FOOD,RAW,生,煮熟后称重、充分搅拌,2,高,A2 生档案却写熟重 + A4 同原料口径不一致,营养数据是生食口径，却让按熟重称量；该原料在不同食谱里既写过生重又写过熟重,先定规则：改文案或改档案；统一口径
设计器草稿,紫薯 辅食,紫薯,蔬菜类及制品,FOOD,RAW,生,(空),1,高,B3 文案为空,没有任何制备/称重说明,按原料+档案状态补全标准文案
设计器草稿,紫薯 辅食,芦笋,蔬菜类及制品,FOOD,RAW,生,去皮、煮熟后称重、打碎、充分搅拌,1,高,A2 生档案却写熟重,营养数据是生食口径，却让按熟重称量,先定规则：改文案或改档案
设计器草稿,紫薯黑米猪里脊,黑米,谷类及制品,FOOD,cooked,熟/米饭,煮熟后打碎,3,高,D1 状态枚举不规范 + B5 非标准词 + A3 熟档案未写口径,营养档案状态写成「cooked」，小写/非标准值会让所有语义校验静默失效；自由文本：煮熟后打碎；没写按生重还是熟重称量,把状态枚举归一为 RAW/COOKED 等标准值；归入受控词表或补进字典；补「熟重」
设计器草稿,紫薯黑米猪里脊,黑米,谷类及制品,FOOD,cooked,熟/米饭,煮熟后打碎,3,高,D1 状态枚举不规范 + B5 非标准词 + A3 熟档案未写口径,营养档案状态写成「cooked」，小写/非标准值会让所有语义校验静默失效；自由文本：煮熟后打碎；没写按生重还是熟重称量,把状态枚举归一为 RAW/COOKED 等标准值；归入受控词表或补进字典；补「熟重」
设计器草稿,紫薯黑米猪里脊,紫薯,蔬菜类及制品,FOOD,COOKED,熟,(空),2,高,B3 文案为空 + A3 熟档案未写口径,没有任何制备/称重说明；没写按生重还是熟重称量,按原料+档案状态补全标准文案；补「熟重」
设计器草稿,紫薯黑米猪里脊,紫薯,蔬菜类及制品,FOOD,COOKED,熟,(空),2,高,B3 文案为空 + A3 熟档案未写口径,没有任何制备/称重说明；没写按生重还是熟重称量,按原料+档案状态补全标准文案；补「熟重」
设计器草稿,羊肚菌芦笋糙米牛肉,糙米,谷类及制品,FOOD,RAW,生,煮熟后称重、充分搅拌,2,高,A2 生档案却写熟重 + A4 同原料口径不一致,营养数据是生食口径，却让按熟重称量；该原料在不同食谱里既写过生重又写过熟重,先定规则：改文案或改档案；统一口径
设计器草稿,羊肚菌芦笋糙米牛肉,糙米,谷类及制品,FOOD,RAW,生,煮熟后称重、充分搅拌,2,高,A2 生档案却写熟重 + A4 同原料口径不一致,营养数据是生食口径，却让按熟重称量；该原料在不同食谱里既写过生重又写过熟重,先定规则：改文案或改档案；统一口径
设计器草稿,羊肚菌芦笋糙米牛肉,糙米,谷类及制品,FOOD,RAW,生,煮熟后称重、充分搅拌,2,高,A2 生档案却写熟重 + A4 同原料口径不一致,营养数据是生食口径，却让按熟重称量；该原料在不同食谱里既写过生重又写过熟重,先定规则：改文案或改档案；统一口径
设计器草稿,羊肚菌芦笋糙米牛肉,糙米,谷类及制品,FOOD,RAW,生,煮熟后称重、充分搅拌,2,高,A2 生档案却写熟重 + A4 同原料口径不一致,营养数据是生食口径，却让按熟重称量；该原料在不同食谱里既写过生重又写过熟重,先定规则：改文案或改档案；统一口径
设计器草稿,羊肚菌芦笋糙米牛肉,糙米,谷类及制品,FOOD,RAW,生,煮熟后称重、充分搅拌,2,高,A2 生档案却写熟重 + A4 同原料口径不一致,营养数据是生食口径，却让按熟重称量；该原料在不同食谱里既写过生重又写过熟重,先定规则：改文案或改档案；统一口径
设计器草稿,羊肚菌芦笋糙米牛肉,红薯,薯类及制品,FOOD,RAW,生,去皮、煮熟后称重、打碎、充分搅拌,2,高,A2 生档案却写熟重 + A4 同原料口径不一致,营养数据是生食口径，却让按熟重称量；该原料在不同食谱里既写过生重又写过熟重,先定规则：改文案或改档案；统一口径
设计器草稿,羊肚菌芦笋糙米牛肉,红薯,薯类及制品,FOOD,RAW,生,去皮、煮熟后称重、打碎、充分搅拌,2,高,A2 生档案却写熟重 + A4 同原料口径不一致,营养数据是生食口径，却让按熟重称量；该原料在不同食谱里既写过生重又写过熟重,先定规则：改文案或改档案；统一口径
设计器草稿,羊肚菌芦笋糙米牛肉,红薯,薯类及制品,FOOD,RAW,生,去皮、煮熟后称重、打碎、充分搅拌,2,高,A2 生档案却写熟重 + A4 同原料口径不一致,营养数据是生食口径，却让按熟重称量；该原料在不同食谱里既写过生重又写过熟重,先定规则：改文案或改档案；统一口径
设计器草稿,羊肚菌芦笋糙米牛肉,红薯,薯类及制品,FOOD,RAW,生,去皮、煮熟后称重、打碎、充分搅拌,2,高,A2 生档案却写熟重 + A4 同原料口径不一致,营养数据是生食口径，却让按熟重称量；该原料在不同食谱里既写过生重又写过熟重,先定规则：改文案或改档案；统一口径
设计器草稿,羊肚菌芦笋糙米牛肉,红薯,薯类及制品,FOOD,RAW,生,去皮、煮熟后称重、打碎、充分搅拌,2,高,A2 生档案却写熟重 + A4 同原料口径不一致,营养数据是生食口径，却让按熟重称量；该原料在不同食谱里既写过生重又写过熟重,先定规则：改文案或改档案；统一口径
设计器草稿,羊肚菌芦笋糙米牛肉,芦笋,蔬菜类及制品,FOOD,RAW,生,去皮、煮熟后称重、打碎、充分搅拌,1,高,A2 生档案却写熟重,营养数据是生食口径，却让按熟重称量,先定规则：改文案或改档案
设计器草稿,羊肚菌芦笋糙米牛肉,芦笋,蔬菜类及制品,FOOD,RAW,生,去皮、煮熟后称重、打碎、充分搅拌,1,高,A2 生档案却写熟重,营养数据是生食口径，却让按熟重称量,先定规则：改文案或改档案
设计器草稿,羊肚菌芦笋糙米牛肉,芦笋,蔬菜类及制品,FOOD,RAW,生,去皮、煮熟后称重、打碎、充分搅拌,1,高,A2 生档案却写熟重,营养数据是生食口径，却让按熟重称量,先定规则：改文案或改档案
设计器草稿,羊肚菌芦笋糙米牛肉,芦笋,蔬菜类及制品,FOOD,RAW,生,去皮、煮熟后称重、打碎、充分搅拌,1,高,A2 生档案却写熟重,营养数据是生食口径，却让按熟重称量,先定规则：改文案或改档案
设计器草稿,羊肚菌芦笋糙米牛肉,芦笋,蔬菜类及制品,FOOD,RAW,生,去皮、煮熟后称重、打碎、充分搅拌,1,高,A2 生档案却写熟重,营养数据是生食口径，却让按熟重称量,先定规则：改文案或改档案
设计器草稿,羊肚菌芦笋糙米牛肉,胡萝卜,蔬菜类及制品,FOOD,RAW,生,煮熟后称重、打碎、充分搅拌,2,高,A2 生档案却写熟重 + A4 同原料口径不一致,营养数据是生食口径，却让按熟重称量；该原料在不同食谱里既写过生重又写过熟重,先定规则：改文案或改档案；统一口径
设计器草稿,羊肚菌芦笋糙米牛肉,胡萝卜,蔬菜类及制品,FOOD,RAW,生,煮熟后称重、打碎、充分搅拌,2,高,A2 生档案却写熟重 + A4 同原料口径不一致,营养数据是生食口径，却让按熟重称量；该原料在不同食谱里既写过生重又写过熟重,先定规则：改文案或改档案；统一口径
设计器草稿,羊肚菌芦笋糙米牛肉,胡萝卜,蔬菜类及制品,FOOD,RAW,生,煮熟后称重、打碎、充分搅拌,2,高,A2 生档案却写熟重 + A4 同原料口径不一致,营养数据是生食口径，却让按熟重称量；该原料在不同食谱里既写过生重又写过熟重,先定规则：改文案或改档案；统一口径
设计器草稿,羊肚菌芦笋糙米牛肉,胡萝卜,蔬菜类及制品,FOOD,RAW,生,煮熟后称重、打碎、充分搅拌,2,高,A2 生档案却写熟重 + A4 同原料口径不一致,营养数据是生食口径，却让按熟重称量；该原料在不同食谱里既写过生重又写过熟重,先定规则：改文案或改档案；统一口径
设计器草稿,羊肚菌芦笋糙米牛肉,胡萝卜,蔬菜类及制品,FOOD,RAW,生,煮熟后称重、打碎、充分搅拌,2,高,A2 生档案却写熟重 + A4 同原料口径不一致,营养数据是生食口径，却让按熟重称量；该原料在不同食谱里既写过生重又写过熟重,先定规则：改文案或改档案；统一口径
设计器草稿,花卷 的鲜食食谱 06/27,三文鱼,水产类,FOOD,COOKED,熟,去皮、去骨、生重、打碎、充分搅拌,1,高,A1 熟档案却写生重,营养数据是熟食口径，却让按生重称量,文案改「熟重」或「煮熟后称重」
设计器草稿,花卷 的鲜食食谱 06/27,鸡胸,禽肉类及制品,FOOD,COOKED,熟,去皮、去骨、生重、打碎、充分搅拌,1,高,A1 熟档案却写生重,营养数据是熟食口径，却让按生重称量,文案改「熟重」或「煮熟后称重」
设计器草稿,花卷 的鲜食食谱 06/27,鸡肝,禽肉类及制品,FOOD,COOKED,熟,生重、打碎、充分搅拌,1,高,A1 熟档案却写生重,营养数据是熟食口径，却让按生重称量,文案改「熟重」或「煮熟后称重」
设计器草稿,花卷 的鲜食食谱 06/27,西芹,蔬菜类及制品,FOOD,COOKED,熟,(空),2,高,B3 文案为空 + A3 熟档案未写口径,没有任何制备/称重说明；没写按生重还是熟重称量,按原料+档案状态补全标准文案；补「熟重」
设计器草稿,花卷 的鲜食食谱 06/27,鸡心,禽肉类及制品,FOOD,COOKED,熟,去油、生重、打碎、充分搅拌,1,高,A1 熟档案却写生重,营养数据是熟食口径，却让按生重称量,文案改「熟重」或「煮熟后称重」
设计器草稿,花椰菜糙米鸭肉,花椰菜,蔬菜类及制品,FOOD,COOKED,熟,生重、打碎、充分搅拌,1,高,A1 熟档案却写生重,营养数据是熟食口径，却让按生重称量,文案改「熟重」或「煮熟后称重」
设计器草稿,花椰菜糙米鸭肉,花椰菜,蔬菜类及制品,FOOD,COOKED,熟,生重、打碎、充分搅拌,1,高,A1 熟档案却写生重,营养数据是熟食口径，却让按生重称量,文案改「熟重」或「煮熟后称重」
设计器草稿,花椰菜糙米鸭肉,花椰菜,蔬菜类及制品,FOOD,COOKED,熟,生重、打碎、充分搅拌,1,高,A1 熟档案却写生重,营养数据是熟食口径，却让按生重称量,文案改「熟重」或「煮熟后称重」
设计器草稿,花椰菜糙米鸭肉,紫甘蓝,蔬菜类及制品,FOOD,COOKED,熟,生重、打碎、充分搅拌,2,高,A1 熟档案却写生重 + A4 同原料口径不一致,营养数据是熟食口径，却让按生重称量；该原料在不同食谱里既写过生重又写过熟重,文案改「熟重」或「煮熟后称重」；统一口径
设计器草稿,花椰菜糙米鸭肉,紫甘蓝,蔬菜类及制品,FOOD,COOKED,熟,生重、打碎、充分搅拌,2,高,A1 熟档案却写生重 + A4 同原料口径不一致,营养数据是熟食口径，却让按生重称量；该原料在不同食谱里既写过生重又写过熟重,文案改「熟重」或「煮熟后称重」；统一口径
设计器草稿,花椰菜糙米鸭肉,紫甘蓝,蔬菜类及制品,FOOD,COOKED,熟,生重、打碎、充分搅拌,2,高,A1 熟档案却写生重 + A4 同原料口径不一致,营养数据是熟食口径，却让按生重称量；该原料在不同食谱里既写过生重又写过熟重,文案改「熟重」或「煮熟后称重」；统一口径
设计器草稿,花生 的鲜食食谱 07/09,猪心,畜肉类及制品,FOOD,COOKED,熟,去油、生重、打碎、充分搅拌,1,高,A1 熟档案却写生重,营养数据是熟食口径，却让按生重称量,文案改「熟重」或「煮熟后称重」
设计器草稿,花生 的鲜食食谱 07/09,大豆,谷类及制品,FOOD,RAW,生,(空),1,高,B3 文案为空,没有任何制备/称重说明,按原料+档案状态补全标准文案
设计器草稿,花生 的鲜食食谱 07/10,豆腐,谷类及制品,FOOD,RAW,原样,(空),1,高,B3 文案为空,没有任何制备/称重说明,按原料+档案状态补全标准文案
设计器草稿,莓莓 的鲜食食谱 08/23,土豆,薯类及制品,FOOD,RAW,生,去皮、煮熟后称重、打碎、充分搅拌,1,高,A2 生档案却写熟重,营养数据是生食口径，却让按熟重称量,先定规则：改文案或改档案
设计器草稿,莓莓 的鲜食食谱 08/23,胡萝卜,蔬菜类及制品,FOOD,RAW,生,煮熟后称重、打碎、充分搅拌,2,高,A2 生档案却写熟重 + A4 同原料口径不一致,营养数据是生食口径，却让按熟重称量；该原料在不同食谱里既写过生重又写过熟重,先定规则：改文案或改档案；统一口径
设计器草稿,西葫芦大米比目鱼鸡肉,鸡胸,禽肉类及制品,FOOD,COOKED,熟,去皮、去骨、生重、打碎、充分搅拌,1,高,A1 熟档案却写生重,营养数据是熟食口径，却让按生重称量,文案改「熟重」或「煮熟后称重」
设计器草稿,西葫芦大米比目鱼鸡肉,鸡胸,禽肉类及制品,FOOD,COOKED,熟,去皮、去骨、生重、打碎、充分搅拌,1,高,A1 熟档案却写生重,营养数据是熟食口径，却让按生重称量,文案改「熟重」或「煮熟后称重」
设计器草稿,西葫芦大米比目鱼鸡肉,比目鱼,水产类,FOOD,RAW,生,(空),1,高,B3 文案为空,没有任何制备/称重说明,按原料+档案状态补全标准文案
设计器草稿,西葫芦大米比目鱼鸡肉,比目鱼,水产类,FOOD,RAW,生,(空),1,高,B3 文案为空,没有任何制备/称重说明,按原料+档案状态补全标准文案
设计器草稿,西葫芦大米比目鱼鸡肉,红薯,薯类及制品,FOOD,COOKED,熟,去皮、生重、打碎、充分搅拌,2,高,A1 熟档案却写生重 + A4 同原料口径不一致,营养数据是熟食口径，却让按生重称量；该原料在不同食谱里既写过生重又写过熟重,文案改「熟重」或「煮熟后称重」；统一口径
设计器草稿,西葫芦大米比目鱼鸡肉,红薯,薯类及制品,FOOD,COOKED,熟,去皮、生重、打碎、充分搅拌,2,高,A1 熟档案却写生重 + A4 同原料口径不一致,营养数据是熟食口径，却让按生重称量；该原料在不同食谱里既写过生重又写过熟重,文案改「熟重」或「煮熟后称重」；统一口径
设计器草稿,西葫芦大米比目鱼鸡肉,胡萝卜,蔬菜类及制品,FOOD,COOKED,熟,去皮、生重、打碎、充分搅拌,2,高,A1 熟档案却写生重 + A4 同原料口径不一致,营养数据是熟食口径，却让按生重称量；该原料在不同食谱里既写过生重又写过熟重,文案改「熟重」或「煮熟后称重」；统一口径
设计器草稿,西葫芦大米比目鱼鸡肉,胡萝卜,蔬菜类及制品,FOOD,COOKED,熟,去皮、生重、打碎、充分搅拌,2,高,A1 熟档案却写生重 + A4 同原料口径不一致,营养数据是熟食口径，却让按生重称量；该原料在不同食谱里既写过生重又写过熟重,文案改「熟重」或「煮熟后称重」；统一口径
设计器草稿,财宝定制,小米,谷类及制品,FOOD,RAW,生,煮熟后称重、充分搅拌,2,高,A2 生档案却写熟重 + A4 同原料口径不一致,营养数据是生食口径，却让按熟重称量；该原料在不同食谱里既写过生重又写过熟重,先定规则：改文案或改档案；统一口径
设计器草稿,财宝定制,小米,谷类及制品,FOOD,RAW,生,煮熟后称重、充分搅拌,2,高,A2 生档案却写熟重 + A4 同原料口径不一致,营养数据是生食口径，却让按熟重称量；该原料在不同食谱里既写过生重又写过熟重,先定规则：改文案或改档案；统一口径
设计器草稿,财宝定制,山药,薯类及制品,FOOD,RAW,生,去皮、煮熟后称重、打碎、充分搅拌,2,高,A2 生档案却写熟重 + A4 同原料口径不一致,营养数据是生食口径，却让按熟重称量；该原料在不同食谱里既写过生重又写过熟重,先定规则：改文案或改档案；统一口径
设计器草稿,财宝定制,山药,薯类及制品,FOOD,RAW,生,去皮、煮熟后称重、打碎、充分搅拌,2,高,A2 生档案却写熟重 + A4 同原料口径不一致,营养数据是生食口径，却让按熟重称量；该原料在不同食谱里既写过生重又写过熟重,先定规则：改文案或改档案；统一口径
设计器草稿,财宝定制（牛肉）,糙米,谷类及制品,FOOD,RAW,生,煮熟后称重、充分搅拌,2,高,A2 生档案却写熟重 + A4 同原料口径不一致,营养数据是生食口径，却让按熟重称量；该原料在不同食谱里既写过生重又写过熟重,先定规则：改文案或改档案；统一口径
设计器草稿,财宝定制（牛肉）,山药,薯类及制品,FOOD,RAW,生,去皮、煮熟后称重、打碎、充分搅拌,2,高,A2 生档案却写熟重 + A4 同原料口径不一致,营养数据是生食口径，却让按熟重称量；该原料在不同食谱里既写过生重又写过熟重,先定规则：改文案或改档案；统一口径
设计器草稿,财宝定制（牛肉）,西兰花,蔬菜类及制品,FOOD,RAW,生,盐水/小苏打浸泡30分钟、煮熟后称重、打碎、充分搅拌,2,高,A2 生档案却写熟重 + A4 同原料口径不一致,营养数据是生食口径，却让按熟重称量；该原料在不同食谱里既写过生重又写过熟重,先定规则：改文案或改档案；统一口径
设计器草稿,财宝定制（牛肉）,胡萝卜,蔬菜类及制品,FOOD,RAW,生,煮熟后称重、打碎、充分搅拌,2,高,A2 生档案却写熟重 + A4 同原料口径不一致,营养数据是生食口径，却让按熟重称量；该原料在不同食谱里既写过生重又写过熟重,先定规则：改文案或改档案；统一口径
设计器草稿,财宝定制食谱,鸡胸,禽肉类及制品,FOOD,RAW,生,(空),1,高,B3 文案为空,没有任何制备/称重说明,按原料+档案状态补全标准文案
设计器草稿,财宝定制食谱,猪里脊,畜肉类及制品,FOOD,RAW,生,(空),1,高,B3 文案为空,没有任何制备/称重说明,按原料+档案状态补全标准文案
设计器草稿,财宝定制食谱,猪肝,畜肉类及制品,FOOD,RAW,生,(空),1,高,B3 文案为空,没有任何制备/称重说明,按原料+档案状态补全标准文案
设计器草稿,财宝定制食谱,三文鱼,水产类,FOOD,RAW,生,(空),1,高,B3 文案为空,没有任何制备/称重说明,按原料+档案状态补全标准文案
设计器草稿,财宝定制食谱,鸡蛋,蛋类及制品,FOOD,RAW,生,(空),1,高,B3 文案为空,没有任何制备/称重说明,按原料+档案状态补全标准文案
设计器草稿,财宝定制食谱,燕麦,谷类及制品,FOOD,DRIED,干,(空),1,高,B3 文案为空,没有任何制备/称重说明,按原料+档案状态补全标准文案
设计器草稿,财宝定制食谱,南瓜,蔬菜类及制品,FOOD,RAW,生,(空),2,高,B3 文案为空 + A4 同原料口径不一致,没有任何制备/称重说明；该原料在不同食谱里既写过生重又写过熟重,按原料+档案状态补全标准文案；统一口径
设计器草稿,财宝定制食谱,西葫芦,蔬菜类及制品,FOOD,RAW,生,(空),1,高,B3 文案为空,没有任何制备/称重说明,按原料+档案状态补全标准文案
设计器草稿,财宝定制食谱,胡萝卜,蔬菜类及制品,FOOD,RAW,生,(空),2,高,B3 文案为空 + A4 同原料口径不一致,没有任何制备/称重说明；该原料在不同食谱里既写过生重又写过熟重,按原料+档案状态补全标准文案；统一口径
设计器草稿,蹦蹦 的鲜食食谱 07/23,三文鱼,水产类,FOOD,COOKED,熟,去皮、去骨、生重、打碎、充分搅拌,1,高,A1 熟档案却写生重,营养数据是熟食口径，却让按生重称量,文案改「熟重」或「煮熟后称重」
设计器草稿,迪迪 的鲜食食谱 06/27,小米,谷类及制品,FOOD,RAW,生,煮熟后称重、充分搅拌,2,高,A2 生档案却写熟重 + A4 同原料口径不一致,营养数据是生食口径，却让按熟重称量；该原料在不同食谱里既写过生重又写过熟重,先定规则：改文案或改档案；统一口径
设计器草稿,迪迪 的鲜食食谱 06/27,黄瓜,蔬菜类及制品,FOOD,RAW,生,(空),1,高,B3 文案为空,没有任何制备/称重说明,按原料+档案状态补全标准文案
设计器草稿,迪迪 的鲜食食谱 06/27,胡萝卜,蔬菜类及制品,FOOD,RAW,生,煮熟后称重、打碎、充分搅拌,2,高,A2 生档案却写熟重 + A4 同原料口径不一致,营养数据是生食口径，却让按熟重称量；该原料在不同食谱里既写过生重又写过熟重,先定规则：改文案或改档案；统一口径
设计器草稿,迪迪 的鲜食食谱 06/27,秋葵,蔬菜类及制品,FOOD,COOKED,熟,生重、打碎、充分搅拌,2,高,A1 熟档案却写生重 + A4 同原料口径不一致,营养数据是熟食口径，却让按生重称量；该原料在不同食谱里既写过生重又写过熟重,文案改「熟重」或「煮熟后称重」；统一口径
设计器草稿,青口贝虾仁鸡胸（幺鸡）,南美对虾虾仁,水产类,FOOD,raw,生,(空),2,高,D1 状态枚举不规范 + B3 文案为空,营养档案状态写成「raw」，小写/非标准值会让所有语义校验静默失效；没有任何制备/称重说明,把状态枚举归一为 RAW/COOKED 等标准值；按原料+档案状态补全标准文案
设计器草稿,青口贝虾仁鸡胸（幺鸡）,南美对虾虾仁,水产类,FOOD,raw,生,(空),2,高,D1 状态枚举不规范 + B3 文案为空,营养档案状态写成「raw」，小写/非标准值会让所有语义校验静默失效；没有任何制备/称重说明,把状态枚举归一为 RAW/COOKED 等标准值；按原料+档案状态补全标准文案
设计器草稿,青口贝虾仁鸡胸（幺鸡）,燕麦米,谷类及制品,FOOD,raw,生/干,生重打成粉后、搅拌均匀。,3,高,D1 状态枚举不规范 + B4 口语化/标点 + B5 非标准词,营养档案状态写成「raw」，小写/非标准值会让所有语义校验静默失效；句尾带句号，与其它文案不统一；自由文本：生重打成粉后 / 搅拌均匀。,把状态枚举归一为 RAW/COOKED 等标准值；去掉句号，统一用「、」分隔；归入受控词表或补进字典
设计器草稿,青口贝虾仁鸡胸（幺鸡）,燕麦米,谷类及制品,FOOD,raw,生/干,生重打成粉后、搅拌均匀。,3,高,D1 状态枚举不规范 + B4 口语化/标点 + B5 非标准词,营养档案状态写成「raw」，小写/非标准值会让所有语义校验静默失效；句尾带句号，与其它文案不统一；自由文本：生重打成粉后 / 搅拌均匀。,把状态枚举归一为 RAW/COOKED 等标准值；去掉句号，统一用「、」分隔；归入受控词表或补进字典
设计器草稿,青花鱼对虾牛肉(财宝),南美对虾虾仁,水产类,FOOD,raw,生,生重、打碎、充分搅拌,1,高,D1 状态枚举不规范,营养档案状态写成「raw」，小写/非标准值会让所有语义校验静默失效,把状态枚举归一为 RAW/COOKED 等标准值
设计器草稿,青花鱼对虾牛肉(财宝),黑米,谷类及制品,FOOD,cooked,熟/米饭,煮熟后打碎,3,高,D1 状态枚举不规范 + B5 非标准词 + A3 熟档案未写口径,营养档案状态写成「cooked」，小写/非标准值会让所有语义校验静默失效；自由文本：煮熟后打碎；没写按生重还是熟重称量,把状态枚举归一为 RAW/COOKED 等标准值；归入受控词表或补进字典；补「熟重」
设计器草稿,青花鱼对虾牛肉(财宝),绿豆芽,蔬菜类及制品,FOOD,COOKED,熟,生重、打碎、充分搅拌,2,高,A1 熟档案却写生重 + A4 同原料口径不一致,营养数据是熟食口径，却让按生重称量；该原料在不同食谱里既写过生重又写过熟重,文案改「熟重」或「煮熟后称重」；统一口径
设计器草稿,马？,山药,薯类及制品,FOOD,RAW,生,去皮、煮熟后称重、打碎、充分搅拌,2,高,A2 生档案却写熟重 + A4 同原料口径不一致,营养数据是生食口径，却让按熟重称量；该原料在不同食谱里既写过生重又写过熟重,先定规则：改文案或改档案；统一口径
设计器草稿,马？,红甜椒,蔬菜类及制品,FOOD,RAW,生,去籽、煮熟后称重、打碎、充分搅拌,3,高,B5 非标准词 + A2 生档案却写熟重 + A4 同原料口径不一致,自由文本：去籽；营养数据是生食口径，却让按熟重称量；该原料在不同食谱里既写过生重又写过熟重,归入受控词表或补进字典；先定规则：改文案或改档案；统一口径
设计器草稿,鳕鱼鸡蛋牛肉(路宝),燕麦米,谷类及制品,FOOD,raw,生/干,生重打成粉后、搅拌均匀。,3,高,D1 状态枚举不规范 + B4 口语化/标点 + B5 非标准词,营养档案状态写成「raw」，小写/非标准值会让所有语义校验静默失效；句尾带句号，与其它文案不统一；自由文本：生重打成粉后 / 搅拌均匀。,把状态枚举归一为 RAW/COOKED 等标准值；去掉句号，统一用「、」分隔；归入受控词表或补进字典
设计器草稿,鳕鱼鸡蛋牛肉(路宝),燕麦米,谷类及制品,FOOD,raw,生/干,生重打成粉后、搅拌均匀。,3,高,D1 状态枚举不规范 + B4 口语化/标点 + B5 非标准词,营养档案状态写成「raw」，小写/非标准值会让所有语义校验静默失效；句尾带句号，与其它文案不统一；自由文本：生重打成粉后 / 搅拌均匀。,把状态枚举归一为 RAW/COOKED 等标准值；去掉句号，统一用「、」分隔；归入受控词表或补进字典
设计器草稿,鳕鱼鸡蛋牛肉(路宝),紫甘蓝,蔬菜类及制品,FOOD,COOKED,熟,生重、打碎、充分搅拌,2,高,A1 熟档案却写生重 + A4 同原料口径不一致,营养数据是熟食口径，却让按生重称量；该原料在不同食谱里既写过生重又写过熟重,文案改「熟重」或「煮熟后称重」；统一口径
设计器草稿,鳕鱼鸡蛋牛肉(路宝),紫甘蓝,蔬菜类及制品,FOOD,COOKED,熟,生重、打碎、充分搅拌,2,高,A1 熟档案却写生重 + A4 同原料口径不一致,营养数据是熟食口径，却让按生重称量；该原料在不同食谱里既写过生重又写过熟重,文案改「熟重」或「煮熟后称重」；统一口径
设计器草稿,鳕鱼鸡蛋牛肉(路宝),核桃,坚果种子类,FOOD,DRIED,干,(空),1,高,B3 文案为空,没有任何制备/称重说明,按原料+档案状态补全标准文案
设计器草稿,鳕鱼鸡蛋牛肉(路宝),核桃,坚果种子类,FOOD,DRIED,干,(空),1,高,B3 文案为空,没有任何制备/称重说明,按原料+档案状态补全标准文案
设计器草稿,鸡兔-lp DV,鸭胗,禽肉类及制品,FOOD,RAW,生,(空),1,高,B3 文案为空,没有任何制备/称重说明,按原料+档案状态补全标准文案
设计器草稿,鸡兔-lp DV,糙米,谷类及制品,FOOD,RAW,生,流水冲洗、浸泡60分钟、煮熟后称重、打碎、充分搅拌,2,高,A2 生档案却写熟重 + A4 同原料口径不一致,营养数据是生食口径，却让按熟重称量；该原料在不同食谱里既写过生重又写过熟重,先定规则：改文案或改档案；统一口径
设计器草稿,鸡兔-lp DV,紫薯,蔬菜类及制品,FOOD,RAW,生,(空),1,高,B3 文案为空,没有任何制备/称重说明,按原料+档案状态补全标准文案
设计器草稿,鸡兔-lp DV,山药,薯类及制品,FOOD,RAW,生,去皮、煮熟后称重、打碎、充分搅拌,2,高,A2 生档案却写熟重 + A4 同原料口径不一致,营养数据是生食口径，却让按熟重称量；该原料在不同食谱里既写过生重又写过熟重,先定规则：改文案或改档案；统一口径
设计器草稿,鸡兔-lp DV,芦笋,蔬菜类及制品,FOOD,RAW,生,去皮、煮熟后称重、打碎、充分搅拌,1,高,A2 生档案却写熟重,营养数据是生食口径，却让按熟重称量,先定规则：改文案或改档案
设计器草稿,鸡兔-lp DV,红甜椒,蔬菜类及制品,FOOD,RAW,生,去籽、煮熟后称重、打碎、充分搅拌,3,高,B5 非标准词 + A2 生档案却写熟重 + A4 同原料口径不一致,自由文本：去籽；营养数据是生食口径，却让按熟重称量；该原料在不同食谱里既写过生重又写过熟重,归入受控词表或补进字典；先定规则：改文案或改档案；统一口径
设计器草稿,鸡兔-lp DV 碱,鸭胗,禽肉类及制品,FOOD,RAW,生,(空),1,高,B3 文案为空,没有任何制备/称重说明,按原料+档案状态补全标准文案
设计器草稿,鸡兔-lp DV 碱,糙米,谷类及制品,FOOD,RAW,生,流水冲洗、浸泡60分钟、煮熟后称重、打碎、充分搅拌,2,高,A2 生档案却写熟重 + A4 同原料口径不一致,营养数据是生食口径，却让按熟重称量；该原料在不同食谱里既写过生重又写过熟重,先定规则：改文案或改档案；统一口径
设计器草稿,鸡兔-lp DV 碱,紫薯,蔬菜类及制品,FOOD,RAW,生,(空),1,高,B3 文案为空,没有任何制备/称重说明,按原料+档案状态补全标准文案
设计器草稿,鸡兔-lp DV 碱,山药,薯类及制品,FOOD,RAW,生,去皮、煮熟后称重、打碎、充分搅拌,2,高,A2 生档案却写熟重 + A4 同原料口径不一致,营养数据是生食口径，却让按熟重称量；该原料在不同食谱里既写过生重又写过熟重,先定规则：改文案或改档案；统一口径
设计器草稿,鸡兔-lp DV 碱,芦笋,蔬菜类及制品,FOOD,RAW,生,去皮、煮熟后称重、打碎、充分搅拌,1,高,A2 生档案却写熟重,营养数据是生食口径，却让按熟重称量,先定规则：改文案或改档案
设计器草稿,鸡肉食谱,鸡胗,禽肉类及制品,FOOD,RAW,生,(空),1,高,B3 文案为空,没有任何制备/称重说明,按原料+档案状态补全标准文案
设计器草稿,鸡肉食谱,小米,谷类及制品,FOOD,RAW,生,煮熟后称重、充分搅拌,2,高,A2 生档案却写熟重 + A4 同原料口径不一致,营养数据是生食口径，却让按熟重称量；该原料在不同食谱里既写过生重又写过熟重,先定规则：改文案或改档案；统一口径
设计器草稿,鸡胸280-lp DV,鸭胗,禽肉类及制品,FOOD,RAW,生,(空),1,高,B3 文案为空,没有任何制备/称重说明,按原料+档案状态补全标准文案
设计器草稿,鸡胸280-lp DV,糙米,谷类及制品,FOOD,RAW,生,流水冲洗、浸泡60分钟、煮熟后称重、打碎、充分搅拌,2,高,A2 生档案却写熟重 + A4 同原料口径不一致,营养数据是生食口径，却让按熟重称量；该原料在不同食谱里既写过生重又写过熟重,先定规则：改文案或改档案；统一口径
设计器草稿,鸡胸280-lp DV,紫薯,蔬菜类及制品,FOOD,RAW,生,(空),1,高,B3 文案为空,没有任何制备/称重说明,按原料+档案状态补全标准文案
设计器草稿,鸡胸280-lp DV,山药,薯类及制品,FOOD,RAW,生,去皮、煮熟后称重、打碎、充分搅拌,2,高,A2 生档案却写熟重 + A4 同原料口径不一致,营养数据是生食口径，却让按熟重称量；该原料在不同食谱里既写过生重又写过熟重,先定规则：改文案或改档案；统一口径
设计器草稿,鸡胸280-lp DV,芦笋,蔬菜类及制品,FOOD,RAW,生,去皮、煮熟后称重、打碎、充分搅拌,1,高,A2 生档案却写熟重,营养数据是生食口径，却让按熟重称量,先定规则：改文案或改档案
设计器草稿,鸡胸280-lp DV碱,鸭胗,禽肉类及制品,FOOD,RAW,生,(空),1,高,B3 文案为空,没有任何制备/称重说明,按原料+档案状态补全标准文案
设计器草稿,鸡胸280-lp DV碱,糙米,谷类及制品,FOOD,RAW,生,流水冲洗、浸泡60分钟、煮熟后称重、打碎、充分搅拌,2,高,A2 生档案却写熟重 + A4 同原料口径不一致,营养数据是生食口径，却让按熟重称量；该原料在不同食谱里既写过生重又写过熟重,先定规则：改文案或改档案；统一口径
设计器草稿,鸡胸280-lp DV碱,紫薯,蔬菜类及制品,FOOD,RAW,生,(空),1,高,B3 文案为空,没有任何制备/称重说明,按原料+档案状态补全标准文案
设计器草稿,鸡胸280-lp DV碱,山药,薯类及制品,FOOD,RAW,生,去皮、煮熟后称重、打碎、充分搅拌,2,高,A2 生档案却写熟重 + A4 同原料口径不一致,营养数据是生食口径，却让按熟重称量；该原料在不同食谱里既写过生重又写过熟重,先定规则：改文案或改档案；统一口径
设计器草稿,鸡胸280-lp DV碱,芦笋,蔬菜类及制品,FOOD,RAW,生,去皮、煮熟后称重、打碎、充分搅拌,1,高,A2 生档案却写熟重,营养数据是生食口径，却让按熟重称量,先定规则：改文案或改档案
设计器草稿,鸡胸280-lp DV碱,红甜椒,蔬菜类及制品,FOOD,RAW,生,去籽、煮熟后称重、打碎、充分搅拌,3,高,B5 非标准词 + A2 生档案却写熟重 + A4 同原料口径不一致,自由文本：去籽；营养数据是生食口径，却让按熟重称量；该原料在不同食谱里既写过生重又写过熟重,归入受控词表或补进字典；先定规则：改文案或改档案；统一口径
设计器草稿,鸡胸300 pj,鸭胗,禽肉类及制品,FOOD,RAW,生,(空),1,高,B3 文案为空,没有任何制备/称重说明,按原料+档案状态补全标准文案
设计器草稿,鸡胸300 pj,大米,谷类及制品,FOOD,RAW,生,煮熟后称重、打碎、充分搅拌,1,高,A2 生档案却写熟重,营养数据是生食口径，却让按熟重称量,先定规则：改文案或改档案
设计器草稿,鸡胸300 pj,小米,谷类及制品,FOOD,RAW,生,煮熟后称重、充分搅拌,2,高,A2 生档案却写熟重 + A4 同原料口径不一致,营养数据是生食口径，却让按熟重称量；该原料在不同食谱里既写过生重又写过熟重,先定规则：改文案或改档案；统一口径
设计器草稿,鸡胸300 pj,红小豆,谷类及制品,FOOD,COOKED,熟,生重、打碎、充分搅拌,2,高,A1 熟档案却写生重 + A4 同原料口径不一致,营养数据是熟食口径，却让按生重称量；该原料在不同食谱里既写过生重又写过熟重,文案改「熟重」或「煮熟后称重」；统一口径
设计器草稿,鸡胸300 pj,南瓜,蔬菜类及制品,FOOD,RAW,生,去瓤、留皮、煮熟后称重、静置30分钟、打碎、充分搅拌,2,高,A2 生档案却写熟重 + A4 同原料口径不一致,营养数据是生食口径，却让按熟重称量；该原料在不同食谱里既写过生重又写过熟重,先定规则：改文案或改档案；统一口径
设计器草稿,鸡胸300 pj,红薯,薯类及制品,FOOD,RAW,生,去皮、煮熟后称重、打碎、充分搅拌,2,高,A2 生档案却写熟重 + A4 同原料口径不一致,营养数据是生食口径，却让按熟重称量；该原料在不同食谱里既写过生重又写过熟重,先定规则：改文案或改档案；统一口径
设计器草稿,鸡胸300 pj,紫薯,蔬菜类及制品,FOOD,RAW,生,(空),1,高,B3 文案为空,没有任何制备/称重说明,按原料+档案状态补全标准文案
设计器草稿,鸡胸300 pj,芦笋,蔬菜类及制品,FOOD,RAW,生,去皮、煮熟后称重、打碎、充分搅拌,1,高,A2 生档案却写熟重,营养数据是生食口径，却让按熟重称量,先定规则：改文案或改档案
设计器草稿,鸡胸半餐-lp DV,鸭胗,禽肉类及制品,FOOD,RAW,生,(空),1,高,B3 文案为空,没有任何制备/称重说明,按原料+档案状态补全标准文案
设计器草稿,鸡胸半餐-lp DV,糙米,谷类及制品,FOOD,RAW,生,流水冲洗、浸泡60分钟、煮熟后称重、打碎、充分搅拌,2,高,A2 生档案却写熟重 + A4 同原料口径不一致,营养数据是生食口径，却让按熟重称量；该原料在不同食谱里既写过生重又写过熟重,先定规则：改文案或改档案；统一口径
设计器草稿,鸡胸半餐-lp DV,黑米,谷类及制品,FOOD,cooked,熟/米饭,煮熟后打碎,3,高,D1 状态枚举不规范 + B5 非标准词 + A3 熟档案未写口径,营养档案状态写成「cooked」，小写/非标准值会让所有语义校验静默失效；自由文本：煮熟后打碎；没写按生重还是熟重称量,把状态枚举归一为 RAW/COOKED 等标准值；归入受控词表或补进字典；补「熟重」
设计器草稿,鸡胸半餐-lp DV,紫薯,蔬菜类及制品,FOOD,RAW,生,(空),1,高,B3 文案为空,没有任何制备/称重说明,按原料+档案状态补全标准文案
设计器草稿,鸡胸半餐-lp DV,山药,薯类及制品,FOOD,RAW,生,去皮、煮熟后称重、打碎、充分搅拌,2,高,A2 生档案却写熟重 + A4 同原料口径不一致,营养数据是生食口径，却让按熟重称量；该原料在不同食谱里既写过生重又写过熟重,先定规则：改文案或改档案；统一口径
设计器草稿,鸡胸半餐-lp DV,芦笋,蔬菜类及制品,FOOD,RAW,生,去皮、煮熟后称重、打碎、充分搅拌,1,高,A2 生档案却写熟重,营养数据是生食口径，却让按熟重称量,先定规则：改文案或改档案
设计器草稿,鸡胸半餐-lp DV 副本,鸭胗,禽肉类及制品,FOOD,RAW,生,(空),1,高,B3 文案为空,没有任何制备/称重说明,按原料+档案状态补全标准文案
设计器草稿,鸡胸半餐-lp DV 副本,糙米,谷类及制品,FOOD,RAW,生,流水冲洗、浸泡60分钟、煮熟后称重、打碎、充分搅拌,2,高,A2 生档案却写熟重 + A4 同原料口径不一致,营养数据是生食口径，却让按熟重称量；该原料在不同食谱里既写过生重又写过熟重,先定规则：改文案或改档案；统一口径
设计器草稿,鸡胸半餐-lp DV 副本,黑米,谷类及制品,FOOD,cooked,熟/米饭,煮熟后打碎,3,高,D1 状态枚举不规范 + B5 非标准词 + A3 熟档案未写口径,营养档案状态写成「cooked」，小写/非标准值会让所有语义校验静默失效；自由文本：煮熟后打碎；没写按生重还是熟重称量,把状态枚举归一为 RAW/COOKED 等标准值；归入受控词表或补进字典；补「熟重」
设计器草稿,鸡胸半餐-lp DV 副本,紫薯,蔬菜类及制品,FOOD,RAW,生,(空),1,高,B3 文案为空,没有任何制备/称重说明,按原料+档案状态补全标准文案
设计器草稿,鸡胸半餐-lp DV 副本,山药,薯类及制品,FOOD,RAW,生,去皮、煮熟后称重、打碎、充分搅拌,2,高,A2 生档案却写熟重 + A4 同原料口径不一致,营养数据是生食口径，却让按熟重称量；该原料在不同食谱里既写过生重又写过熟重,先定规则：改文案或改档案；统一口径
设计器草稿,鸡胸半餐-lp DV 副本,芦笋,蔬菜类及制品,FOOD,RAW,生,去皮、煮熟后称重、打碎、充分搅拌,1,高,A2 生档案却写熟重,营养数据是生食口径，却让按熟重称量,先定规则：改文案或改档案
设计器草稿,鸡胸牛肉饭(幺鸡),花椰菜,蔬菜类及制品,FOOD,COOKED,熟,生重、打碎、充分搅拌,1,高,A1 熟档案却写生重,营养数据是熟食口径，却让按生重称量,文案改「熟重」或「煮熟后称重」
设计器草稿,鸡胸牛肉饭(幺鸡),花椰菜,蔬菜类及制品,FOOD,COOKED,熟,生重、打碎、充分搅拌,1,高,A1 熟档案却写生重,营养数据是熟食口径，却让按生重称量,文案改「熟重」或「煮熟后称重」
设计器草稿,鸡胸牛肉饭(幺鸡),花椰菜,蔬菜类及制品,FOOD,COOKED,熟,生重、打碎、充分搅拌,1,高,A1 熟档案却写生重,营养数据是熟食口径，却让按生重称量,文案改「熟重」或「煮熟后称重」
设计器草稿,鸡胸牛肉饭(幺鸡),花椰菜,蔬菜类及制品,FOOD,COOKED,熟,生重、打碎、充分搅拌,1,高,A1 熟档案却写生重,营养数据是熟食口径，却让按生重称量,文案改「熟重」或「煮熟后称重」
设计器草稿,鸡胸牛肉饭(幺鸡),花椰菜,蔬菜类及制品,FOOD,COOKED,熟,生重、打碎、充分搅拌,1,高,A1 熟档案却写生重,营养数据是熟食口径，却让按生重称量,文案改「熟重」或「煮熟后称重」
设计器草稿,鸡胸牛肉饭(幺鸡),花椰菜,蔬菜类及制品,FOOD,COOKED,熟,生重、打碎、充分搅拌,1,高,A1 熟档案却写生重,营养数据是熟食口径，却让按生重称量,文案改「熟重」或「煮熟后称重」
设计器草稿,鸡蛋鱼虾鸭胸(路宝),鸭心,禽肉类及制品,FOOD,RAW,生,(空),1,高,B3 文案为空,没有任何制备/称重说明,按原料+档案状态补全标准文案
设计器草稿,鸡蛋鱼虾鸭胸(路宝),鸭心,禽肉类及制品,FOOD,RAW,生,(空),1,高,B3 文案为空,没有任何制备/称重说明,按原料+档案状态补全标准文案
设计器草稿,鸡蛋鱼虾鸭胸(路宝),鸭心,禽肉类及制品,FOOD,RAW,生,(空),1,高,B3 文案为空,没有任何制备/称重说明,按原料+档案状态补全标准文案
设计器草稿,鸡蛋鱼虾鸭胸(路宝),南美对虾虾仁,水产类,FOOD,raw,生,(空),2,高,D1 状态枚举不规范 + B3 文案为空,营养档案状态写成「raw」，小写/非标准值会让所有语义校验静默失效；没有任何制备/称重说明,把状态枚举归一为 RAW/COOKED 等标准值；按原料+档案状态补全标准文案
设计器草稿,鸡蛋鱼虾鸭胸(路宝),南美对虾虾仁,水产类,FOOD,raw,生,(空),2,高,D1 状态枚举不规范 + B3 文案为空,营养档案状态写成「raw」，小写/非标准值会让所有语义校验静默失效；没有任何制备/称重说明,把状态枚举归一为 RAW/COOKED 等标准值；按原料+档案状态补全标准文案
设计器草稿,鸡蛋鱼虾鸭胸(路宝),南美对虾虾仁,水产类,FOOD,raw,生,(空),2,高,D1 状态枚举不规范 + B3 文案为空,营养档案状态写成「raw」，小写/非标准值会让所有语义校验静默失效；没有任何制备/称重说明,把状态枚举归一为 RAW/COOKED 等标准值；按原料+档案状态补全标准文案
设计器草稿,鸡蛋鱼虾鸭胸(路宝),绿豆芽,蔬菜类及制品,FOOD,COOKED,熟,生重、打碎、充分搅拌,2,高,A1 熟档案却写生重 + A4 同原料口径不一致,营养数据是熟食口径，却让按生重称量；该原料在不同食谱里既写过生重又写过熟重,文案改「熟重」或「煮熟后称重」；统一口径
设计器草稿,鸡蛋鱼虾鸭胸(路宝),绿豆芽,蔬菜类及制品,FOOD,COOKED,熟,生重、打碎、充分搅拌,2,高,A1 熟档案却写生重 + A4 同原料口径不一致,营养数据是熟食口径，却让按生重称量；该原料在不同食谱里既写过生重又写过熟重,文案改「熟重」或「煮熟后称重」；统一口径
设计器草稿,鸡蛋鱼虾鸭胸(路宝),绿豆芽,蔬菜类及制品,FOOD,COOKED,熟,生重、打碎、充分搅拌,2,高,A1 熟档案却写生重 + A4 同原料口径不一致,营养数据是熟食口径，却让按生重称量；该原料在不同食谱里既写过生重又写过熟重,文案改「熟重」或「煮熟后称重」；统一口径
设计器草稿,鸭,鳕鱼颈背肉,水产类,FOOD,RAW,生,(空),1,高,B3 文案为空,没有任何制备/称重说明,按原料+档案状态补全标准文案
设计器草稿,鸭,鸭胗,禽肉类及制品,FOOD,RAW,生,(空),1,高,B3 文案为空,没有任何制备/称重说明,按原料+档案状态补全标准文案
设计器草稿,鸭,大米,谷类及制品,FOOD,RAW,生,煮熟后称重、打碎、充分搅拌,1,高,A2 生档案却写熟重,营养数据是生食口径，却让按熟重称量,先定规则：改文案或改档案
设计器草稿,鸭,小米,谷类及制品,FOOD,RAW,生,煮熟后称重、充分搅拌,2,高,A2 生档案却写熟重 + A4 同原料口径不一致,营养数据是生食口径，却让按熟重称量；该原料在不同食谱里既写过生重又写过熟重,先定规则：改文案或改档案；统一口径
设计器草稿,鸭,南瓜,蔬菜类及制品,FOOD,RAW,生,去瓤、留皮、煮熟后称重、静置30分钟、打碎、充分搅拌,2,高,A2 生档案却写熟重 + A4 同原料口径不一致,营养数据是生食口径，却让按熟重称量；该原料在不同食谱里既写过生重又写过熟重,先定规则：改文案或改档案；统一口径
设计器草稿,鸭,紫薯,蔬菜类及制品,FOOD,RAW,生,(空),1,高,B3 文案为空,没有任何制备/称重说明,按原料+档案状态补全标准文案
设计器草稿,鸭,芦笋,蔬菜类及制品,FOOD,RAW,生,去皮、煮熟后称重、打碎、充分搅拌,1,高,A2 生档案却写熟重,营养数据是生食口径，却让按熟重称量,先定规则：改文案或改档案
设计器草稿,鸭肉梨,南美对虾虾仁,水产类,FOOD,raw,生,生重、打碎、充分搅拌,1,高,D1 状态枚举不规范,营养档案状态写成「raw」，小写/非标准值会让所有语义校验静默失效,把状态枚举归一为 RAW/COOKED 等标准值
设计器草稿,鸭肉梨,红薯,薯类及制品,FOOD,COOKED,熟,去皮、生重、打碎、充分搅拌,2,高,A1 熟档案却写生重 + A4 同原料口径不一致,营养数据是熟食口径，却让按生重称量；该原料在不同食谱里既写过生重又写过熟重,文案改「熟重」或「煮熟后称重」；统一口径
设计器草稿,鸭肉梨,西兰花,蔬菜类及制品,FOOD,COOKED,熟,生重、打碎、充分搅拌,2,高,A1 熟档案却写生重 + A4 同原料口径不一致,营养数据是熟食口径，却让按生重称量；该原料在不同食谱里既写过生重又写过熟重,文案改「熟重」或「煮熟后称重」；统一口径
设计器草稿,鸭肉梨,绿豆芽,蔬菜类及制品,FOOD,COOKED,熟,生重、打碎、充分搅拌,2,高,A1 熟档案却写生重 + A4 同原料口径不一致,营养数据是熟食口径，却让按生重称量；该原料在不同食谱里既写过生重又写过熟重,文案改「熟重」或「煮熟后称重」；统一口径
设计器草稿,鸭肉梨,白蘑菇,菌藻类,FOOD,COOKED,熟,生重、打碎、充分搅拌,1,高,A1 熟档案却写生重,营养数据是熟食口径，却让按生重称量,文案改「熟重」或「煮熟后称重」
设计器草稿,鸭肉梨,胡萝卜,蔬菜类及制品,FOOD,COOKED,熟,去皮、生重、打碎、充分搅拌,2,高,A1 熟档案却写生重 + A4 同原料口径不一致,营养数据是熟食口径，却让按生重称量；该原料在不同食谱里既写过生重又写过熟重,文案改「熟重」或「煮熟后称重」；统一口径
设计器草稿,鸭肉食谱,鸭胗,禽肉类及制品,FOOD,RAW,生,(空),1,高,B3 文案为空,没有任何制备/称重说明,按原料+档案状态补全标准文案
设计器草稿,鸭肉食谱,胡萝卜,蔬菜类及制品,FOOD,RAW,生,煮熟后称重、打碎、充分搅拌,2,高,A2 生档案却写熟重 + A4 同原料口径不一致,营养数据是生食口径，却让按熟重称量；该原料在不同食谱里既写过生重又写过熟重,先定规则：改文案或改档案；统一口径
设计器草稿,鸭胸猪里脊鸡蛋青花鱼,糙米,谷类及制品,FOOD,RAW,生,煮熟后称重、充分搅拌,2,高,A2 生档案却写熟重 + A4 同原料口径不一致,营养数据是生食口径，却让按熟重称量；该原料在不同食谱里既写过生重又写过熟重,先定规则：改文案或改档案；统一口径
设计器草稿,鸭胸猪里脊鸡蛋青花鱼,糙米,谷类及制品,FOOD,RAW,生,煮熟后称重、充分搅拌,2,高,A2 生档案却写熟重 + A4 同原料口径不一致,营养数据是生食口径，却让按熟重称量；该原料在不同食谱里既写过生重又写过熟重,先定规则：改文案或改档案；统一口径
设计器草稿,鸭胸猪里脊鸡蛋青花鱼,糙米,谷类及制品,FOOD,RAW,生,煮熟后称重、充分搅拌,2,高,A2 生档案却写熟重 + A4 同原料口径不一致,营养数据是生食口径，却让按熟重称量；该原料在不同食谱里既写过生重又写过熟重,先定规则：改文案或改档案；统一口径
设计器草稿,鸭胸猪里脊鸡蛋青花鱼,糙米,谷类及制品,FOOD,RAW,生,煮熟后称重、充分搅拌,2,高,A2 生档案却写熟重 + A4 同原料口径不一致,营养数据是生食口径，却让按熟重称量；该原料在不同食谱里既写过生重又写过熟重,先定规则：改文案或改档案；统一口径
设计器草稿,鸭胸猪里脊鸡蛋青花鱼,糙米,谷类及制品,FOOD,RAW,生,煮熟后称重、充分搅拌,2,高,A2 生档案却写熟重 + A4 同原料口径不一致,营养数据是生食口径，却让按熟重称量；该原料在不同食谱里既写过生重又写过熟重,先定规则：改文案或改档案；统一口径
设计器草稿,鸭胸猪里脊鸡蛋青花鱼,糙米,谷类及制品,FOOD,RAW,生,煮熟后称重、充分搅拌,2,高,A2 生档案却写熟重 + A4 同原料口径不一致,营养数据是生食口径，却让按熟重称量；该原料在不同食谱里既写过生重又写过熟重,先定规则：改文案或改档案；统一口径
设计器草稿,鸭胸猪里脊鸡蛋青花鱼,南瓜,蔬菜类及制品,FOOD,RAW,生,去瓤、去皮、煮熟后沥水、称重、打碎、充分搅拌,3,高,B5 非标准词 + A2 生档案却写熟重 + A4 同原料口径不一致,自由文本：煮熟后沥水 / 称重；营养数据是生食口径，却让按熟重称量；该原料在不同食谱里既写过生重又写过熟重,归入受控词表或补进字典；先定规则：改文案或改档案；统一口径
设计器草稿,鸭胸猪里脊鸡蛋青花鱼,南瓜,蔬菜类及制品,FOOD,RAW,生,去瓤、去皮、煮熟后沥水、称重、打碎、充分搅拌,3,高,B5 非标准词 + A2 生档案却写熟重 + A4 同原料口径不一致,自由文本：煮熟后沥水 / 称重；营养数据是生食口径，却让按熟重称量；该原料在不同食谱里既写过生重又写过熟重,归入受控词表或补进字典；先定规则：改文案或改档案；统一口径
设计器草稿,鸭胸猪里脊鸡蛋青花鱼,南瓜,蔬菜类及制品,FOOD,RAW,生,去瓤、去皮、煮熟后沥水、称重、打碎、充分搅拌,3,高,B5 非标准词 + A2 生档案却写熟重 + A4 同原料口径不一致,自由文本：煮熟后沥水 / 称重；营养数据是生食口径，却让按熟重称量；该原料在不同食谱里既写过生重又写过熟重,归入受控词表或补进字典；先定规则：改文案或改档案；统一口径
设计器草稿,鸭胸猪里脊鸡蛋青花鱼,南瓜,蔬菜类及制品,FOOD,RAW,生,去瓤、去皮、煮熟后沥水、称重、打碎、充分搅拌,3,高,B5 非标准词 + A2 生档案却写熟重 + A4 同原料口径不一致,自由文本：煮熟后沥水 / 称重；营养数据是生食口径，却让按熟重称量；该原料在不同食谱里既写过生重又写过熟重,归入受控词表或补进字典；先定规则：改文案或改档案；统一口径
设计器草稿,鸭胸猪里脊鸡蛋青花鱼,南瓜,蔬菜类及制品,FOOD,RAW,生,去瓤、去皮、煮熟后沥水、称重、打碎、充分搅拌,3,高,B5 非标准词 + A2 生档案却写熟重 + A4 同原料口径不一致,自由文本：煮熟后沥水 / 称重；营养数据是生食口径，却让按熟重称量；该原料在不同食谱里既写过生重又写过熟重,归入受控词表或补进字典；先定规则：改文案或改档案；统一口径
设计器草稿,鸭胸猪里脊鸡蛋青花鱼,南瓜,蔬菜类及制品,FOOD,RAW,生,去瓤、去皮、煮熟后沥水、称重、打碎、充分搅拌,3,高,B5 非标准词 + A2 生档案却写熟重 + A4 同原料口径不一致,自由文本：煮熟后沥水 / 称重；营养数据是生食口径，却让按熟重称量；该原料在不同食谱里既写过生重又写过熟重,归入受控词表或补进字典；先定规则：改文案或改档案；统一口径
设计器草稿,鸭胸猪里脊鸡蛋青花鱼,红甜椒,蔬菜类及制品,FOOD,RAW,生,去籽、煮熟后称重、打碎、充分搅拌,3,高,B5 非标准词 + A2 生档案却写熟重 + A4 同原料口径不一致,自由文本：去籽；营养数据是生食口径，却让按熟重称量；该原料在不同食谱里既写过生重又写过熟重,归入受控词表或补进字典；先定规则：改文案或改档案；统一口径
设计器草稿,鸭胸猪里脊鸡蛋青花鱼,红甜椒,蔬菜类及制品,FOOD,RAW,生,去籽、煮熟后称重、打碎、充分搅拌,3,高,B5 非标准词 + A2 生档案却写熟重 + A4 同原料口径不一致,自由文本：去籽；营养数据是生食口径，却让按熟重称量；该原料在不同食谱里既写过生重又写过熟重,归入受控词表或补进字典；先定规则：改文案或改档案；统一口径
设计器草稿,鸭胸猪里脊鸡蛋青花鱼,红甜椒,蔬菜类及制品,FOOD,RAW,生,去籽、煮熟后称重、打碎、充分搅拌,3,高,B5 非标准词 + A2 生档案却写熟重 + A4 同原料口径不一致,自由文本：去籽；营养数据是生食口径，却让按熟重称量；该原料在不同食谱里既写过生重又写过熟重,归入受控词表或补进字典；先定规则：改文案或改档案；统一口径
设计器草稿,鸭胸猪里脊鸡蛋青花鱼,红甜椒,蔬菜类及制品,FOOD,RAW,生,去籽、煮熟后称重、打碎、充分搅拌,3,高,B5 非标准词 + A2 生档案却写熟重 + A4 同原料口径不一致,自由文本：去籽；营养数据是生食口径，却让按熟重称量；该原料在不同食谱里既写过生重又写过熟重,归入受控词表或补进字典；先定规则：改文案或改档案；统一口径
设计器草稿,鸭胸猪里脊鸡蛋青花鱼,红甜椒,蔬菜类及制品,FOOD,RAW,生,去籽、煮熟后称重、打碎、充分搅拌,3,高,B5 非标准词 + A2 生档案却写熟重 + A4 同原料口径不一致,自由文本：去籽；营养数据是生食口径，却让按熟重称量；该原料在不同食谱里既写过生重又写过熟重,归入受控词表或补进字典；先定规则：改文案或改档案；统一口径
设计器草稿,鸭胸猪里脊鸡蛋青花鱼,红甜椒,蔬菜类及制品,FOOD,RAW,生,去籽、煮熟后称重、打碎、充分搅拌,3,高,B5 非标准词 + A2 生档案却写熟重 + A4 同原料口径不一致,自由文本：去籽；营养数据是生食口径，却让按熟重称量；该原料在不同食谱里既写过生重又写过熟重,归入受控词表或补进字典；先定规则：改文案或改档案；统一口径
设计器草稿,黄十七 的鲜食食谱 08/10,土豆,薯类及制品,FOOD,RAW,生,去皮、煮熟后称重、打碎、充分搅拌,1,高,A2 生档案却写熟重,营养数据是生食口径，却让按熟重称量,先定规则：改文案或改档案
设计器草稿,黄十七 的鲜食食谱 08/10,南瓜,蔬菜类及制品,FOOD,RAW,生,去皮、去瓤、煮熟后称重、打碎、充分搅拌,2,高,A2 生档案却写熟重 + A4 同原料口径不一致,营养数据是生食口径，却让按熟重称量；该原料在不同食谱里既写过生重又写过熟重,先定规则：改文案或改档案；统一口径
设计器草稿,黑米鳕鱼鸡胸,黑米,谷类及制品,FOOD,cooked,熟/米饭,(空),3,高,D1 状态枚举不规范 + B3 文案为空 + A3 熟档案未写口径,营养档案状态写成「cooked」，小写/非标准值会让所有语义校验静默失效；没有任何制备/称重说明；没写按生重还是熟重称量,把状态枚举归一为 RAW/COOKED 等标准值；按原料+档案状态补全标准文案；补「熟重」
设计器草稿,黑米鳕鱼鸡胸,黑米,谷类及制品,FOOD,cooked,熟/米饭,(空),3,高,D1 状态枚举不规范 + B3 文案为空 + A3 熟档案未写口径,营养档案状态写成「cooked」，小写/非标准值会让所有语义校验静默失效；没有任何制备/称重说明；没写按生重还是熟重称量,把状态枚举归一为 RAW/COOKED 等标准值；按原料+档案状态补全标准文案；补「熟重」
设计器草稿,黑米鳕鱼鸡胸,小米,谷类及制品,FOOD,COOKED,熟,生重、打碎、充分搅拌,2,高,A1 熟档案却写生重 + A4 同原料口径不一致,营养数据是熟食口径，却让按生重称量；该原料在不同食谱里既写过生重又写过熟重,文案改「熟重」或「煮熟后称重」；统一口径
设计器草稿,黑米鳕鱼鸡胸,红薯,薯类及制品,FOOD,COOKED,熟,去皮、生重、打碎、充分搅拌,2,高,A1 熟档案却写生重 + A4 同原料口径不一致,营养数据是熟食口径，却让按生重称量；该原料在不同食谱里既写过生重又写过熟重,文案改「熟重」或「煮熟后称重」；统一口径
设计器草稿,黑米鳕鱼鸡胸,红薯,薯类及制品,FOOD,COOKED,熟,去皮、生重、打碎、充分搅拌,2,高,A1 熟档案却写生重 + A4 同原料口径不一致,营养数据是熟食口径，却让按生重称量；该原料在不同食谱里既写过生重又写过熟重,文案改「熟重」或「煮熟后称重」；统一口径
设计器草稿,黑米鳕鱼鸡胸,红薯,薯类及制品,FOOD,COOKED,熟,去皮、生重、打碎、充分搅拌,2,高,A1 熟档案却写生重 + A4 同原料口径不一致,营养数据是熟食口径，却让按生重称量；该原料在不同食谱里既写过生重又写过熟重,文案改「熟重」或「煮熟后称重」；统一口径
正式食谱,（咖喱定制）创伤恢复+红胡子 (新版本),大米,谷类及制品,FOOD,COOKED,熟,煮熟后称重、打碎、充分搅拌,1,中,A3 熟档案未写口径,没写按生重还是熟重称量,补「熟重」
正式食谱,（咖喱定制）创伤恢复+红胡子 (新版本),大米,谷类及制品,FOOD,COOKED,熟,煮熟后称重、打碎、充分搅拌,1,中,A3 熟档案未写口径,没写按生重还是熟重称量,补「熟重」
正式食谱,（咖喱定制）创伤恢复+红胡子 (新版本),藜麦,谷类及制品,FOOD,RAW,生,生重、打粉、充分搅拌,1,中,A4 同原料口径不一致,该原料在不同食谱里既写过生重又写过熟重,统一口径
正式食谱,（咖喱定制）创伤恢复+红胡子 (新版本),藜麦,谷类及制品,FOOD,RAW,生,生重、打粉、充分搅拌,1,中,A4 同原料口径不一致,该原料在不同食谱里既写过生重又写过熟重,统一口径
正式食谱,（咖喱定制）创伤恢复+红胡子 (新版本),南瓜,蔬菜类及制品,FOOD,COOKED,熟,去皮、去瓤、煮熟后称重、打碎、充分搅拌,2,中,A3 熟档案未写口径 + A4 同原料口径不一致,没写按生重还是熟重称量；该原料在不同食谱里既写过生重又写过熟重,补「熟重」；统一口径
正式食谱,（咖喱定制）创伤恢复+红胡子 (新版本),南瓜,蔬菜类及制品,FOOD,COOKED,熟,去皮、去瓤、煮熟后称重、打碎、充分搅拌,2,中,A3 熟档案未写口径 + A4 同原料口径不一致,没写按生重还是熟重称量；该原料在不同食谱里既写过生重又写过熟重,补「熟重」；统一口径
正式食谱,（咖喱定制）创伤恢复+红胡子 (新版本),胡萝卜,蔬菜类及制品,FOOD,COOKED,熟,煮熟后称重、打碎、充分搅拌,2,中,A3 熟档案未写口径 + A4 同原料口径不一致,没写按生重还是熟重称量；该原料在不同食谱里既写过生重又写过熟重,补「熟重」；统一口径
正式食谱,（咖喱定制）创伤恢复+红胡子 (新版本),胡萝卜,蔬菜类及制品,FOOD,COOKED,熟,煮熟后称重、打碎、充分搅拌,2,中,A3 熟档案未写口径 + A4 同原料口径不一致,没写按生重还是熟重称量；该原料在不同食谱里既写过生重又写过熟重,补「熟重」；统一口径
正式食谱,（咖喱定制）创伤恢复+红胡子 (新版本),花椰菜,蔬菜类及制品,FOOD,COOKED,熟,去老梗、焯水后称重、打碎、充分搅拌,2,中,B5 非标准词 + A3 熟档案未写口径,自由文本：焯水后称重；没写按生重还是熟重称量,归入受控词表或补进字典；补「熟重」
正式食谱,（咖喱定制）创伤恢复+红胡子 (新版本),花椰菜,蔬菜类及制品,FOOD,COOKED,熟,去老梗、焯水后称重、打碎、充分搅拌,2,中,B5 非标准词 + A3 熟档案未写口径,自由文本：焯水后称重；没写按生重还是熟重称量,归入受控词表或补进字典；补「熟重」
正式食谱,16oz cod,胡萝卜,蔬菜类及制品,FOOD,RAW,生,生重、打碎、充分搅拌,1,中,A4 同原料口径不一致,该原料在不同食谱里既写过生重又写过熟重,统一口径
正式食谱,16oz cod,糙米,谷类及制品,FOOD,COOKED,熟,煮熟后称重、充分搅拌,2,中,A3 熟档案未写口径 + A4 同原料口径不一致,没写按生重还是熟重称量；该原料在不同食谱里既写过生重又写过熟重,补「熟重」；统一口径
正式食谱,16oz cod,大米,谷类及制品,FOOD,COOKED,熟,煮熟后称重、打碎、充分搅拌,1,中,A3 熟档案未写口径,没写按生重还是熟重称量,补「熟重」
正式食谱,16oz cod,西兰花,蔬菜类及制品,FOOD,RAW,生,生重、打碎、充分搅拌,1,中,A4 同原料口径不一致,该原料在不同食谱里既写过生重又写过熟重,统一口径
正式食谱,5.25天/21份 副本,小米,谷类及制品,FOOD,COOKED,熟,煮熟后称重、充分搅拌,2,中,A3 熟档案未写口径 + A4 同原料口径不一致,没写按生重还是熟重称量；该原料在不同食谱里既写过生重又写过熟重,补「熟重」；统一口径
正式食谱,5.25天/21份 副本,胡萝卜,蔬菜类及制品,FOOD,RAW,生,生重、打碎、充分搅拌,1,中,A4 同原料口径不一致,该原料在不同食谱里既写过生重又写过熟重,统一口径
正式食谱,5.25天/21份 副本,西兰花,蔬菜类及制品,FOOD,RAW,生,打碎、静置30分钟、焯水沥干、称重、充分搅拌,3,中,B5 非标准词 + A2b 生档案却写熟制步骤 + A4 同原料口径不一致,自由文本：焯水沥干 / 称重；档案用生数据，步骤却含焯水/蒸煮；该原料在不同食谱里既写过生重又写过熟重,归入受控词表或补进字典；确认是口径写错还是档案选错；统一口径
正式食谱,5.75天/23份 猪里脊400,糙米,谷类及制品,FOOD,COOKED,熟,煮熟后称重、静置30分钟、打碎、充分搅拌,2,中,A3 熟档案未写口径 + A4 同原料口径不一致,没写按生重还是熟重称量；该原料在不同食谱里既写过生重又写过熟重,补「熟重」；统一口径
正式食谱,5.75天/23份 猪里脊400,胡萝卜,蔬菜类及制品,FOOD,RAW,生,生重、打碎、充分搅拌,1,中,A4 同原料口径不一致,该原料在不同食谱里既写过生重又写过熟重,统一口径
正式食谱,5.75天/23份 猪里脊400,紫甘蓝,蔬菜类及制品,FOOD,RAW,生,生重、打碎、充分搅拌,1,中,A4 同原料口径不一致,该原料在不同食谱里既写过生重又写过熟重,统一口径
正式食谱,525 的鲜食食谱 06/16,玉米油,油脂类,FOOD,OIL,油脂,生重、充分混匀。,3,中,B4 口语化/标点 + B5 非标准词 + C1 冗余口径词（油/粉/补剂）,句尾带句号，与其它文案不统一；自由文本：充分混匀。；这类食材不因加热改变重量，口径词无意义（可安全删除）,去掉句号，统一用「、」分隔；归入受控词表或补进字典；删掉生重/熟重，保留处理步骤
正式食谱,525 的鲜食食谱 06/16,藜麦,谷类及制品,FOOD,RAW,生,生重、打粉、充分搅拌,1,中,A4 同原料口径不一致,该原料在不同食谱里既写过生重又写过熟重,统一口径
正式食谱,6.75天/27份 猪里脊420,小米,谷类及制品,FOOD,RAW,生,生重、打碎、充分搅拌,1,中,A4 同原料口径不一致,该原料在不同食谱里既写过生重又写过熟重,统一口径
正式食谱,6.75天/27份 猪里脊420,胡萝卜,蔬菜类及制品,FOOD,RAW,生,生重、打碎、充分搅拌,1,中,A4 同原料口径不一致,该原料在不同食谱里既写过生重又写过熟重,统一口径
正式食谱,6.75天/27份 猪里脊420,紫甘蓝,蔬菜类及制品,FOOD,RAW,生,生重、打碎、充分搅拌,1,中,A4 同原料口径不一致,该原料在不同食谱里既写过生重又写过熟重,统一口径
正式食谱,6.75天/27份✅鸡猪,小米,谷类及制品,FOOD,RAW,生,生重、打碎、充分搅拌,1,中,A4 同原料口径不一致,该原料在不同食谱里既写过生重又写过熟重,统一口径
正式食谱,6.75天/27份✅鸡猪,胡萝卜,蔬菜类及制品,FOOD,RAW,生,生重、打碎、充分搅拌,1,中,A4 同原料口径不一致,该原料在不同食谱里既写过生重又写过熟重,统一口径
正式食谱,6.75天/27份✅鸡猪,紫甘蓝,蔬菜类及制品,FOOD,RAW,生,生重、打碎、充分搅拌,1,中,A4 同原料口径不一致,该原料在不同食谱里既写过生重又写过熟重,统一口径
正式食谱,6天/24份 鸡胸300+30kcal/天,大米,谷类及制品,FOOD,COOKED,熟,煮熟后称重、打碎、充分搅拌,1,中,A3 熟档案未写口径,没写按生重还是熟重称量,补「熟重」
正式食谱,6天/24份 鸡胸300+30kcal/天,糙米,谷类及制品,FOOD,COOKED,熟,煮熟后称重、充分搅拌,2,中,A3 熟档案未写口径 + A4 同原料口径不一致,没写按生重还是熟重称量；该原料在不同食谱里既写过生重又写过熟重,补「熟重」；统一口径
正式食谱,6天/24份 鸡胸300+30kcal/天,山药,薯类及制品,FOOD,RAW,生,去皮、生重、打碎、充分搅拌,1,中,A4 同原料口径不一致,该原料在不同食谱里既写过生重又写过熟重,统一口径
正式食谱,6天/24份 鸡胸300+30kcal/天,胡萝卜,蔬菜类及制品,FOOD,RAW,生,生重、打碎、充分搅拌,1,中,A4 同原料口径不一致,该原料在不同食谱里既写过生重又写过熟重,统一口径
正式食谱,6天/24份 鸡胸300+30kcal/天,紫甘蓝,蔬菜类及制品,FOOD,RAW,生,生重、打碎、充分搅拌,1,中,A4 同原料口径不一致,该原料在不同食谱里既写过生重又写过熟重,统一口径
正式食谱,derder 夏季鲜食食谱,猪肝,畜肉类及制品,FOOD,RAW,生,去油、生重、焯水、打碎、充分搅拌,1,中,A2b 生档案却写熟制步骤,档案用生数据，步骤却含焯水/蒸煮,确认是口径写错还是档案选错
正式食谱,derder 夏季鲜食食谱,西兰花,蔬菜类及制品,FOOD,RAW,生,生重、打碎、充分搅拌,1,中,A4 同原料口径不一致,该原料在不同食谱里既写过生重又写过熟重,统一口径
正式食谱,derder 夏季鲜食食谱,胡萝卜,蔬菜类及制品,FOOD,RAW,生,去皮、生重、打碎、充分搅拌,1,中,A4 同原料口径不一致,该原料在不同食谱里既写过生重又写过熟重,统一口径
正式食谱,derder 夏季鲜食食谱,燕麦,谷类及制品,FOOD,DRIED,干,无添加即食燕麦、打碎、充分搅拌,2,中,B6 商品属性写进步骤 + B5 非标准词,这些片段不是厨房动作，而是商品属性：无添加即食燕麦；自由文本：无添加即食燕麦,移到原料规格/备注，不放在制备说明；归入受控词表或补进字典
正式食谱,derder 夏季鲜食食谱,秋葵,蔬菜类及制品,FOOD,RAW,生,生重、打碎、充分搅拌,1,中,A4 同原料口径不一致,该原料在不同食谱里既写过生重又写过熟重,统一口径
正式食谱,derder 的鲜食食谱 07/21,西兰花,蔬菜类及制品,FOOD,RAW,生,打碎、静置30分钟、焯水沥干、称重、充分搅拌,3,中,B5 非标准词 + A2b 生档案却写熟制步骤 + A4 同原料口径不一致,自由文本：焯水沥干 / 称重；档案用生数据，步骤却含焯水/蒸煮；该原料在不同食谱里既写过生重又写过熟重,归入受控词表或补进字典；确认是口径写错还是档案选错；统一口径
正式食谱,derder 的鲜食食谱 07/21,胡萝卜,蔬菜类及制品,FOOD,RAW,生,生重、打碎、充分搅拌,1,中,A4 同原料口径不一致,该原料在不同食谱里既写过生重又写过熟重,统一口径
正式食谱,derder 的鲜食食谱 07/21,猪肝,畜肉类及制品,FOOD,RAW,生,去油、生重、焯水、打碎、充分搅拌,1,中,A2b 生档案却写熟制步骤,档案用生数据，步骤却含焯水/蒸煮,确认是口径写错还是档案选错
正式食谱,derder 的鲜食食谱 07/21,秋葵,蔬菜类及制品,FOOD,RAW,生,生重、打碎、充分搅拌,1,中,A4 同原料口径不一致,该原料在不同食谱里既写过生重又写过熟重,统一口径
正式食谱,derder 的鲜食食谱 07/21,藜麦,谷类及制品,FOOD,RAW,生,生重、打粉、充分搅拌,1,中,A4 同原料口径不一致,该原料在不同食谱里既写过生重又写过熟重,统一口径
正式食谱,Dobby 的鲜食食谱 06/15,生蚝,水产类,FOOD,RAW,生,去壳、生重、焯水、打碎、充分搅拌,1,中,A2b 生档案却写熟制步骤,档案用生数据，步骤却含焯水/蒸煮,确认是口径写错还是档案选错
正式食谱,Foxy的鸭胸食谱,花椰菜,蔬菜类及制品,FOOD,COOKED,熟,去老梗、焯水后称重、打碎、充分搅拌,2,中,B5 非标准词 + A3 熟档案未写口径,自由文本：焯水后称重；没写按生重还是熟重称量,归入受控词表或补进字典；补「熟重」
正式食谱,Foxy的鸭胸食谱,土豆,薯类及制品,FOOD,COOKED,熟,去皮、煮熟后称重、打碎、充分搅拌,1,中,A3 熟档案未写口径,没写按生重还是熟重称量,补「熟重」
正式食谱,harley 的鲜食食谱 08/09,生菜,蔬菜类及制品,FOOD,RAW,生,生重、焯水、打碎、充分搅拌,1,中,A2b 生档案却写熟制步骤,档案用生数据，步骤却含焯水/蒸煮,确认是口径写错还是档案选错
正式食谱,harley 的鲜食食谱 08/09,大米,谷类及制品,FOOD,COOKED,熟,煮熟后称重、打碎、充分搅拌,1,中,A3 熟档案未写口径,没写按生重还是熟重称量,补「熟重」
正式食谱,harley 的鲜食食谱 08/09,小米,谷类及制品,FOOD,COOKED,熟,煮熟后称重、充分搅拌,2,中,A3 熟档案未写口径 + A4 同原料口径不一致,没写按生重还是熟重称量；该原料在不同食谱里既写过生重又写过熟重,补「熟重」；统一口径
正式食谱,ID的兔肉定制,鸭蛋,蛋类及制品,FOOD,RAW,生,去壳全蛋、与其他食材充分搅拌,1,中,B5 非标准词,自由文本：去壳全蛋 / 与其他食材充分搅拌,归入受控词表或补进字典
正式食谱,ID的兔肉定制,糙米,谷类及制品,FOOD,COOKED,熟,煮熟后称重、充分搅拌,2,中,A3 熟档案未写口径 + A4 同原料口径不一致,没写按生重还是熟重称量；该原料在不同食谱里既写过生重又写过熟重,补「熟重」；统一口径
正式食谱,ID的兔肉定制,土豆,薯类及制品,FOOD,COOKED,熟,去皮、煮熟后称重、打碎、充分搅拌,1,中,A3 熟档案未写口径,没写按生重还是熟重称量,补「熟重」
正式食谱,ID的兔肉定制,上海青,蔬菜类及制品,FOOD,RAW,生,水煮或焯水后沥干、称重、打碎、充分搅拌,2,中,B5 非标准词 + A2b 生档案却写熟制步骤,自由文本：水煮或焯水后沥干 / 称重；档案用生数据，步骤却含焯水/蒸煮,归入受控词表或补进字典；确认是口径写错还是档案选错
正式食谱,Lucky的最新兔肉食谱,大米,谷类及制品,FOOD,COOKED,熟,煮熟后称重、打碎、充分搅拌,1,中,A3 熟档案未写口径,没写按生重还是熟重称量,补「熟重」
正式食谱,Lucky的最新兔肉食谱,南瓜,蔬菜类及制品,FOOD,COOKED,熟,去皮、去瓤、煮熟后称重、打碎、充分搅拌,2,中,A3 熟档案未写口径 + A4 同原料口径不一致,没写按生重还是熟重称量；该原料在不同食谱里既写过生重又写过熟重,补「熟重」；统一口径
正式食谱,Lucky的最新兔肉食谱,红薯,薯类及制品,FOOD,COOKED,熟,去皮、煮熟后称重、打碎、充分搅拌,2,中,A3 熟档案未写口径 + A4 同原料口径不一致,没写按生重还是熟重称量；该原料在不同食谱里既写过生重又写过熟重,补「熟重」；统一口径
正式食谱,Lucky的最新兔肉食谱,西兰花,蔬菜类及制品,FOOD,COOKED,熟,打碎、静置30分钟、焯水沥干、称重、充分搅拌,3,中,B5 非标准词 + A3 熟档案未写口径 + A4 同原料口径不一致,自由文本：焯水沥干 / 称重；没写按生重还是熟重称量；该原料在不同食谱里既写过生重又写过熟重,归入受控词表或补进字典；补「熟重」；统一口径
正式食谱,Seven 的测试食谱,南瓜,蔬菜类及制品,FOOD,COOKED,熟,去瓤、去皮、煮熟后沥水、称重、打碎、充分搅拌,3,中,B5 非标准词 + A3 熟档案未写口径 + A4 同原料口径不一致,自由文本：煮熟后沥水 / 称重；没写按生重还是熟重称量；该原料在不同食谱里既写过生重又写过熟重,归入受控词表或补进字典；补「熟重」；统一口径
正式食谱,Seven 的测试食谱,燕麦,谷类及制品,FOOD,DRIED,干,无添加即食燕麦、打碎、充分搅拌,2,中,B6 商品属性写进步骤 + B5 非标准词,这些片段不是厨房动作，而是商品属性：无添加即食燕麦；自由文本：无添加即食燕麦,移到原料规格/备注，不放在制备说明；归入受控词表或补进字典
正式食谱,Seven 的测试食谱 副本,南瓜,蔬菜类及制品,FOOD,COOKED,熟,去瓤、去皮、煮熟后沥水、称重、打碎、充分搅拌,3,中,B5 非标准词 + A3 熟档案未写口径 + A4 同原料口径不一致,自由文本：煮熟后沥水 / 称重；没写按生重还是熟重称量；该原料在不同食谱里既写过生重又写过熟重,归入受控词表或补进字典；补「熟重」；统一口径
正式食谱,Seven 的测试食谱 副本,燕麦,谷类及制品,FOOD,DRIED,干,无添加即食燕麦、打碎、充分搅拌,2,中,B6 商品属性写进步骤 + B5 非标准词,这些片段不是厨房动作，而是商品属性：无添加即食燕麦；自由文本：无添加即食燕麦,移到原料规格/备注，不放在制备说明；归入受控词表或补进字典
正式食谱,TT 的鲜食食谱 07/05,小米,谷类及制品,FOOD,COOKED,熟,煮熟后称重、充分搅拌,2,中,A3 熟档案未写口径 + A4 同原料口径不一致,没写按生重还是熟重称量；该原料在不同食谱里既写过生重又写过熟重,补「熟重」；统一口径
正式食谱,TT 的鲜食食谱 07/05,红小豆,谷类及制品,FOOD,DRIED,干,生重、打碎、充分搅拌,2,中,C1b 干制品口径词不规范 + A4 同原料口径不一致,干制品宜用「干重」；该原料在不同食谱里既写过生重又写过熟重,口径词统一（需字典补「干重」）；统一口径
正式食谱,TT 的鲜食食谱 07/05,西兰花,蔬菜类及制品,FOOD,RAW,生,打碎、静置30分钟、焯水沥干、称重、充分搅拌,3,中,B5 非标准词 + A2b 生档案却写熟制步骤 + A4 同原料口径不一致,自由文本：焯水沥干 / 称重；档案用生数据，步骤却含焯水/蒸煮；该原料在不同食谱里既写过生重又写过熟重,归入受控词表或补进字典；确认是口径写错还是档案选错；统一口径
正式食谱,TT 的鲜食食谱 07/05,白萝卜,蔬菜类及制品,FOOD,RAW,生,去皮、生重、打碎、充分搅拌,1,中,A4 同原料口径不一致,该原料在不同食谱里既写过生重又写过熟重,统一口径
正式食谱,xz 的鲜食食谱 07/08,胡萝卜,蔬菜类及制品,FOOD,RAW,生,生重、打碎、充分搅拌,1,中,A4 同原料口径不一致,该原料在不同食谱里既写过生重又写过熟重,统一口径
正式食谱,xz 的鲜食食谱 07/08,西兰花,蔬菜类及制品,FOOD,RAW,生,打碎、静置30分钟、焯水沥干、称重、充分搅拌,3,中,B5 非标准词 + A2b 生档案却写熟制步骤 + A4 同原料口径不一致,自由文本：焯水沥干 / 称重；档案用生数据，步骤却含焯水/蒸煮；该原料在不同食谱里既写过生重又写过熟重,归入受控词表或补进字典；确认是口径写错还是档案选错；统一口径
正式食谱,xz 的鲜食食谱 07/08 副本,小米,谷类及制品,FOOD,COOKED,熟,煮熟后称重、充分搅拌,2,中,A3 熟档案未写口径 + A4 同原料口径不一致,没写按生重还是熟重称量；该原料在不同食谱里既写过生重又写过熟重,补「熟重」；统一口径
正式食谱,xz 的鲜食食谱 07/08 副本,胡萝卜,蔬菜类及制品,FOOD,RAW,生,生重、打碎、充分搅拌,1,中,A4 同原料口径不一致,该原料在不同食谱里既写过生重又写过熟重,统一口径
正式食谱,xz 的鲜食食谱 07/08 副本,西兰花,蔬菜类及制品,FOOD,RAW,生,打碎、静置30分钟、焯水沥干、称重、充分搅拌,3,中,B5 非标准词 + A2b 生档案却写熟制步骤 + A4 同原料口径不一致,自由文本：焯水沥干 / 称重；档案用生数据，步骤却含焯水/蒸煮；该原料在不同食谱里既写过生重又写过熟重,归入受控词表或补进字典；确认是口径写错还是档案选错；统一口径
正式食谱,xz 的鲜食食谱 07/15,小米,谷类及制品,FOOD,COOKED,熟,煮熟后称重、充分搅拌,2,中,A3 熟档案未写口径 + A4 同原料口径不一致,没写按生重还是熟重称量；该原料在不同食谱里既写过生重又写过熟重,补「熟重」；统一口径
正式食谱,xz 的鲜食食谱 07/15,胡萝卜,蔬菜类及制品,FOOD,RAW,生,生重、打碎、充分搅拌,1,中,A4 同原料口径不一致,该原料在不同食谱里既写过生重又写过熟重,统一口径
正式食谱,xz 的鲜食食谱 07/15,西兰花,蔬菜类及制品,FOOD,RAW,生,打碎、静置30分钟、焯水沥干、称重、充分搅拌,3,中,B5 非标准词 + A2b 生档案却写熟制步骤 + A4 同原料口径不一致,自由文本：焯水沥干 / 称重；档案用生数据，步骤却含焯水/蒸煮；该原料在不同食谱里既写过生重又写过熟重,归入受控词表或补进字典；确认是口径写错还是档案选错；统一口径
正式食谱,xz 的鲜食食谱 08/31,山药,薯类及制品,FOOD,RAW,生,去皮、生重、打碎、充分搅拌,1,中,A4 同原料口径不一致,该原料在不同食谱里既写过生重又写过熟重,统一口径
正式食谱,xz 的鲜食食谱 猪里脊鳕鱼鸡蛋,胡萝卜,蔬菜类及制品,FOOD,RAW,生,生重、打碎、充分搅拌,1,中,A4 同原料口径不一致,该原料在不同食谱里既写过生重又写过熟重,统一口径
正式食谱,xz 的鲜食食谱 猪里脊鳕鱼鸡蛋,紫甘蓝,蔬菜类及制品,FOOD,RAW,生,生重、打碎、充分搅拌,1,中,A4 同原料口径不一致,该原料在不同食谱里既写过生重又写过熟重,统一口径
正式食谱,xz 的鲜食食谱 猪里脊鳕鱼鸡蛋,亚麻籽,坚果种子类,FOOD,DRIED,干,打粉后充分搅拌,1,中,B5 非标准词,自由文本：打粉后充分搅拌,归入受控词表或补进字典
正式食谱,乖乖 的鲜食食谱 08/25,西兰花,蔬菜类及制品,FOOD,RAW,生,打碎、静置30分钟、焯水沥干、称重、充分搅拌,3,中,B5 非标准词 + A2b 生档案却写熟制步骤 + A4 同原料口径不一致,自由文本：焯水沥干 / 称重；档案用生数据，步骤却含焯水/蒸煮；该原料在不同食谱里既写过生重又写过熟重,归入受控词表或补进字典；确认是口径写错还是档案选错；统一口径
正式食谱,乖乖 的鲜食食谱 08/25,紫甘蓝,蔬菜类及制品,FOOD,RAW,生,生重、打碎、充分搅拌,1,中,A4 同原料口径不一致,该原料在不同食谱里既写过生重又写过熟重,统一口径
正式食谱,兔肉食谱,猪肝,畜肉类及制品,FOOD,RAW,生,去油、生重、焯水、打碎、充分搅拌,1,中,A2b 生档案却写熟制步骤,档案用生数据，步骤却含焯水/蒸煮,确认是口径写错还是档案选错
正式食谱,兔肉食谱,紫甘蓝,蔬菜类及制品,FOOD,RAW,生,生重、打碎、充分搅拌,1,中,A4 同原料口径不一致,该原料在不同食谱里既写过生重又写过熟重,统一口径
正式食谱,兔肉食谱,南瓜,蔬菜类及制品,FOOD,RAW,生,去皮、去瓤、生重、打碎、充分搅拌,1,中,A4 同原料口径不一致,该原料在不同食谱里既写过生重又写过熟重,统一口径
正式食谱,兔里脊大米土豆(小满),大米,谷类及制品,FOOD,COOKED,熟,煮熟后称重、打碎、充分搅拌,1,中,A3 熟档案未写口径,没写按生重还是熟重称量,补「熟重」
正式食谱,兔里脊大米土豆(小满),土豆,薯类及制品,FOOD,COOKED,熟,去皮、煮熟后称重、打碎、充分搅拌,1,中,A3 熟档案未写口径,没写按生重还是熟重称量,补「熟重」
正式食谱,兔里脊大米土豆(小满),南瓜,蔬菜类及制品,FOOD,COOKED,熟,去皮、去瓤、煮熟后称重、打碎、充分搅拌,2,中,A3 熟档案未写口径 + A4 同原料口径不一致,没写按生重还是熟重称量；该原料在不同食谱里既写过生重又写过熟重,补「熟重」；统一口径
正式食谱,兔里脊鸭胗蛋-lp 副本,糙米,谷类及制品,FOOD,COOKED,熟,煮熟后称重、充分搅拌,2,中,A3 熟档案未写口径 + A4 同原料口径不一致,没写按生重还是熟重称量；该原料在不同食谱里既写过生重又写过熟重,补「熟重」；统一口径
正式食谱,兔里脊鸭胗蛋-lp 副本,胡萝卜,蔬菜类及制品,FOOD,RAW,生,生重、打碎、充分搅拌,1,中,A4 同原料口径不一致,该原料在不同食谱里既写过生重又写过熟重,统一口径
正式食谱,兔里脊鸭胗蛋-lp 副本,紫甘蓝,蔬菜类及制品,FOOD,RAW,生,生重、打碎、充分搅拌,1,中,A4 同原料口径不一致,该原料在不同食谱里既写过生重又写过熟重,统一口径
正式食谱,六六 的鲜食食谱 08/25,西兰花,蔬菜类及制品,FOOD,RAW,生,生重、打碎、充分搅拌,1,中,A4 同原料口径不一致,该原料在不同食谱里既写过生重又写过熟重,统一口径
正式食谱,六六 的鲜食食谱 08/25,胡萝卜,蔬菜类及制品,FOOD,RAW,生,留皮、生重、打碎、充分搅拌,1,中,A4 同原料口径不一致,该原料在不同食谱里既写过生重又写过熟重,统一口径
正式食谱,六六 的鲜食食谱 08/25,糙米,谷类及制品,FOOD,RAW,生,生重、打粉、充分搅拌,1,中,A4 同原料口径不一致,该原料在不同食谱里既写过生重又写过熟重,统一口径
正式食谱,六六 的鲜食食谱 08/25,红薯,薯类及制品,FOOD,RAW,生,去皮、生重、打碎、充分搅拌,1,中,A4 同原料口径不一致,该原料在不同食谱里既写过生重又写过熟重,统一口径
正式食谱,创伤恢复+红胡子(牛肉版),糙米,谷类及制品,FOOD,COOKED,熟,煮熟后称重、充分搅拌,2,中,A3 熟档案未写口径 + A4 同原料口径不一致,没写按生重还是熟重称量；该原料在不同食谱里既写过生重又写过熟重,补「熟重」；统一口径
正式食谱,创伤恢复+红胡子(牛肉版),小麦胚芽油,油脂类,FOOD,OIL,油脂,dd27baa4-36cb-4405-9092-0eb37e6160fa、af4c8a9c-98bf-4f91-ab07-4927aae2c4c2,1,中,B1 机器码残留,文案存的是字典 ID（接口会解析成中文，不显示乱码），但存储形式脆弱：字典缺项就会异常，且会掩盖「无营养档案」等问题,按字典还原为标准词（18/19 可确定性还原）
正式食谱,创伤恢复+红胡子(牛肉版),姜黄粉,调味品类,FOOD,POWDER,粉,dd27baa4-36cb-4405-9092-0eb37e6160fa、af4c8a9c-98bf-4f91-ab07-4927aae2c4c2,1,中,B1 机器码残留,文案存的是字典 ID（接口会解析成中文，不显示乱码），但存储形式脆弱：字典缺项就会异常，且会掩盖「无营养档案」等问题,按字典还原为标准词（18/19 可确定性还原）
正式食谱,创伤恢复+红胡子(牛肉版),食用盐,调味品类,FOOD,DRIED,干,dd27baa4-36cb-4405-9092-0eb37e6160fa、af4c8a9c-98bf-4f91-ab07-4927aae2c4c2,1,中,B1 机器码残留,文案存的是字典 ID（接口会解析成中文，不显示乱码），但存储形式脆弱：字典缺项就会异常，且会掩盖「无营养档案」等问题,按字典还原为标准词（18/19 可确定性还原）
正式食谱,创伤恢复+红胡子(牛肉版),鸡蛋壳粉,乳类及制品,SUPPLEMENT,CONCENTRATE,浓缩补剂,dd27baa4-36cb-4405-9092-0eb37e6160fa、af4c8a9c-98bf-4f91-ab07-4927aae2c4c2,1,中,B1 机器码残留,文案存的是字典 ID（接口会解析成中文，不显示乱码），但存储形式脆弱：字典缺项就会异常，且会掩盖「无营养档案」等问题,按字典还原为标准词（18/19 可确定性还原）
正式食谱,创伤恢复+红胡子(牛肉版),葡萄糖酸锌片,乳类及制品,SUPPLEMENT,CONCENTRATE,浓缩补剂,df60590f-a697-4897-ab08-1322e2287268、af4c8a9c-98bf-4f91-ab07-4927aae2c4c2,1,中,B1 机器码残留,文案存的是字典 ID（接口会解析成中文，不显示乱码），但存储形式脆弱：字典缺项就会异常，且会掩盖「无营养档案」等问题,按字典还原为标准词（18/19 可确定性还原）
正式食谱,创伤恢复+红胡子(牛肉版),海藻粉,乳类及制品,SUPPLEMENT,CONCENTRATE,浓缩补剂,af4c8a9c-98bf-4f91-ab07-4927aae2c4c2,1,中,B1 机器码残留,文案存的是字典 ID（接口会解析成中文，不显示乱码），但存储形式脆弱：字典缺项就会异常，且会掩盖「无营养档案」等问题,按字典还原为标准词（18/19 可确定性还原）
正式食谱,十字花科全谷物三文鱼鸡肉,糙米,谷类及制品,FOOD,COOKED,熟,煮熟后称重、充分搅拌,2,中,A3 熟档案未写口径 + A4 同原料口径不一致,没写按生重还是熟重称量；该原料在不同食谱里既写过生重又写过熟重,补「熟重」；统一口径
正式食谱,十字花科全谷物三文鱼鸡肉,糙米,谷类及制品,FOOD,COOKED,熟,煮熟后称重、充分搅拌,2,中,A3 熟档案未写口径 + A4 同原料口径不一致,没写按生重还是熟重称量；该原料在不同食谱里既写过生重又写过熟重,补「熟重」；统一口径
正式食谱,十字花科全谷物三文鱼鸡肉,糙米,谷类及制品,FOOD,COOKED,熟,煮熟后称重、充分搅拌,2,中,A3 熟档案未写口径 + A4 同原料口径不一致,没写按生重还是熟重称量；该原料在不同食谱里既写过生重又写过熟重,补「熟重」；统一口径
正式食谱,十字花科全谷物三文鱼鸡肉,糙米,谷类及制品,FOOD,COOKED,熟,煮熟后称重、充分搅拌,2,中,A3 熟档案未写口径 + A4 同原料口径不一致,没写按生重还是熟重称量；该原料在不同食谱里既写过生重又写过熟重,补「熟重」；统一口径
正式食谱,十字花科全谷物三文鱼鸡肉,糙米,谷类及制品,FOOD,COOKED,熟,煮熟后称重、充分搅拌,2,中,A3 熟档案未写口径 + A4 同原料口径不一致,没写按生重还是熟重称量；该原料在不同食谱里既写过生重又写过熟重,补「熟重」；统一口径
正式食谱,十字花科全谷物三文鱼鸡肉,西兰花,蔬菜类及制品,FOOD,RAW,生,生重、打碎、静置30分钟、充分搅拌,1,中,A4 同原料口径不一致,该原料在不同食谱里既写过生重又写过熟重,统一口径
正式食谱,十字花科全谷物三文鱼鸡肉,西兰花,蔬菜类及制品,FOOD,RAW,生,生重、打碎、静置30分钟、充分搅拌,1,中,A4 同原料口径不一致,该原料在不同食谱里既写过生重又写过熟重,统一口径
正式食谱,十字花科全谷物三文鱼鸡肉,白萝卜,蔬菜类及制品,FOOD,RAW,生,生重、打碎、静置30分钟、充分搅拌,1,中,A4 同原料口径不一致,该原料在不同食谱里既写过生重又写过熟重,统一口径
正式食谱,十字花科全谷物三文鱼鸡肉,白萝卜,蔬菜类及制品,FOOD,RAW,生,生重、打碎、静置30分钟、充分搅拌,1,中,A4 同原料口径不一致,该原料在不同食谱里既写过生重又写过熟重,统一口径
正式食谱,十字花科全谷物三文鱼鸡肉,红小豆,谷类及制品,FOOD,DRIED,干,浸泡12小时、煮熟后称重、打碎、充分搅拌,1,中,A4 同原料口径不一致,该原料在不同食谱里既写过生重又写过熟重,统一口径
正式食谱,十字花科全谷物三文鱼鸡肉,红小豆,谷类及制品,FOOD,DRIED,干,浸泡12小时、煮熟后称重、打碎、充分搅拌,1,中,A4 同原料口径不一致,该原料在不同食谱里既写过生重又写过熟重,统一口径
正式食谱,咘咘 的鲜食食谱 08/06,南瓜,蔬菜类及制品,FOOD,COOKED,熟,去皮、去瓤、煮熟后称重、打碎、充分搅拌,2,中,A3 熟档案未写口径 + A4 同原料口径不一致,没写按生重还是熟重称量；该原料在不同食谱里既写过生重又写过熟重,补「熟重」；统一口径
正式食谱,哈子 的鲜食食谱 08/18,西兰花,蔬菜类及制品,FOOD,RAW,生,打碎、静置30分钟、焯水沥干、称重、充分搅拌,3,中,B5 非标准词 + A2b 生档案却写熟制步骤 + A4 同原料口径不一致,自由文本：焯水沥干 / 称重；档案用生数据，步骤却含焯水/蒸煮；该原料在不同食谱里既写过生重又写过熟重,归入受控词表或补进字典；确认是口径写错还是档案选错；统一口径
正式食谱,嗨皮 的鲜食食谱 08/01,菠菜,蔬菜类及制品,FOOD,COOKED,熟,焯水、沥干后称重、打碎、充分搅拌,1,中,A3 熟档案未写口径,没写按生重还是熟重称量,补「熟重」
正式食谱,嗨皮 的鲜食食谱 08/01,胡萝卜,蔬菜类及制品,FOOD,RAW,生,去皮、生重、打碎、充分搅拌,1,中,A4 同原料口径不一致,该原料在不同食谱里既写过生重又写过熟重,统一口径
正式食谱,嗨皮 的鲜食食谱 08/01,燕麦,谷类及制品,FOOD,DRIED,干,无添加即食燕麦、打碎、充分搅拌,2,中,B6 商品属性写进步骤 + B5 非标准词,这些片段不是厨房动作，而是商品属性：无添加即食燕麦；自由文本：无添加即食燕麦,移到原料规格/备注，不放在制备说明；归入受控词表或补进字典
正式食谱,嗨皮 的鲜食食谱 08/01,大米,谷类及制品,FOOD,COOKED,熟,煮熟后称重、打碎、充分搅拌,1,中,A3 熟档案未写口径,没写按生重还是熟重称量,补「熟重」
正式食谱,土豆大米兔,大米,谷类及制品,FOOD,COOKED,熟,煮熟后称重、打碎、充分搅拌,1,中,A3 熟档案未写口径,没写按生重还是熟重称量,补「熟重」
正式食谱,土豆大米兔,土豆,薯类及制品,FOOD,COOKED,熟,去皮、煮熟后称重、打碎、充分搅拌,1,中,A3 熟档案未写口径,没写按生重还是熟重称量,补「熟重」
正式食谱,土豆大米兔,红甜椒,蔬菜类及制品,FOOD,COOKED,熟,去籽、煮熟后称重、打碎、充分搅拌,3,中,B5 非标准词 + A3 熟档案未写口径 + A4 同原料口径不一致,自由文本：去籽；没写按生重还是熟重称量；该原料在不同食谱里既写过生重又写过熟重,归入受控词表或补进字典；补「熟重」；统一口径
正式食谱,土豆大米兔,西葫芦,蔬菜类及制品,FOOD,COOKED,熟,留皮、煮熟后称重、充分搅拌,1,中,A3 熟档案未写口径,没写按生重还是熟重称量,补「熟重」
正式食谱,土豆大米鳕鱼火鸡胸,南瓜,蔬菜类及制品,FOOD,RAW,生,去皮、去瓤、生重、打碎、充分搅拌,1,中,A4 同原料口径不一致,该原料在不同食谱里既写过生重又写过熟重,统一口径
正式食谱,土豆大米鳕鱼火鸡胸,胡萝卜,蔬菜类及制品,FOOD,RAW,生,生重、打碎、充分搅拌,1,中,A4 同原料口径不一致,该原料在不同食谱里既写过生重又写过熟重,统一口径
正式食谱,大米燕麦三文鱼兔里脊,大米,谷类及制品,FOOD,COOKED,熟,煮熟后称重、打碎、充分搅拌,1,中,A3 熟档案未写口径,没写按生重还是熟重称量,补「熟重」
正式食谱,大米燕麦三文鱼兔里脊,南瓜,蔬菜类及制品,FOOD,COOKED,熟,去皮、去瓤、煮熟后称重、充分搅拌,2,中,A3 熟档案未写口径 + A4 同原料口径不一致,没写按生重还是熟重称量；该原料在不同食谱里既写过生重又写过熟重,补「熟重」；统一口径
正式食谱,大米燕麦三文鱼兔里脊,红薯,薯类及制品,FOOD,COOKED,熟,去皮、煮熟后称重、打碎、充分搅拌,2,中,A3 熟档案未写口径 + A4 同原料口径不一致,没写按生重还是熟重称量；该原料在不同食谱里既写过生重又写过熟重,补「熟重」；统一口径
正式食谱,大米红薯兔里脊,大米,谷类及制品,FOOD,COOKED,熟,煮熟后称重、打碎、充分搅拌,1,中,A3 熟档案未写口径,没写按生重还是熟重称量,补「熟重」
正式食谱,大米红薯兔里脊,大米,谷类及制品,FOOD,COOKED,熟,煮熟后称重、打碎、充分搅拌,1,中,A3 熟档案未写口径,没写按生重还是熟重称量,补「熟重」
正式食谱,大米红薯兔里脊,红薯,薯类及制品,FOOD,COOKED,熟,去皮、煮熟后称重、打碎、充分搅拌,2,中,A3 熟档案未写口径 + A4 同原料口径不一致,没写按生重还是熟重称量；该原料在不同食谱里既写过生重又写过熟重,补「熟重」；统一口径
正式食谱,大米红薯兔里脊,西兰花,蔬菜类及制品,FOOD,COOKED,熟,打碎、静置30分钟、焯水沥干、称重、充分搅拌,3,中,B5 非标准词 + A3 熟档案未写口径 + A4 同原料口径不一致,自由文本：焯水沥干 / 称重；没写按生重还是熟重称量；该原料在不同食谱里既写过生重又写过熟重,归入受控词表或补进字典；补「熟重」；统一口径
正式食谱,大米红薯兔里脊,红甜椒,蔬菜类及制品,FOOD,RAW,生,去瓤、生重、打碎、充分搅拌,1,中,A4 同原料口径不一致,该原料在不同食谱里既写过生重又写过熟重,统一口径
正式食谱,大米红薯兔里脊,西兰花,蔬菜类及制品,FOOD,COOKED,熟,打碎、静置30分钟、焯水沥干、称重、充分搅拌,3,中,B5 非标准词 + A3 熟档案未写口径 + A4 同原料口径不一致,自由文本：焯水沥干 / 称重；没写按生重还是熟重称量；该原料在不同食谱里既写过生重又写过熟重,归入受控词表或补进字典；补「熟重」；统一口径
正式食谱,大米红薯兔里脊,羽衣甘蓝,蔬菜类及制品,FOOD,COOKED,熟,焯水、沥干后称重、打碎,1,中,A3 熟档案未写口径,没写按生重还是熟重称量,补「熟重」
正式食谱,大米红薯兔里脊,胡萝卜,蔬菜类及制品,FOOD,COOKED,熟,煮熟后称重、打碎、充分搅拌,2,中,A3 熟档案未写口径 + A4 同原料口径不一致,没写按生重还是熟重称量；该原料在不同食谱里既写过生重又写过熟重,补「熟重」；统一口径
正式食谱,大米红薯兔里脊,羽衣甘蓝,蔬菜类及制品,FOOD,COOKED,熟,焯水、沥干后称重、打碎,1,中,A3 熟档案未写口径,没写按生重还是熟重称量,补「熟重」
正式食谱,大米红薯兔里脊,胡萝卜,蔬菜类及制品,FOOD,COOKED,熟,煮熟后称重、打碎、充分搅拌,2,中,A3 熟档案未写口径 + A4 同原料口径不一致,没写按生重还是熟重称量；该原料在不同食谱里既写过生重又写过熟重,补「熟重」；统一口径
正式食谱,好久 的鲜食食谱 06/15,上海青,蔬菜类及制品,FOOD,RAW,生,水煮或焯水后沥干、称重、打碎、充分搅拌,2,中,B5 非标准词 + A2b 生档案却写熟制步骤,自由文本：水煮或焯水后沥干 / 称重；档案用生数据，步骤却含焯水/蒸煮,归入受控词表或补进字典；确认是口径写错还是档案选错
正式食谱,好久 的鲜食食谱 06/15,亚麻籽,坚果种子类,FOOD,DRIED,干,打粉后充分搅拌,1,中,B5 非标准词,自由文本：打粉后充分搅拌,归入受控词表或补进字典
正式食谱,好久 的鲜食食谱 09/06,西兰花,蔬菜类及制品,FOOD,RAW,生,打碎、静置30分钟、焯水沥干、称重、充分搅拌,3,中,B5 非标准词 + A2b 生档案却写熟制步骤 + A4 同原料口径不一致,自由文本：焯水沥干 / 称重；档案用生数据，步骤却含焯水/蒸煮；该原料在不同食谱里既写过生重又写过熟重,归入受控词表或补进字典；确认是口径写错还是档案选错；统一口径
正式食谱,小瓜 的鲜食食谱 07/02,菠菜,蔬菜类及制品,FOOD,COOKED,熟,焯水、沥干后称重、打碎、充分搅拌,1,中,A3 熟档案未写口径,没写按生重还是熟重称量,补「熟重」
正式食谱,小瓜 的鲜食食谱 07/02,亚麻籽,坚果种子类,FOOD,DRIED,干,打粉后充分搅拌,1,中,B5 非标准词,自由文本：打粉后充分搅拌,归入受控词表或补进字典
正式食谱,小瓜 的鲜食食谱 07/15,芦笋,蔬菜类及制品,FOOD,COOKED,熟,去皮、煮熟后称重、打碎、充分搅拌,1,中,A3 熟档案未写口径,没写按生重还是熟重称量,补「熟重」
正式食谱,小瓜 的鲜食食谱 07/15,燕麦,谷类及制品,FOOD,DRIED,干,无添加即食燕麦、打碎、充分搅拌,2,中,B6 商品属性写进步骤 + B5 非标准词,这些片段不是厨房动作，而是商品属性：无添加即食燕麦；自由文本：无添加即食燕麦,移到原料规格/备注，不放在制备说明；归入受控词表或补进字典
正式食谱,小米三文鱼猪里脊(幺鸡),小米,谷类及制品,FOOD,COOKED,熟,煮熟后称重、充分搅拌,2,中,A3 熟档案未写口径 + A4 同原料口径不一致,没写按生重还是熟重称量；该原料在不同食谱里既写过生重又写过熟重,补「熟重」；统一口径
正式食谱,小米三文鱼猪里脊(幺鸡),紫薯,蔬菜类及制品,FOOD,COOKED,熟,去皮，煮熟后称重,2,中,B2 分隔符不规范 + A3 熟档案未写口径,用了半角逗号；没写按生重还是熟重称量,统一改为顿号「、」；补「熟重」
正式食谱,小米三文鱼猪里脊(幺鸡),胡萝卜,蔬菜类及制品,FOOD,COOKED,熟,煮熟后称重、打碎、充分搅拌,2,中,A3 熟档案未写口径 + A4 同原料口径不一致,没写按生重还是熟重称量；该原料在不同食谱里既写过生重又写过熟重,补「熟重」；统一口径
正式食谱,小米山药猪肉 (副本),猪肝,畜肉类及制品,FOOD,RAW,生,去油、生重、焯水、打碎、充分搅拌,1,中,A2b 生档案却写熟制步骤,档案用生数据，步骤却含焯水/蒸煮,确认是口径写错还是档案选错
正式食谱,小米山药猪肉 (副本),猪肝,畜肉类及制品,FOOD,RAW,生,去油、生重、焯水、打碎、充分搅拌,1,中,A2b 生档案却写熟制步骤,档案用生数据，步骤却含焯水/蒸煮,确认是口径写错还是档案选错
正式食谱,小米山药猪肉 (副本),生蚝,水产类,FOOD,RAW,生,去壳、生重、焯水、打碎、充分搅拌,1,中,A2b 生档案却写熟制步骤,档案用生数据，步骤却含焯水/蒸煮,确认是口径写错还是档案选错
正式食谱,小米山药猪肉 (副本),生蚝,水产类,FOOD,RAW,生,去壳、生重、焯水、打碎、充分搅拌,1,中,A2b 生档案却写熟制步骤,档案用生数据，步骤却含焯水/蒸煮,确认是口径写错还是档案选错
正式食谱,小米山药猪肉 (副本),生菜,蔬菜类及制品,FOOD,RAW,生,生重、焯水、打碎、充分搅拌,1,中,A2b 生档案却写熟制步骤,档案用生数据，步骤却含焯水/蒸煮,确认是口径写错还是档案选错
正式食谱,小米山药猪肉 (副本),生菜,蔬菜类及制品,FOOD,RAW,生,生重、焯水、打碎、充分搅拌,1,中,A2b 生档案却写熟制步骤,档案用生数据，步骤却含焯水/蒸煮,确认是口径写错还是档案选错
正式食谱,小米山药猪肉 (副本),花椰菜,蔬菜类及制品,FOOD,RAW,生,"d43edd90-867d-4e11-8662-a5b68da1a4fc, 76b12041-3a5e-4aaf-b605-6f2648275ad1, ee521572-239b-46a9-a206-bed5b5246433, 5faa5c79-f01f-4f45-876c-57cceb1b9db0, a54a1be3-e846-4439-a316-95d77b4a016a, 7aa01a87-e4d5-4e3b-b4cf-e4634b303853, af4c8a9c-98bf-4f91-ab07-4927aae2c4c2",1,中,B1 机器码残留,文案存的是字典 ID（接口会解析成中文，不显示乱码），但存储形式脆弱：字典缺项就会异常，且会掩盖「无营养档案」等问题,按字典还原为标准词（18/19 可确定性还原）
正式食谱,小米山药猪肉 (副本),花椰菜,蔬菜类及制品,FOOD,RAW,生,"d43edd90-867d-4e11-8662-a5b68da1a4fc, 76b12041-3a5e-4aaf-b605-6f2648275ad1, ee521572-239b-46a9-a206-bed5b5246433, 5faa5c79-f01f-4f45-876c-57cceb1b9db0, a54a1be3-e846-4439-a316-95d77b4a016a, 7aa01a87-e4d5-4e3b-b4cf-e4634b303853, af4c8a9c-98bf-4f91-ab07-4927aae2c4c2",1,中,B1 机器码残留,文案存的是字典 ID（接口会解析成中文，不显示乱码），但存储形式脆弱：字典缺项就会异常，且会掩盖「无营养档案」等问题,按字典还原为标准词（18/19 可确定性还原）
正式食谱,小米鳕鱼鸡胸,秋葵,蔬菜类及制品,FOOD,RAW,生,生重、打碎、充分搅拌,1,中,A4 同原料口径不一致,该原料在不同食谱里既写过生重又写过熟重,统一口径
正式食谱,小米鳕鱼鸡胸,秋葵,蔬菜类及制品,FOOD,RAW,生,生重、打碎、充分搅拌,1,中,A4 同原料口径不一致,该原料在不同食谱里既写过生重又写过熟重,统一口径
正式食谱,小豆 的鲜食食谱 08/27,西兰花,蔬菜类及制品,FOOD,RAW,生,生重、打碎、静置30分钟、充分搅拌,1,中,A4 同原料口径不一致,该原料在不同食谱里既写过生重又写过熟重,统一口径
正式食谱,小豆 的鲜食食谱 08/27,白萝卜,蔬菜类及制品,FOOD,RAW,生,生重、打碎、静置30分钟、充分搅拌,1,中,A4 同原料口径不一致,该原料在不同食谱里既写过生重又写过熟重,统一口径
正式食谱,小豆 的鲜食食谱 08/27,红小豆,谷类及制品,FOOD,COOKED,熟,浸泡12小时、煮熟后称重、打碎、充分搅拌,2,中,A3 熟档案未写口径 + A4 同原料口径不一致,没写按生重还是熟重称量；该原料在不同食谱里既写过生重又写过熟重,补「熟重」；统一口径
正式食谱,小豆 的鲜食食谱 08/29,西兰花,蔬菜类及制品,FOOD,RAW,生,生重、打碎、充分搅拌,1,中,A4 同原料口径不一致,该原料在不同食谱里既写过生重又写过熟重,统一口径
正式食谱,小豆 的鲜食食谱 08/29,秋葵,蔬菜类及制品,FOOD,RAW,生,生重、打碎、充分搅拌,1,中,A4 同原料口径不一致,该原料在不同食谱里既写过生重又写过熟重,统一口径
正式食谱,小豆 的鲜食食谱 08/29,秋葵,蔬菜类及制品,FOOD,RAW,生,生重、打碎、充分搅拌,1,中,A4 同原料口径不一致,该原料在不同食谱里既写过生重又写过熟重,统一口径
正式食谱,小豆 的鲜食食谱 08/29,红甜椒,蔬菜类及制品,FOOD,RAW,生,去瓤、生重、打碎、充分搅拌,1,中,A4 同原料口径不一致,该原料在不同食谱里既写过生重又写过熟重,统一口径
正式食谱,小豆 的鲜食食谱 08/29,藜麦,谷类及制品,FOOD,RAW,生,生重、打粉、充分搅拌,1,中,A4 同原料口径不一致,该原料在不同食谱里既写过生重又写过熟重,统一口径
正式食谱,山药 辅食,胡萝卜,蔬菜类及制品,FOOD,RAW,生,生重、打碎、充分搅拌,1,中,A4 同原料口径不一致,该原料在不同食谱里既写过生重又写过熟重,统一口径
正式食谱,山药 辅食,白萝卜,蔬菜类及制品,FOOD,RAW,生,去皮、生重、打碎、充分搅拌,1,中,A4 同原料口径不一致,该原料在不同食谱里既写过生重又写过熟重,统一口径
正式食谱,山药 辅食,西兰花,蔬菜类及制品,FOOD,RAW,生,打碎、静置30分钟、焯水沥干、称重、充分搅拌,3,中,B5 非标准词 + A2b 生档案却写熟制步骤 + A4 同原料口径不一致,自由文本：焯水沥干 / 称重；档案用生数据，步骤却含焯水/蒸煮；该原料在不同食谱里既写过生重又写过熟重,归入受控词表或补进字典；确认是口径写错还是档案选错；统一口径
正式食谱,布丁定制食谱,西兰花,蔬菜类及制品,FOOD,COOKED,熟,打碎、静置30分钟、焯水沥干、称重、充分搅拌,3,中,B5 非标准词 + A3 熟档案未写口径 + A4 同原料口径不一致,自由文本：焯水沥干 / 称重；没写按生重还是熟重称量；该原料在不同食谱里既写过生重又写过熟重,归入受控词表或补进字典；补「熟重」；统一口径
正式食谱,布丁定制食谱,胡萝卜,蔬菜类及制品,FOOD,COOKED,熟,煮熟后称重、打碎、充分搅拌,2,中,A3 熟档案未写口径 + A4 同原料口径不一致,没写按生重还是熟重称量；该原料在不同食谱里既写过生重又写过熟重,补「熟重」；统一口径
正式食谱,布丁定制食谱,南瓜,蔬菜类及制品,FOOD,COOKED,熟,去皮、去瓤、煮熟后称重、打碎、充分搅拌,2,中,A3 熟档案未写口径 + A4 同原料口径不一致,没写按生重还是熟重称量；该原料在不同食谱里既写过生重又写过熟重,补「熟重」；统一口径
正式食谱,帽帽 的鲜食食谱 07/10,西兰花,蔬菜类及制品,FOOD,RAW,生,打碎、静置30分钟、焯水沥干、称重、充分搅拌,3,中,B5 非标准词 + A2b 生档案却写熟制步骤 + A4 同原料口径不一致,自由文本：焯水沥干 / 称重；档案用生数据，步骤却含焯水/蒸煮；该原料在不同食谱里既写过生重又写过熟重,归入受控词表或补进字典；确认是口径写错还是档案选错；统一口径
正式食谱,帽帽 的鲜食食谱 07/10,燕麦,谷类及制品,FOOD,DRIED,干,无添加即食燕麦、打碎、充分搅拌,2,中,B6 商品属性写进步骤 + B5 非标准词,这些片段不是厨房动作，而是商品属性：无添加即食燕麦；自由文本：无添加即食燕麦,移到原料规格/备注，不放在制备说明；归入受控词表或补进字典
正式食谱,当前名称：排敏：鸡肉7.2-7.6,上海青,蔬菜类及制品,FOOD,COOKED,熟,水煮或焯水后沥干、称重、打碎、充分搅拌,2,中,B5 非标准词 + A3 熟档案未写口径,自由文本：水煮或焯水后沥干 / 称重；没写按生重还是熟重称量,归入受控词表或补进字典；补「熟重」
正式食谱,李皮皮 的鲜食食谱 07/02,西葫芦,蔬菜类及制品,FOOD,COOKED,熟,煮熟后称重、打碎、充分搅拌,1,中,A3 熟档案未写口径,没写按生重还是熟重称量,补「熟重」
正式食谱,杠铃 的鲜食食谱 07/25,上海青,蔬菜类及制品,FOOD,COOKED,熟,水煮或焯水后沥干、称重、打碎、充分搅拌,2,中,B5 非标准词 + A3 熟档案未写口径,自由文本：水煮或焯水后沥干 / 称重；没写按生重还是熟重称量,归入受控词表或补进字典；补「熟重」
正式食谱,杠铃 的鲜食食谱 07/25,胡萝卜,蔬菜类及制品,FOOD,RAW,生,生重、打碎、充分搅拌,1,中,A4 同原料口径不一致,该原料在不同食谱里既写过生重又写过熟重,统一口径
正式食谱,来福 的鲜食食谱 08/06,南瓜,蔬菜类及制品,FOOD,RAW,生,去皮、去瓤、生重、打碎、充分搅拌,1,中,A4 同原料口径不一致,该原料在不同食谱里既写过生重又写过熟重,统一口径
正式食谱,来福 的鲜食食谱 08/06,花椰菜,蔬菜类及制品,FOOD,RAW,生,去老梗、焯水后称重、打碎、充分搅拌,2,中,B5 非标准词 + A2b 生档案却写熟制步骤,自由文本：焯水后称重；档案用生数据，步骤却含焯水/蒸煮,归入受控词表或补进字典；确认是口径写错还是档案选错
正式食谱,来福 的鲜食食谱 08/06,秋葵,蔬菜类及制品,FOOD,RAW,生,生重、打碎、充分搅拌,1,中,A4 同原料口径不一致,该原料在不同食谱里既写过生重又写过熟重,统一口径
正式食谱,来福 的鲜食食谱 08/06,红甜椒,蔬菜类及制品,FOOD,RAW,生,去瓤、生重、打碎、充分搅拌,1,中,A4 同原料口径不一致,该原料在不同食谱里既写过生重又写过熟重,统一口径
正式食谱,柠檬茶 的鲜食食谱 08/05,红甜椒,蔬菜类及制品,FOOD,RAW,生,去瓤、生重、打碎、充分搅拌,1,中,A4 同原料口径不一致,该原料在不同食谱里既写过生重又写过熟重,统一口径
正式食谱,柠檬茶 的鲜食食谱 09/06,小米,谷类及制品,FOOD,RAW,生,生重、打碎、充分搅拌,1,中,A4 同原料口径不一致,该原料在不同食谱里既写过生重又写过熟重,统一口径
正式食谱,柠檬茶 的鲜食食谱 09/06,南瓜,蔬菜类及制品,FOOD,RAW,生,去皮、去瓤、生重、打碎、充分搅拌,1,中,A4 同原料口径不一致,该原料在不同食谱里既写过生重又写过熟重,统一口径
正式食谱,柠檬茶 的鲜食食谱 09/06,红甜椒,蔬菜类及制品,FOOD,RAW,生,去瓤、生重、打碎、充分搅拌,1,中,A4 同原料口径不一致,该原料在不同食谱里既写过生重又写过熟重,统一口径
正式食谱,桑迪 的鲜食食谱 07/25,胡萝卜,蔬菜类及制品,FOOD,RAW,生,生重、打碎、充分搅拌,1,中,A4 同原料口径不一致,该原料在不同食谱里既写过生重又写过熟重,统一口径
正式食谱,桑迪 的鲜食食谱 07/25,秋葵,蔬菜类及制品,FOOD,RAW,生,生重、打碎、充分搅拌,1,中,A4 同原料口径不一致,该原料在不同食谱里既写过生重又写过熟重,统一口径
正式食谱,桑迪 的鲜食食谱 07/25,紫甘蓝,蔬菜类及制品,FOOD,RAW,生,生重、打碎、充分搅拌,1,中,A4 同原料口径不一致,该原料在不同食谱里既写过生重又写过熟重,统一口径
正式食谱,灿灿 的鲜食食谱 08/17,糙米,谷类及制品,FOOD,COOKED,熟,煮熟后称重、打碎、充分搅拌,2,中,A3 熟档案未写口径 + A4 同原料口径不一致,没写按生重还是熟重称量；该原料在不同食谱里既写过生重又写过熟重,补「熟重」；统一口径
正式食谱,灿灿 的鲜食食谱 08/17,南瓜,蔬菜类及制品,FOOD,RAW,生,去皮、去瓤、生重、打碎、充分搅拌,1,中,A4 同原料口径不一致,该原料在不同食谱里既写过生重又写过熟重,统一口径
正式食谱,灿灿 的鲜食食谱 08/17,亚麻籽,坚果种子类,FOOD,DRIED,干,打粉后充分搅拌,1,中,B5 非标准词,自由文本：打粉后充分搅拌,归入受控词表或补进字典
正式食谱,燕麦米比目鱼鸭肉,比目鱼,水产类,FOOD,RAW,生,去皮去骨，生重打碎后，搅拌均匀。,3,中,B4 口语化/标点 + B2 分隔符不规范 + B5 非标准词,句尾带句号，与其它文案不统一；用了半角逗号；自由文本：去皮去骨 / 生重打碎后 / 搅拌均匀。,去掉句号，统一用「、」分隔；统一改为顿号「、」；归入受控词表或补进字典
正式食谱,燕麦米比目鱼鸭肉,南瓜,蔬菜类及制品,FOOD,COOKED,熟,去皮、去瓤、煮熟后称重、打碎、充分搅拌,2,中,A3 熟档案未写口径 + A4 同原料口径不一致,没写按生重还是熟重称量；该原料在不同食谱里既写过生重又写过熟重,补「熟重」；统一口径
正式食谱,燕麦米比目鱼鸭肉,西葫芦,蔬菜类及制品,FOOD,COOKED,熟,煮熟后称重、打碎、充分搅拌,1,中,A3 熟档案未写口径,没写按生重还是熟重称量,补「熟重」
正式食谱,燕麦米比目鱼鸭肉,胡萝卜,蔬菜类及制品,FOOD,COOKED,熟,留皮、煮熟后称重、打碎、充分搅拌,2,中,A3 熟档案未写口径 + A4 同原料口径不一致,没写按生重还是熟重称量；该原料在不同食谱里既写过生重又写过熟重,补「熟重」；统一口径
正式食谱,燕麦米比目鱼鸭肉,紫甘蓝,蔬菜类及制品,FOOD,COOKED,熟,煮熟后沥水、打碎、充分搅拌,3,中,B5 非标准词 + A3 熟档案未写口径 + A4 同原料口径不一致,自由文本：煮熟后沥水；没写按生重还是熟重称量；该原料在不同食谱里既写过生重又写过熟重,归入受控词表或补进字典；补「熟重」；统一口径
正式食谱,燕麦米青花鱼鸭肉,南瓜,蔬菜类及制品,FOOD,COOKED,熟,去皮、去瓤、煮熟后称重、打碎、充分搅拌,2,中,A3 熟档案未写口径 + A4 同原料口径不一致,没写按生重还是熟重称量；该原料在不同食谱里既写过生重又写过熟重,补「熟重」；统一口径
正式食谱,燕麦米青花鱼鸭肉,西葫芦,蔬菜类及制品,FOOD,COOKED,熟,煮熟后称重、打碎、充分搅拌,1,中,A3 熟档案未写口径,没写按生重还是熟重称量,补「熟重」
正式食谱,燕麦米青花鱼鸭肉(财宝),南瓜,蔬菜类及制品,FOOD,COOKED,熟,去皮、去瓤、煮熟后称重、打碎、充分搅拌,2,中,A3 熟档案未写口径 + A4 同原料口径不一致,没写按生重还是熟重称量；该原料在不同食谱里既写过生重又写过熟重,补「熟重」；统一口径
正式食谱,燕麦米青花鱼鸭肉(财宝),西葫芦,蔬菜类及制品,FOOD,COOKED,熟,煮熟后称重、打碎、充分搅拌,1,中,A3 熟档案未写口径,没写按生重还是熟重称量,补「熟重」
正式食谱,燕麦鳕鱼猪肉,大米,谷类及制品,FOOD,COOKED,熟,煮熟后称重、打碎、充分搅拌,1,中,A3 熟档案未写口径,没写按生重还是熟重称量,补「熟重」
正式食谱,燕麦鳕鱼猪肉,大米,谷类及制品,FOOD,COOKED,熟,煮熟后称重、打碎、充分搅拌,1,中,A3 熟档案未写口径,没写按生重还是熟重称量,补「熟重」
正式食谱,燕麦鳕鱼猪肉,大米,谷类及制品,FOOD,COOKED,熟,煮熟后称重、打碎、充分搅拌,1,中,A3 熟档案未写口径,没写按生重还是熟重称量,补「熟重」
正式食谱,燕麦鳕鱼猪肉,红甜椒,蔬菜类及制品,FOOD,RAW,生,去瓤、生重、打碎、充分搅拌,1,中,A4 同原料口径不一致,该原料在不同食谱里既写过生重又写过熟重,统一口径
正式食谱,燕麦鳕鱼猪肉,红甜椒,蔬菜类及制品,FOOD,RAW,生,去瓤、生重、打碎、充分搅拌,1,中,A4 同原料口径不一致,该原料在不同食谱里既写过生重又写过熟重,统一口径
正式食谱,牛牛定制食谱,大米,谷类及制品,FOOD,COOKED,熟,煮熟后称重、打碎、充分搅拌,1,中,A3 熟档案未写口径,没写按生重还是熟重称量,补「熟重」
正式食谱,牛牛定制食谱,西兰花,蔬菜类及制品,FOOD,COOKED,熟,打碎、静置30分钟、焯水沥干、称重、充分搅拌,3,中,B5 非标准词 + A3 熟档案未写口径 + A4 同原料口径不一致,自由文本：焯水沥干 / 称重；没写按生重还是熟重称量；该原料在不同食谱里既写过生重又写过熟重,归入受控词表或补进字典；补「熟重」；统一口径
正式食谱,牛牛定制食谱,胡萝卜,蔬菜类及制品,FOOD,COOKED,熟,煮熟后称重、打碎、充分搅拌,2,中,A3 熟档案未写口径 + A4 同原料口径不一致,没写按生重还是熟重称量；该原料在不同食谱里既写过生重又写过熟重,补「熟重」；统一口径
正式食谱,牛牛的定制食谱（兔）20260914,小米,谷类及制品,FOOD,COOKED,熟,熟重、打碎、充分搅拌,2,中,B5 非标准词 + A4 同原料口径不一致,自由文本：熟重；该原料在不同食谱里既写过生重又写过熟重,归入受控词表或补进字典；统一口径
正式食谱,牛牛的定制食谱（兔）20260914,红薯,薯类及制品,FOOD,COOKED,熟,去皮、煮熟后称重、打碎、充分搅拌,2,中,A3 熟档案未写口径 + A4 同原料口径不一致,没写按生重还是熟重称量；该原料在不同食谱里既写过生重又写过熟重,补「熟重」；统一口径
正式食谱,牛牛的定制食谱（兔）20260914,四季豆,蔬菜类及制品,FOOD,COOKED,熟,煮熟后沥水称重、打碎后充分搅拌,2,中,B5 非标准词 + A3 熟档案未写口径,自由文本：煮熟后沥水称重 / 打碎后充分搅拌；没写按生重还是熟重称量,归入受控词表或补进字典；补「熟重」
正式食谱,牛牛的定制食谱（鸭）20260914,糙米,谷类及制品,FOOD,COOKED,熟,煮熟后称重、打碎、充分搅拌,2,中,A3 熟档案未写口径 + A4 同原料口径不一致,没写按生重还是熟重称量；该原料在不同食谱里既写过生重又写过熟重,补「熟重」；统一口径
正式食谱,牛牛的定制食谱（鸭）20260914,藜麦,谷类及制品,FOOD,COOKED,熟,熟重、打碎、充分搅拌,2,中,B5 非标准词 + A4 同原料口径不一致,自由文本：熟重；该原料在不同食谱里既写过生重又写过熟重,归入受控词表或补进字典；统一口径
正式食谱,牛牛的定制食谱（鸭）20260914,花椰菜,蔬菜类及制品,FOOD,COOKED,熟,去老梗、焯水后称重、打碎、充分搅拌,2,中,B5 非标准词 + A3 熟档案未写口径,自由文本：焯水后称重；没写按生重还是熟重称量,归入受控词表或补进字典；补「熟重」
正式食谱,牛牛的定制食谱（鸭）20260914,白萝卜,蔬菜类及制品,FOOD,COOKED,熟,熟重、打碎、静置30分钟、充分搅拌,2,中,B5 非标准词 + A4 同原料口径不一致,自由文本：熟重；该原料在不同食谱里既写过生重又写过熟重,归入受控词表或补进字典；统一口径
正式食谱,牛牛的定制食谱（鸭）20260914,绿豆芽,蔬菜类及制品,FOOD,COOKED,熟,熟重、打碎、充分搅拌,2,中,B5 非标准词 + A4 同原料口径不一致,自由文本：熟重；该原料在不同食谱里既写过生重又写过熟重,归入受控词表或补进字典；统一口径
正式食谱,牛肉食谱,燕麦,谷类及制品,FOOD,DRIED,干,无添加即食燕麦、打碎、充分搅拌,2,中,B6 商品属性写进步骤 + B5 非标准词,这些片段不是厨房动作，而是商品属性：无添加即食燕麦；自由文本：无添加即食燕麦,移到原料规格/备注，不放在制备说明；归入受控词表或补进字典
正式食谱,犇犇 的鲜食食谱 08/03,胡萝卜,蔬菜类及制品,FOOD,RAW,生,去皮、生重、打碎、充分搅拌,1,中,A4 同原料口径不一致,该原料在不同食谱里既写过生重又写过熟重,统一口径
正式食谱,犇犇 的鲜食食谱 08/03,西兰花,蔬菜类及制品,FOOD,RAW,生,生重、打碎、充分搅拌,1,中,A4 同原料口径不一致,该原料在不同食谱里既写过生重又写过熟重,统一口径
正式食谱,百万 的鲜食食谱 07/28,南瓜,蔬菜类及制品,FOOD,COOKED,熟,去皮、去瓤、煮熟后称重、打碎、充分搅拌,2,中,A3 熟档案未写口径 + A4 同原料口径不一致,没写按生重还是熟重称量；该原料在不同食谱里既写过生重又写过熟重,补「熟重」；统一口径
正式食谱,百万 的鲜食食谱 07/28,西兰花,蔬菜类及制品,FOOD,COOKED,熟,打碎、静置30分钟、焯水沥干、称重、充分搅拌,3,中,B5 非标准词 + A3 熟档案未写口径 + A4 同原料口径不一致,自由文本：焯水沥干 / 称重；没写按生重还是熟重称量；该原料在不同食谱里既写过生重又写过熟重,归入受控词表或补进字典；补「熟重」；统一口径
正式食谱,百万 的鲜食食谱 07/28,红甜椒,蔬菜类及制品,FOOD,COOKED,熟,去籽、煮熟后称重、打碎、充分搅拌,3,中,B5 非标准词 + A3 熟档案未写口径 + A4 同原料口径不一致,自由文本：去籽；没写按生重还是熟重称量；该原料在不同食谱里既写过生重又写过熟重,归入受控词表或补进字典；补「熟重」；统一口径
正式食谱,秋菊 的鲜食食谱 06/28,亚麻籽,坚果种子类,FOOD,DRIED,干,打粉后充分搅拌,1,中,B5 非标准词,自由文本：打粉后充分搅拌,归入受控词表或补进字典
正式食谱,秋菊 的鲜食食谱 07/26,亚麻籽,坚果种子类,FOOD,DRIED,干,打粉后充分搅拌,1,中,B5 非标准词,自由文本：打粉后充分搅拌,归入受控词表或补进字典
正式食谱,秋菊 的鲜食食谱 08/02,亚麻籽,坚果种子类,FOOD,DRIED,干,打粉后充分搅拌,1,中,B5 非标准词,自由文本：打粉后充分搅拌,归入受控词表或补进字典
正式食谱,秋菊 的鲜食食谱 09/06,亚麻籽,坚果种子类,FOOD,DRIED,干,打粉后充分搅拌,1,中,B5 非标准词,自由文本：打粉后充分搅拌,归入受控词表或补进字典
正式食谱,秋葵藜麦米牛肉鸡胸,大米,谷类及制品,FOOD,COOKED,熟,煮熟后称重、打碎、充分搅拌,1,中,A3 熟档案未写口径,没写按生重还是熟重称量,补「熟重」
正式食谱,秋葵藜麦米牛肉鸡胸,藜麦,谷类及制品,FOOD,RAW,生,生重、打粉、充分搅拌,1,中,A4 同原料口径不一致,该原料在不同食谱里既写过生重又写过熟重,统一口径
正式食谱,秋葵藜麦米牛肉鸡胸,土豆,薯类及制品,FOOD,COOKED,熟,去皮、煮熟后称重、打碎、充分搅拌,1,中,A3 熟档案未写口径,没写按生重还是熟重称量,补「熟重」
正式食谱,秋葵藜麦米牛肉鸡胸,西兰花,蔬菜类及制品,FOOD,COOKED,熟,打碎、静置30分钟、焯水沥干、称重、充分搅拌,3,中,B5 非标准词 + A3 熟档案未写口径 + A4 同原料口径不一致,自由文本：焯水沥干 / 称重；没写按生重还是熟重称量；该原料在不同食谱里既写过生重又写过熟重,归入受控词表或补进字典；补「熟重」；统一口径
正式食谱,秋葵藜麦米牛肉鸡胸,胡萝卜,蔬菜类及制品,FOOD,COOKED,熟,煮熟后称重、打碎、充分搅拌,2,中,A3 熟档案未写口径 + A4 同原料口径不一致,没写按生重还是熟重称量；该原料在不同食谱里既写过生重又写过熟重,补「熟重」；统一口径
正式食谱,糙米三文鱼牛肉（敢敢）,糙米,谷类及制品,FOOD,COOKED,熟,煮熟后称重、静置30分钟、打碎、充分搅拌,2,中,A3 熟档案未写口径 + A4 同原料口径不一致,没写按生重还是熟重称量；该原料在不同食谱里既写过生重又写过熟重,补「熟重」；统一口径
正式食谱,糙米三文鱼牛肉（敢敢）,西兰花,蔬菜类及制品,FOOD,COOKED,熟,盐水/小苏打浸泡30分钟、煮熟后称重、打碎、充分搅拌,2,中,A3 熟档案未写口径 + A4 同原料口径不一致,没写按生重还是熟重称量；该原料在不同食谱里既写过生重又写过熟重,补「熟重」；统一口径
正式食谱,糙米三文鱼牛肉（敢敢）,红甜椒,蔬菜类及制品,FOOD,RAW,生,去瓤、生重、打碎、充分搅拌,1,中,A4 同原料口径不一致,该原料在不同食谱里既写过生重又写过熟重,统一口径
正式食谱,糙米三文鱼牛肉（敢敢）,绿豆芽,蔬菜类及制品,FOOD,RAW,生,生重、打碎、充分搅拌,1,中,A4 同原料口径不一致,该原料在不同食谱里既写过生重又写过熟重,统一口径
正式食谱,糙米三文鱼猪里脊(烟花),糙米,谷类及制品,FOOD,COOKED,熟,煮熟后称重、充分搅拌,2,中,A3 熟档案未写口径 + A4 同原料口径不一致,没写按生重还是熟重称量；该原料在不同食谱里既写过生重又写过熟重,补「熟重」；统一口径
正式食谱,糙米三文鱼猪里脊(烟花),紫薯,蔬菜类及制品,FOOD,COOKED,熟,去皮、煮熟后称重,1,中,A3 熟档案未写口径,没写按生重还是熟重称量,补「熟重」
正式食谱,糙米三文鱼猪里脊(烟花),胡萝卜,蔬菜类及制品,FOOD,COOKED,熟,煮熟后称重、打碎、充分搅拌,2,中,A3 熟档案未写口径 + A4 同原料口径不一致,没写按生重还是熟重称量；该原料在不同食谱里既写过生重又写过熟重,补「熟重」；统一口径
正式食谱,糙米三文鱼鸭胸鹿腿,糙米,谷类及制品,FOOD,COOKED,熟,煮熟后称重、充分搅拌,2,中,A3 熟档案未写口径 + A4 同原料口径不一致,没写按生重还是熟重称量；该原料在不同食谱里既写过生重又写过熟重,补「熟重」；统一口径
正式食谱,糙米三文鱼鸭胸鹿腿,糙米,谷类及制品,FOOD,COOKED,熟,煮熟后称重、充分搅拌,2,中,A3 熟档案未写口径 + A4 同原料口径不一致,没写按生重还是熟重称量；该原料在不同食谱里既写过生重又写过熟重,补「熟重」；统一口径
正式食谱,糙米三文鱼鸭胸鹿腿,糙米,谷类及制品,FOOD,COOKED,熟,煮熟后称重、充分搅拌,2,中,A3 熟档案未写口径 + A4 同原料口径不一致,没写按生重还是熟重称量；该原料在不同食谱里既写过生重又写过熟重,补「熟重」；统一口径
正式食谱,糙米三文鱼鸭胸鹿腿,糙米,谷类及制品,FOOD,COOKED,熟,煮熟后称重、充分搅拌,2,中,A3 熟档案未写口径 + A4 同原料口径不一致,没写按生重还是熟重称量；该原料在不同食谱里既写过生重又写过熟重,补「熟重」；统一口径
正式食谱,糙米三文鱼鸭胸鹿腿,藜麦,谷类及制品,FOOD,RAW,生,生重、打粉、充分搅拌,1,中,A4 同原料口径不一致,该原料在不同食谱里既写过生重又写过熟重,统一口径
正式食谱,糙米三文鱼鸭胸鹿腿,藜麦,谷类及制品,FOOD,RAW,生,生重、打粉、充分搅拌,1,中,A4 同原料口径不一致,该原料在不同食谱里既写过生重又写过熟重,统一口径
正式食谱,糙米三文鱼鸭胸鹿腿,藜麦,谷类及制品,FOOD,RAW,生,生重、打粉、充分搅拌,1,中,A4 同原料口径不一致,该原料在不同食谱里既写过生重又写过熟重,统一口径
正式食谱,糙米三文鱼鸭胸鹿腿,红甜椒,蔬菜类及制品,FOOD,RAW,生,去瓤、生重、打碎、充分搅拌,1,中,A4 同原料口径不一致,该原料在不同食谱里既写过生重又写过熟重,统一口径
正式食谱,糙米三文鱼鸭胸鹿腿,红甜椒,蔬菜类及制品,FOOD,RAW,生,去瓤、生重、打碎、充分搅拌,1,中,A4 同原料口径不一致,该原料在不同食谱里既写过生重又写过熟重,统一口径
正式食谱,糙米三文鱼鸭胸鹿腿,红甜椒,蔬菜类及制品,FOOD,RAW,生,去瓤、生重、打碎、充分搅拌,1,中,A4 同原料口径不一致,该原料在不同食谱里既写过生重又写过熟重,统一口径
正式食谱,糙米三文鱼鸭胸鹿腿,绿豆芽,蔬菜类及制品,FOOD,RAW,生,生重、打碎、充分搅拌,1,中,A4 同原料口径不一致,该原料在不同食谱里既写过生重又写过熟重,统一口径
正式食谱,糙米三文鱼鸭胸鹿腿,红甜椒,蔬菜类及制品,FOOD,RAW,生,去瓤、生重、打碎、充分搅拌,1,中,A4 同原料口径不一致,该原料在不同食谱里既写过生重又写过熟重,统一口径
正式食谱,糙米三文鱼鸭胸鹿腿,绿豆芽,蔬菜类及制品,FOOD,RAW,生,生重、打碎、充分搅拌,1,中,A4 同原料口径不一致,该原料在不同食谱里既写过生重又写过熟重,统一口径
正式食谱,糙米三文鱼鸭胸鹿腿,绿豆芽,蔬菜类及制品,FOOD,RAW,生,生重、打碎、充分搅拌,1,中,A4 同原料口径不一致,该原料在不同食谱里既写过生重又写过熟重,统一口径
正式食谱,糙米三文鱼鸭胸鹿腿,绿豆芽,蔬菜类及制品,FOOD,RAW,生,生重、打碎、充分搅拌,1,中,A4 同原料口径不一致,该原料在不同食谱里既写过生重又写过熟重,统一口径
正式食谱,糙米南瓜鸡胸肉【有机】,南瓜,蔬菜类及制品,FOOD,RAW,生,去皮、去瓤、生重、打碎、充分搅拌,1,中,A4 同原料口径不一致,该原料在不同食谱里既写过生重又写过熟重,统一口径
正式食谱,糙米南瓜鸡胸肉【有机】,红薯,薯类及制品,FOOD,RAW,生,去皮、生重、打碎、充分搅拌,1,中,A4 同原料口径不一致,该原料在不同食谱里既写过生重又写过熟重,统一口径
正式食谱,糙米南瓜鸡胸肉【有机】,西兰花,蔬菜类及制品,FOOD,RAW,生,生重、打碎、充分搅拌,1,中,A4 同原料口径不一致,该原料在不同食谱里既写过生重又写过熟重,统一口径
正式食谱,糙米南瓜鸡胸肉【有机】,糙米,谷类及制品,FOOD,RAW,生,生重、打碎、充分搅拌,1,中,A4 同原料口径不一致,该原料在不同食谱里既写过生重又写过熟重,统一口径
正式食谱,红薯鳕鱼鸭胸,大米,谷类及制品,FOOD,COOKED,熟,煮熟后称重、打碎、充分搅拌,1,中,A3 熟档案未写口径,没写按生重还是熟重称量,补「熟重」
正式食谱,红薯鳕鱼鸭胸,四季豆,蔬菜类及制品,FOOD,COOKED,熟,煮熟后沥水称重、打碎后充分搅拌,2,中,B5 非标准词 + A3 熟档案未写口径,自由文本：煮熟后沥水称重 / 打碎后充分搅拌；没写按生重还是熟重称量,归入受控词表或补进字典；补「熟重」
正式食谱,红薯鳕鱼鸭胸,西葫芦,蔬菜类及制品,FOOD,COOKED,熟,煮熟后称重、打碎、充分搅拌,1,中,A3 熟档案未写口径,没写按生重还是熟重称量,补「熟重」
正式食谱,紫薯黑米猪里脊,上海青,蔬菜类及制品,FOOD,COOKED,熟,水煮或焯水后沥干、称重、打碎、充分搅拌,2,中,B5 非标准词 + A3 熟档案未写口径,自由文本：水煮或焯水后沥干 / 称重；没写按生重还是熟重称量,归入受控词表或补进字典；补「熟重」
正式食谱,紫薯黑米猪里脊,红甜椒,蔬菜类及制品,FOOD,RAW,生,去瓤、生重、打碎、充分搅拌,1,中,A4 同原料口径不一致,该原料在不同食谱里既写过生重又写过熟重,统一口径
正式食谱,花卷 的鲜食食谱 06/27,亚麻籽,坚果种子类,FOOD,DRIED,干,打粉后充分搅拌,1,中,B5 非标准词,自由文本：打粉后充分搅拌,归入受控词表或补进字典
正式食谱,花卷 的鲜食食谱 06/27,南瓜,蔬菜类及制品,FOOD,COOKED,熟,去皮、去瓤、煮熟后称重、打碎、充分搅拌,2,中,A3 熟档案未写口径 + A4 同原料口径不一致,没写按生重还是熟重称量；该原料在不同食谱里既写过生重又写过熟重,补「熟重」；统一口径
正式食谱,花卷 的鲜食食谱 06/27,西葫芦,蔬菜类及制品,FOOD,COOKED,熟,煮熟后称重、打碎、充分搅拌,1,中,A3 熟档案未写口径,没写按生重还是熟重称量,补「熟重」
正式食谱,花椰菜糙米鸭肉,糙米,谷类及制品,FOOD,COOKED,熟,流水冲洗、浸泡60分钟、煮熟后称重、打碎、充分搅拌,2,中,A3 熟档案未写口径 + A4 同原料口径不一致,没写按生重还是熟重称量；该原料在不同食谱里既写过生重又写过熟重,补「熟重」；统一口径
正式食谱,花椰菜糙米鸭肉,南瓜,蔬菜类及制品,FOOD,COOKED,熟,去皮、去瓤、煮熟后称重、打碎、充分搅拌,2,中,A3 熟档案未写口径 + A4 同原料口径不一致,没写按生重还是熟重称量；该原料在不同食谱里既写过生重又写过熟重,补「熟重」；统一口径
正式食谱,莓莓 的鲜食食谱 08/23,西兰花,蔬菜类及制品,FOOD,RAW,生,生重、打碎、充分搅拌,1,中,A4 同原料口径不一致,该原料在不同食谱里既写过生重又写过熟重,统一口径
正式食谱,萝卜绿豆鸭胸猪里脊,藜麦,谷类及制品,FOOD,RAW,生,生重、打粉、充分搅拌,1,中,A4 同原料口径不一致,该原料在不同食谱里既写过生重又写过熟重,统一口径
正式食谱,萝卜绿豆鸭胸猪里脊,白萝卜,蔬菜类及制品,FOOD,RAW,生,去皮、生重、打碎、充分搅拌,1,中,A4 同原料口径不一致,该原料在不同食谱里既写过生重又写过熟重,统一口径
正式食谱,西葫芦大米比目鱼鸡肉,大米,谷类及制品,FOOD,COOKED,熟,煮熟后称重、打碎、充分搅拌,1,中,A3 熟档案未写口径,没写按生重还是熟重称量,补「熟重」
正式食谱,西葫芦大米比目鱼鸡肉,西葫芦,蔬菜类及制品,FOOD,COOKED,熟,煮熟后称重、打碎、充分搅拌,1,中,A3 熟档案未写口径,没写按生重还是熟重称量,补「熟重」
正式食谱,西葫芦大米比目鱼鸡肉,上海青,蔬菜类及制品,FOOD,COOKED,熟,水煮或焯水后沥干、称重、打碎、充分搅拌,2,中,B5 非标准词 + A3 熟档案未写口径,自由文本：水煮或焯水后沥干 / 称重；没写按生重还是熟重称量,归入受控词表或补进字典；补「熟重」
正式食谱,财宝定制食谱,氨基酸螯合铜,,SUPPLEMENT,CONCENTRATE,浓缩补剂,"df60590f-a697-4897-ab08-1322e2287268, af4c8a9c-98bf-4f91-ab07-4927aae2c4c2",2,中,E2 原料分类缺失 + B1 机器码残留,原料没有分类，前台展示与统计会缺项；文案存的是字典 ID（接口会解析成中文，不显示乱码），但存储形式脆弱：字典缺项就会异常，且会掩盖「无营养档案」等问题,补分类；按字典还原为标准词（18/19 可确定性还原）
正式食谱,财宝的定制20260911,猪肝,畜肉类及制品,FOOD,RAW,生,去油、生重、焯水、打碎、充分搅拌,1,中,A2b 生档案却写熟制步骤,档案用生数据，步骤却含焯水/蒸煮,确认是口径写错还是档案选错
正式食谱,财宝的定制20260911,南瓜,蔬菜类及制品,FOOD,COOKED,熟,去皮、去瓤、煮熟后称重、打碎、充分搅拌,2,中,A3 熟档案未写口径 + A4 同原料口径不一致,没写按生重还是熟重称量；该原料在不同食谱里既写过生重又写过熟重,补「熟重」；统一口径
正式食谱,财宝的定制20260911,大米,谷类及制品,FOOD,COOKED,熟,煮熟后称重、打碎、充分搅拌,1,中,A3 熟档案未写口径,没写按生重还是熟重称量,补「熟重」
正式食谱,财宝的定制20260911,土豆,薯类及制品,FOOD,COOKED,熟,去皮、煮熟后称重、打碎、充分搅拌,1,中,A3 熟档案未写口径,没写按生重还是熟重称量,补「熟重」
正式食谱,财宝的定制20260911,紫薯,蔬菜类及制品,FOOD,COOKED,熟,去皮、煮熟后称重,1,中,A3 熟档案未写口径,没写按生重还是熟重称量,补「熟重」
正式食谱,财宝的定制20260911,生菜,蔬菜类及制品,FOOD,RAW,生,生重、焯水、打碎、充分搅拌,1,中,A2b 生档案却写熟制步骤,档案用生数据，步骤却含焯水/蒸煮,确认是口径写错还是档案选错
正式食谱,迪迪 的鲜食食谱 06/27,山药,薯类及制品,FOOD,RAW,生,去皮、生重、打碎、充分搅拌,1,中,A4 同原料口径不一致,该原料在不同食谱里既写过生重又写过熟重,统一口径
正式食谱,迪迪 的鲜食食谱 06/27,燕麦,谷类及制品,FOOD,DRIED,干,无添加即食燕麦、打碎、充分搅拌,2,中,B6 商品属性写进步骤 + B5 非标准词,这些片段不是厨房动作，而是商品属性：无添加即食燕麦；自由文本：无添加即食燕麦,移到原料规格/备注，不放在制备说明；归入受控词表或补进字典
正式食谱,迪迪 的鲜食食谱 06/27,花椰菜,蔬菜类及制品,FOOD,RAW,生,去老梗、焯水后称重、打碎、充分搅拌,2,中,B5 非标准词 + A2b 生档案却写熟制步骤,自由文本：焯水后称重；档案用生数据，步骤却含焯水/蒸煮,归入受控词表或补进字典；确认是口径写错还是档案选错
正式食谱,迪迪 的鲜食食谱 06/27,西兰花,蔬菜类及制品,FOOD,RAW,生,打碎、静置30分钟、焯水沥干、称重、充分搅拌,3,中,B5 非标准词 + A2b 生档案却写熟制步骤 + A4 同原料口径不一致,自由文本：焯水沥干 / 称重；档案用生数据，步骤却含焯水/蒸煮；该原料在不同食谱里既写过生重又写过熟重,归入受控词表或补进字典；确认是口径写错还是档案选错；统一口径
正式食谱,青口贝虾仁鸡胸（幺鸡）,红薯,薯类及制品,FOOD,COOKED,熟,去皮、煮熟后称重、打碎、充分搅拌,2,中,A3 熟档案未写口径 + A4 同原料口径不一致,没写按生重还是熟重称量；该原料在不同食谱里既写过生重又写过熟重,补「熟重」；统一口径
正式食谱,青口贝虾仁鸡胸（幺鸡）,上海青,蔬菜类及制品,FOOD,RAW,生,水煮或焯水后沥干、称重、打碎、充分搅拌,2,中,B5 非标准词 + A2b 生档案却写熟制步骤,自由文本：水煮或焯水后沥干 / 称重；档案用生数据，步骤却含焯水/蒸煮,归入受控词表或补进字典；确认是口径写错还是档案选错
正式食谱,青口贝虾仁鸡胸（幺鸡）,西葫芦,蔬菜类及制品,FOOD,COOKED,熟,煮熟后称重、打碎、充分搅拌,1,中,A3 熟档案未写口径,没写按生重还是熟重称量,补「熟重」
正式食谱,青花鱼对虾牛肉(财宝),红薯,薯类及制品,FOOD,COOKED,熟,去皮、煮熟后称重、打碎、充分搅拌,2,中,A3 熟档案未写口径 + A4 同原料口径不一致,没写按生重还是熟重称量；该原料在不同食谱里既写过生重又写过熟重,补「熟重」；统一口径
正式食谱,青花鱼对虾牛肉(财宝),紫甘蓝,蔬菜类及制品,FOOD,COOKED,熟,煮熟后沥水、打碎、充分搅拌,3,中,B5 非标准词 + A3 熟档案未写口径 + A4 同原料口径不一致,自由文本：煮熟后沥水；没写按生重还是熟重称量；该原料在不同食谱里既写过生重又写过熟重,归入受控词表或补进字典；补「熟重」；统一口径
正式食谱,青花鱼对虾牛肉(财宝),西兰花,蔬菜类及制品,FOOD,COOKED,熟,打碎、静置30分钟、焯水沥干、称重、充分搅拌,3,中,B5 非标准词 + A3 熟档案未写口径 + A4 同原料口径不一致,自由文本：焯水沥干 / 称重；没写按生重还是熟重称量；该原料在不同食谱里既写过生重又写过熟重,归入受控词表或补进字典；补「熟重」；统一口径
正式食谱,青花鱼对虾牛肉(财宝),胡萝卜,蔬菜类及制品,FOOD,COOKED,熟,煮熟后称重、打碎、充分搅拌,2,中,A3 熟档案未写口径 + A4 同原料口径不一致,没写按生重还是熟重称量；该原料在不同食谱里既写过生重又写过熟重,补「熟重」；统一口径
正式食谱,马？,燕麦,谷类及制品,FOOD,DRIED,干,无添加即食燕麦、打碎、充分搅拌,2,中,B6 商品属性写进步骤 + B5 非标准词,这些片段不是厨房动作，而是商品属性：无添加即食燕麦；自由文本：无添加即食燕麦,移到原料规格/备注，不放在制备说明；归入受控词表或补进字典
正式食谱,马？,亚麻籽,坚果种子类,FOOD,DRIED,干,打粉后充分搅拌,1,中,B5 非标准词,自由文本：打粉后充分搅拌,归入受控词表或补进字典
正式食谱,马肉兔肉白米土豆,胡萝卜,蔬菜类及制品,FOOD,RAW,生,留皮、生重、打碎、充分搅拌,1,中,A4 同原料口径不一致,该原料在不同食谱里既写过生重又写过熟重,统一口径
正式食谱,马肉兔肉白米土豆,胡萝卜,蔬菜类及制品,FOOD,RAW,生,留皮、生重、打碎、充分搅拌,1,中,A4 同原料口径不一致,该原料在不同食谱里既写过生重又写过熟重,统一口径
正式食谱,鳕鱼鸡蛋牛肉(路宝),红薯,薯类及制品,FOOD,COOKED,熟,去皮、煮熟后称重、打碎、充分搅拌,2,中,A3 熟档案未写口径 + A4 同原料口径不一致,没写按生重还是熟重称量；该原料在不同食谱里既写过生重又写过熟重,补「熟重」；统一口径
正式食谱,鳕鱼鸡蛋牛肉(路宝),紫甘蓝,蔬菜类及制品,FOOD,COOKED,熟,煮熟后沥水、打碎、充分搅拌,3,中,B5 非标准词 + A3 熟档案未写口径 + A4 同原料口径不一致,自由文本：煮熟后沥水；没写按生重还是熟重称量；该原料在不同食谱里既写过生重又写过熟重,归入受控词表或补进字典；补「熟重」；统一口径
正式食谱,鳕鱼鸡蛋牛肉(路宝),核桃,坚果种子类,FOOD,DRIED,干,打碎后充分搅拌,1,中,B5 非标准词,自由文本：打碎后充分搅拌,归入受控词表或补进字典
正式食谱,鸡兔-lp DV,糙米,谷类及制品,FOOD,COOKED,熟,煮熟后称重、充分搅拌,2,中,A3 熟档案未写口径 + A4 同原料口径不一致,没写按生重还是熟重称量；该原料在不同食谱里既写过生重又写过熟重,补「熟重」；统一口径
正式食谱,鸡兔-lp DV,大米,谷类及制品,FOOD,COOKED,熟,煮熟后称重、打碎、充分搅拌,1,中,A3 熟档案未写口径,没写按生重还是熟重称量,补「熟重」
正式食谱,鸡兔-lp DV,胡萝卜,蔬菜类及制品,FOOD,RAW,生,生重、打碎、充分搅拌,1,中,A4 同原料口径不一致,该原料在不同食谱里既写过生重又写过熟重,统一口径
正式食谱,鸡兔-lp DV,紫甘蓝,蔬菜类及制品,FOOD,RAW,生,生重、打碎、充分搅拌,1,中,A4 同原料口径不一致,该原料在不同食谱里既写过生重又写过熟重,统一口径
正式食谱,鸡肉食谱,山药,薯类及制品,FOOD,RAW,生,去皮、生重、打碎、充分搅拌,1,中,A4 同原料口径不一致,该原料在不同食谱里既写过生重又写过熟重,统一口径
正式食谱,鸡肉食谱,南瓜,蔬菜类及制品,FOOD,RAW,生,去皮、去瓤、生重、打碎、充分搅拌,1,中,A4 同原料口径不一致,该原料在不同食谱里既写过生重又写过熟重,统一口径
正式食谱,鸡胸280-lp DV,糙米,谷类及制品,FOOD,COOKED,熟,煮熟后称重、充分搅拌,2,中,A3 熟档案未写口径 + A4 同原料口径不一致,没写按生重还是熟重称量；该原料在不同食谱里既写过生重又写过熟重,补「熟重」；统一口径
正式食谱,鸡胸280-lp DV,大米,谷类及制品,FOOD,COOKED,熟,煮熟后称重、打碎、充分搅拌,1,中,A3 熟档案未写口径,没写按生重还是熟重称量,补「熟重」
正式食谱,鸡胸280-lp DV,胡萝卜,蔬菜类及制品,FOOD,RAW,生,生重、打碎、充分搅拌,1,中,A4 同原料口径不一致,该原料在不同食谱里既写过生重又写过熟重,统一口径
正式食谱,鸡胸280-lp DV,紫甘蓝,蔬菜类及制品,FOOD,RAW,生,生重、打碎、充分搅拌,1,中,A4 同原料口径不一致,该原料在不同食谱里既写过生重又写过熟重,统一口径
正式食谱,鸡胸280-lp DV 副本,糙米,谷类及制品,FOOD,COOKED,熟,煮熟后称重、充分搅拌,2,中,A3 熟档案未写口径 + A4 同原料口径不一致,没写按生重还是熟重称量；该原料在不同食谱里既写过生重又写过熟重,补「熟重」；统一口径
正式食谱,鸡胸280-lp DV 副本,大米,谷类及制品,FOOD,COOKED,熟,煮熟后称重、打碎、充分搅拌,1,中,A3 熟档案未写口径,没写按生重还是熟重称量,补「熟重」
正式食谱,鸡胸280-lp DV 副本,胡萝卜,蔬菜类及制品,FOOD,RAW,生,生重、打碎、充分搅拌,1,中,A4 同原料口径不一致,该原料在不同食谱里既写过生重又写过熟重,统一口径
正式食谱,鸡胸280-lp DV 副本,紫甘蓝,蔬菜类及制品,FOOD,RAW,生,生重、打碎、充分搅拌,1,中,A4 同原料口径不一致,该原料在不同食谱里既写过生重又写过熟重,统一口径
正式食谱,鸡胸半餐-lp DV 副本,胡萝卜,蔬菜类及制品,FOOD,RAW,生,生重、打碎、充分搅拌,1,中,A4 同原料口径不一致,该原料在不同食谱里既写过生重又写过熟重,统一口径
正式食谱,鸡胸半餐-lp DV 副本,胡萝卜,蔬菜类及制品,FOOD,RAW,生,生重、打碎、充分搅拌,1,中,A4 同原料口径不一致,该原料在不同食谱里既写过生重又写过熟重,统一口径
正式食谱,鸡胸半餐-lp DV 副本,紫甘蓝,蔬菜类及制品,FOOD,RAW,生,生重、打碎、充分搅拌,1,中,A4 同原料口径不一致,该原料在不同食谱里既写过生重又写过熟重,统一口径
正式食谱,鸡胸半餐-lp DV 副本,紫甘蓝,蔬菜类及制品,FOOD,RAW,生,生重、打碎、充分搅拌,1,中,A4 同原料口径不一致,该原料在不同食谱里既写过生重又写过熟重,统一口径
正式食谱,鸡胸牛肉饭(幺鸡),大米,谷类及制品,FOOD,COOKED,熟,煮熟后称重、打碎、充分搅拌,1,中,A3 熟档案未写口径,没写按生重还是熟重称量,补「熟重」
正式食谱,鸡胸牛肉饭(幺鸡),紫薯,蔬菜类及制品,FOOD,COOKED,熟,去皮、煮熟后称重,1,中,A3 熟档案未写口径,没写按生重还是熟重称量,补「熟重」
正式食谱,鸡胸牛肉饭(幺鸡),西葫芦,蔬菜类及制品,FOOD,COOKED,熟,煮熟后称重、打碎、充分搅拌,1,中,A3 熟档案未写口径,没写按生重还是熟重称量,补「熟重」
正式食谱,鸡胸牛里脊三文鱼,牛肝,畜肉类及制品,FOOD,RAW,生,去油去血管、生重、打碎、充分搅拌,1,中,B5 非标准词,自由文本：去油去血管,归入受控词表或补进字典
正式食谱,鸡胸牛里脊三文鱼,牛脾,畜肉类及制品,FOOD,RAW,生,去油去血管、生重、打碎、充分搅拌,1,中,B5 非标准词,自由文本：去油去血管,归入受控词表或补进字典
正式食谱,鸡胸牛里脊三文鱼,生蚝,水产类,FOOD,RAW,生,去壳、焯水后称重、打碎、充分搅拌,2,中,B5 非标准词 + A2b 生档案却写熟制步骤,自由文本：焯水后称重；档案用生数据，步骤却含焯水/蒸煮,归入受控词表或补进字典；确认是口径写错还是档案选错
正式食谱,鸡胸牛里脊三文鱼,燕麦,谷类及制品,FOOD,DRIED,干,无添加即食燕麦、打碎、充分搅拌,2,中,B6 商品属性写进步骤 + B5 非标准词,这些片段不是厨房动作，而是商品属性：无添加即食燕麦；自由文本：无添加即食燕麦,移到原料规格/备注，不放在制备说明；归入受控词表或补进字典
正式食谱,鸡胸牛里脊三文鱼,红薯,薯类及制品,FOOD,RAW,生,去皮、煮/蒸熟后沥水称重、打碎、充分搅拌,3,中,B5 非标准词 + A2b 生档案却写熟制步骤 + A4 同原料口径不一致,自由文本：煮/蒸熟后沥水称重；档案用生数据，步骤却含焯水/蒸煮；该原料在不同食谱里既写过生重又写过熟重,归入受控词表或补进字典；确认是口径写错还是档案选错；统一口径
正式食谱,鸡胸牛里脊三文鱼,上海青,蔬菜类及制品,FOOD,RAW,生,水煮或焯水后沥干、称重、打碎、充分搅拌,2,中,B5 非标准词 + A2b 生档案却写熟制步骤,自由文本：水煮或焯水后沥干 / 称重；档案用生数据，步骤却含焯水/蒸煮,归入受控词表或补进字典；确认是口径写错还是档案选错
正式食谱,鸡胸牛里脊三文鱼,白蘑菇,菌藻类,FOOD,RAW,生,煮/蒸熟后称重、打碎、充分搅拌,2,中,B5 非标准词 + A2b 生档案却写熟制步骤,自由文本：煮/蒸熟后称重；档案用生数据，步骤却含焯水/蒸煮,归入受控词表或补进字典；确认是口径写错还是档案选错
正式食谱,鸡胸牛里脊三文鱼,亚麻籽,坚果种子类,FOOD,DRIED,干,生重、称重后研磨、充分搅拌,2,中,B5 非标准词 + C1b 干制品口径词不规范,自由文本：称重后研磨；干制品宜用「干重」,归入受控词表或补进字典；口径词统一（需字典补「干重」）
正式食谱,鸡胸荞麦-lp,胡萝卜,蔬菜类及制品,FOOD,RAW,生,生重、打碎、充分搅拌,1,中,A4 同原料口径不一致,该原料在不同食谱里既写过生重又写过熟重,统一口径
正式食谱,鸡胸鳕鱼,胡萝卜,蔬菜类及制品,FOOD,RAW,生,生重、打碎、充分搅拌,1,中,A4 同原料口径不一致,该原料在不同食谱里既写过生重又写过熟重,统一口径
正式食谱,鸡胸鳕鱼,紫甘蓝,蔬菜类及制品,FOOD,RAW,生,生重、打碎、充分搅拌,1,中,A4 同原料口径不一致,该原料在不同食谱里既写过生重又写过熟重,统一口径
正式食谱,鸡胸鸭胗蛋-lp,糙米,谷类及制品,FOOD,COOKED,熟,煮熟后称重、充分搅拌,2,中,A3 熟档案未写口径 + A4 同原料口径不一致,没写按生重还是熟重称量；该原料在不同食谱里既写过生重又写过熟重,补「熟重」；统一口径
正式食谱,鸡胸鸭胗蛋-lp,胡萝卜,蔬菜类及制品,FOOD,RAW,生,生重、打碎、充分搅拌,1,中,A4 同原料口径不一致,该原料在不同食谱里既写过生重又写过熟重,统一口径
正式食谱,鸡胸鸭胗蛋-lp,紫甘蓝,蔬菜类及制品,FOOD,RAW,生,生重、打碎、充分搅拌,1,中,A4 同原料口径不一致,该原料在不同食谱里既写过生重又写过熟重,统一口径
正式食谱,鸡蛋鱼虾鸭胸(路宝),比目鱼,水产类,FOOD,RAW,生,去皮去骨、生重打碎后、搅拌均匀。,2,中,B4 口语化/标点 + B5 非标准词,句尾带句号，与其它文案不统一；自由文本：去皮去骨 / 生重打碎后 / 搅拌均匀。,去掉句号，统一用「、」分隔；归入受控词表或补进字典
正式食谱,鸡蛋鱼虾鸭胸(路宝),南瓜,蔬菜类及制品,FOOD,COOKED,熟,去瓤、去皮、煮熟后沥水、称重、打碎、充分搅拌,3,中,B5 非标准词 + A3 熟档案未写口径 + A4 同原料口径不一致,自由文本：煮熟后沥水 / 称重；没写按生重还是熟重称量；该原料在不同食谱里既写过生重又写过熟重,归入受控词表或补进字典；补「熟重」；统一口径
正式食谱,鸡蛋鱼虾鸭胸(路宝),花椰菜,蔬菜类及制品,FOOD,COOKED,熟,去老梗、焯水后称重、打碎、充分搅拌,2,中,B5 非标准词 + A3 熟档案未写口径,自由文本：焯水后称重；没写按生重还是熟重称量,归入受控词表或补进字典；补「熟重」
正式食谱,鸭,大米,谷类及制品,FOOD,COOKED,熟,煮熟后称重、打碎、充分搅拌,1,中,A3 熟档案未写口径,没写按生重还是熟重称量,补「熟重」
正式食谱,鸭,糙米,谷类及制品,FOOD,COOKED,熟,煮熟后称重、充分搅拌,2,中,A3 熟档案未写口径 + A4 同原料口径不一致,没写按生重还是熟重称量；该原料在不同食谱里既写过生重又写过熟重,补「熟重」；统一口径
正式食谱,鸭,胡萝卜,蔬菜类及制品,FOOD,RAW,生,生重、打碎、充分搅拌,1,中,A4 同原料口径不一致,该原料在不同食谱里既写过生重又写过熟重,统一口径
正式食谱,鸭,西兰花,蔬菜类及制品,FOOD,RAW,生,打碎、静置30分钟、焯水沥干、称重、充分搅拌,3,中,B5 非标准词 + A2b 生档案却写熟制步骤 + A4 同原料口径不一致,自由文本：焯水沥干 / 称重；档案用生数据，步骤却含焯水/蒸煮；该原料在不同食谱里既写过生重又写过熟重,归入受控词表或补进字典；确认是口径写错还是档案选错；统一口径
正式食谱,鸭,紫甘蓝,蔬菜类及制品,FOOD,RAW,生,生重、打碎、充分搅拌,1,中,A4 同原料口径不一致,该原料在不同食谱里既写过生重又写过熟重,统一口径
正式食谱,鸭肉梨,糙米,谷类及制品,FOOD,COOKED,熟,煮熟后称重、充分搅拌,2,中,A3 熟档案未写口径 + A4 同原料口径不一致,没写按生重还是熟重称量；该原料在不同食谱里既写过生重又写过熟重,补「熟重」；统一口径
正式食谱,鸭肉梨,绿豆芽,蔬菜类及制品,FOOD,COOKED,熟,熟重、打碎、充分搅拌,2,中,B5 非标准词 + A4 同原料口径不一致,自由文本：熟重；该原料在不同食谱里既写过生重又写过熟重,归入受控词表或补进字典；统一口径
正式食谱,鸭肉梨,胡萝卜,蔬菜类及制品,FOOD,COOKED,熟,煮熟后称重、打碎、充分搅拌,2,中,A3 熟档案未写口径 + A4 同原料口径不一致,没写按生重还是熟重称量；该原料在不同食谱里既写过生重又写过熟重,补「熟重」；统一口径
正式食谱,鸭肉食谱,西兰花,蔬菜类及制品,FOOD,RAW,生,打碎、静置30分钟、焯水沥干、称重、充分搅拌,3,中,B5 非标准词 + A2b 生档案却写熟制步骤 + A4 同原料口径不一致,自由文本：焯水沥干 / 称重；档案用生数据，步骤却含焯水/蒸煮；该原料在不同食谱里既写过生重又写过熟重,归入受控词表或补进字典；确认是口径写错还是档案选错；统一口径
正式食谱,鸭胸猪里脊鸡蛋青花鱼,猪肝,畜肉类及制品,FOOD,RAW,生,去油、生重、焯水、打碎、充分搅拌,1,中,A2b 生档案却写熟制步骤,档案用生数据，步骤却含焯水/蒸煮,确认是口径写错还是档案选错
正式食谱,鸭胸猪里脊鸡蛋青花鱼,燕麦,谷类及制品,FOOD,DRIED,干,无添加即食燕麦、打碎、充分搅拌,2,中,B6 商品属性写进步骤 + B5 非标准词,这些片段不是厨房动作，而是商品属性：无添加即食燕麦；自由文本：无添加即食燕麦,移到原料规格/备注，不放在制备说明；归入受控词表或补进字典
正式食谱,鸭胸猪里脊鸡蛋青花鱼,西兰花,蔬菜类及制品,FOOD,RAW,生,打碎、静置30分钟、焯水沥干、称重、充分搅拌,3,中,B5 非标准词 + A2b 生档案却写熟制步骤 + A4 同原料口径不一致,自由文本：焯水沥干 / 称重；档案用生数据，步骤却含焯水/蒸煮；该原料在不同食谱里既写过生重又写过熟重,归入受控词表或补进字典；确认是口径写错还是档案选错；统一口径
正式食谱,鸭胸猪里脊鸡蛋青花鱼,玉米油,油脂类,FOOD,OIL,油脂,生重、充分混匀。,3,中,B4 口语化/标点 + B5 非标准词 + C1 冗余口径词（油/粉/补剂）,句尾带句号，与其它文案不统一；自由文本：充分混匀。；这类食材不因加热改变重量，口径词无意义（可安全删除）,去掉句号，统一用「、」分隔；归入受控词表或补进字典；删掉生重/熟重，保留处理步骤
正式食谱,黑米鳕鱼鸡胸,秋葵,蔬菜类及制品,FOOD,RAW,生,生重、打碎、充分搅拌,1,中,A4 同原料口径不一致,该原料在不同食谱里既写过生重又写过熟重,统一口径
设计器草稿,（咖喱定制）创伤恢复+红胡子,糙米,谷类及制品,FOOD,RAW,生,"39b36568-24f1-4b20-b8ef-61ce023d568d, af4c8a9c-98bf-4f91-ab07-4927aae2c4c2",2,中,B1 机器码残留 + A4 同原料口径不一致,文案存的是字典 ID（接口会解析成中文，不显示乱码），但存储形式脆弱：字典缺项就会异常，且会掩盖「无营养档案」等问题；该原料在不同食谱里既写过生重又写过熟重,按字典还原为标准词（18/19 可确定性还原）；统一口径
设计器草稿,（咖喱定制）创伤恢复+红胡子,糙米,谷类及制品,FOOD,RAW,生,"39b36568-24f1-4b20-b8ef-61ce023d568d, af4c8a9c-98bf-4f91-ab07-4927aae2c4c2",2,中,B1 机器码残留 + A4 同原料口径不一致,文案存的是字典 ID（接口会解析成中文，不显示乱码），但存储形式脆弱：字典缺项就会异常，且会掩盖「无营养档案」等问题；该原料在不同食谱里既写过生重又写过熟重,按字典还原为标准词（18/19 可确定性还原）；统一口径
设计器草稿,（咖喱定制）创伤恢复+红胡子,小麦胚芽油,油脂类,FOOD,OIL,油脂,"dd27baa4-36cb-4405-9092-0eb37e6160fa, af4c8a9c-98bf-4f91-ab07-4927aae2c4c2",1,中,B1 机器码残留,文案存的是字典 ID（接口会解析成中文，不显示乱码），但存储形式脆弱：字典缺项就会异常，且会掩盖「无营养档案」等问题,按字典还原为标准词（18/19 可确定性还原）
设计器草稿,（咖喱定制）创伤恢复+红胡子,小麦胚芽油,油脂类,FOOD,OIL,油脂,"dd27baa4-36cb-4405-9092-0eb37e6160fa, af4c8a9c-98bf-4f91-ab07-4927aae2c4c2",1,中,B1 机器码残留,文案存的是字典 ID（接口会解析成中文，不显示乱码），但存储形式脆弱：字典缺项就会异常，且会掩盖「无营养档案」等问题,按字典还原为标准词（18/19 可确定性还原）
设计器草稿,（咖喱定制）创伤恢复+红胡子,姜黄粉,调味品类,FOOD,POWDER,粉,"dd27baa4-36cb-4405-9092-0eb37e6160fa, af4c8a9c-98bf-4f91-ab07-4927aae2c4c2",1,中,B1 机器码残留,文案存的是字典 ID（接口会解析成中文，不显示乱码），但存储形式脆弱：字典缺项就会异常，且会掩盖「无营养档案」等问题,按字典还原为标准词（18/19 可确定性还原）
设计器草稿,（咖喱定制）创伤恢复+红胡子,姜黄粉,调味品类,FOOD,POWDER,粉,"dd27baa4-36cb-4405-9092-0eb37e6160fa, af4c8a9c-98bf-4f91-ab07-4927aae2c4c2",1,中,B1 机器码残留,文案存的是字典 ID（接口会解析成中文，不显示乱码），但存储形式脆弱：字典缺项就会异常，且会掩盖「无营养档案」等问题,按字典还原为标准词（18/19 可确定性还原）
设计器草稿,（咖喱定制）创伤恢复+红胡子,食用盐,调味品类,FOOD,DRIED,干,"dd27baa4-36cb-4405-9092-0eb37e6160fa, af4c8a9c-98bf-4f91-ab07-4927aae2c4c2",1,中,B1 机器码残留,文案存的是字典 ID（接口会解析成中文，不显示乱码），但存储形式脆弱：字典缺项就会异常，且会掩盖「无营养档案」等问题,按字典还原为标准词（18/19 可确定性还原）
设计器草稿,（咖喱定制）创伤恢复+红胡子,食用盐,调味品类,FOOD,DRIED,干,"dd27baa4-36cb-4405-9092-0eb37e6160fa, af4c8a9c-98bf-4f91-ab07-4927aae2c4c2",1,中,B1 机器码残留,文案存的是字典 ID（接口会解析成中文，不显示乱码），但存储形式脆弱：字典缺项就会异常，且会掩盖「无营养档案」等问题,按字典还原为标准词（18/19 可确定性还原）
设计器草稿,（咖喱定制）创伤恢复+红胡子,鸡蛋壳粉,乳类及制品,SUPPLEMENT,CONCENTRATE,浓缩补剂,"dd27baa4-36cb-4405-9092-0eb37e6160fa, af4c8a9c-98bf-4f91-ab07-4927aae2c4c2",1,中,B1 机器码残留,文案存的是字典 ID（接口会解析成中文，不显示乱码），但存储形式脆弱：字典缺项就会异常，且会掩盖「无营养档案」等问题,按字典还原为标准词（18/19 可确定性还原）
设计器草稿,（咖喱定制）创伤恢复+红胡子,鸡蛋壳粉,乳类及制品,SUPPLEMENT,CONCENTRATE,浓缩补剂,"dd27baa4-36cb-4405-9092-0eb37e6160fa, af4c8a9c-98bf-4f91-ab07-4927aae2c4c2",1,中,B1 机器码残留,文案存的是字典 ID（接口会解析成中文，不显示乱码），但存储形式脆弱：字典缺项就会异常，且会掩盖「无营养档案」等问题,按字典还原为标准词（18/19 可确定性还原）
设计器草稿,（咖喱定制）创伤恢复+红胡子,葡萄糖酸锌片,乳类及制品,SUPPLEMENT,CONCENTRATE,浓缩补剂,"df60590f-a697-4897-ab08-1322e2287268, af4c8a9c-98bf-4f91-ab07-4927aae2c4c2",1,中,B1 机器码残留,文案存的是字典 ID（接口会解析成中文，不显示乱码），但存储形式脆弱：字典缺项就会异常，且会掩盖「无营养档案」等问题,按字典还原为标准词（18/19 可确定性还原）
设计器草稿,（咖喱定制）创伤恢复+红胡子,葡萄糖酸锌片,乳类及制品,SUPPLEMENT,CONCENTRATE,浓缩补剂,"df60590f-a697-4897-ab08-1322e2287268, af4c8a9c-98bf-4f91-ab07-4927aae2c4c2",1,中,B1 机器码残留,文案存的是字典 ID（接口会解析成中文，不显示乱码），但存储形式脆弱：字典缺项就会异常，且会掩盖「无营养档案」等问题,按字典还原为标准词（18/19 可确定性还原）
设计器草稿,（咖喱定制）创伤恢复+红胡子,海藻粉,乳类及制品,SUPPLEMENT,CONCENTRATE,浓缩补剂,af4c8a9c-98bf-4f91-ab07-4927aae2c4c2,1,中,B1 机器码残留,文案存的是字典 ID（接口会解析成中文，不显示乱码），但存储形式脆弱：字典缺项就会异常，且会掩盖「无营养档案」等问题,按字典还原为标准词（18/19 可确定性还原）
设计器草稿,（咖喱定制）创伤恢复+红胡子,海藻粉,乳类及制品,SUPPLEMENT,CONCENTRATE,浓缩补剂,af4c8a9c-98bf-4f91-ab07-4927aae2c4c2,1,中,B1 机器码残留,文案存的是字典 ID（接口会解析成中文，不显示乱码），但存储形式脆弱：字典缺项就会异常，且会掩盖「无营养档案」等问题,按字典还原为标准词（18/19 可确定性还原）
设计器草稿,（咖喱定制）创伤恢复+红胡子 (新版本),大米,谷类及制品,FOOD,COOKED,熟,煮熟后称重、打碎、充分搅拌,1,中,A3 熟档案未写口径,没写按生重还是熟重称量,补「熟重」
设计器草稿,（咖喱定制）创伤恢复+红胡子 (新版本),大米,谷类及制品,FOOD,COOKED,熟,煮熟后称重、打碎、充分搅拌,1,中,A3 熟档案未写口径,没写按生重还是熟重称量,补「熟重」
设计器草稿,（咖喱定制）创伤恢复+红胡子 (新版本),藜麦,谷类及制品,FOOD,RAW,生,生重、打粉、充分搅拌,1,中,A4 同原料口径不一致,该原料在不同食谱里既写过生重又写过熟重,统一口径
设计器草稿,（咖喱定制）创伤恢复+红胡子 (新版本),藜麦,谷类及制品,FOOD,RAW,生,生重、打粉、充分搅拌,1,中,A4 同原料口径不一致,该原料在不同食谱里既写过生重又写过熟重,统一口径
设计器草稿,（咖喱定制）创伤恢复+红胡子 (新版本),南瓜,蔬菜类及制品,FOOD,COOKED,熟,去皮、去瓤、煮熟后称重、打碎、充分搅拌,2,中,A3 熟档案未写口径 + A4 同原料口径不一致,没写按生重还是熟重称量；该原料在不同食谱里既写过生重又写过熟重,补「熟重」；统一口径
设计器草稿,（咖喱定制）创伤恢复+红胡子 (新版本),南瓜,蔬菜类及制品,FOOD,COOKED,熟,去皮、去瓤、煮熟后称重、打碎、充分搅拌,2,中,A3 熟档案未写口径 + A4 同原料口径不一致,没写按生重还是熟重称量；该原料在不同食谱里既写过生重又写过熟重,补「熟重」；统一口径
设计器草稿,（咖喱定制）创伤恢复+红胡子 (新版本),胡萝卜,蔬菜类及制品,FOOD,COOKED,熟,煮熟后称重、打碎、充分搅拌,2,中,A3 熟档案未写口径 + A4 同原料口径不一致,没写按生重还是熟重称量；该原料在不同食谱里既写过生重又写过熟重,补「熟重」；统一口径
设计器草稿,（咖喱定制）创伤恢复+红胡子 (新版本),胡萝卜,蔬菜类及制品,FOOD,COOKED,熟,煮熟后称重、打碎、充分搅拌,2,中,A3 熟档案未写口径 + A4 同原料口径不一致,没写按生重还是熟重称量；该原料在不同食谱里既写过生重又写过熟重,补「熟重」；统一口径
设计器草稿,（咖喱定制）创伤恢复+红胡子 (新版本),花椰菜,蔬菜类及制品,FOOD,COOKED,熟,去老梗、焯水后称重、打碎、充分搅拌,2,中,B5 非标准词 + A3 熟档案未写口径,自由文本：焯水后称重；没写按生重还是熟重称量,归入受控词表或补进字典；补「熟重」
设计器草稿,（咖喱定制）创伤恢复+红胡子 (新版本),花椰菜,蔬菜类及制品,FOOD,COOKED,熟,去老梗、焯水后称重、打碎、充分搅拌,2,中,B5 非标准词 + A3 熟档案未写口径,自由文本：焯水后称重；没写按生重还是熟重称量,归入受控词表或补进字典；补「熟重」
设计器草稿,3天/12份 兔,胡萝卜,蔬菜类及制品,FOOD,RAW,生,生重、打碎、充分搅拌,1,中,A4 同原料口径不一致,该原料在不同食谱里既写过生重又写过熟重,统一口径
设计器草稿,3天/12份 兔,西兰花,蔬菜类及制品,FOOD,RAW,生,打碎、静置30分钟、焯水沥干、称重、充分搅拌,3,中,B5 非标准词 + A2b 生档案却写熟制步骤 + A4 同原料口径不一致,自由文本：焯水沥干 / 称重；档案用生数据，步骤却含焯水/蒸煮；该原料在不同食谱里既写过生重又写过熟重,归入受控词表或补进字典；确认是口径写错还是档案选错；统一口径
设计器草稿,3天/12份 鸡,胡萝卜,蔬菜类及制品,FOOD,RAW,生,生重、打碎、充分搅拌,1,中,A4 同原料口径不一致,该原料在不同食谱里既写过生重又写过熟重,统一口径
设计器草稿,3天/12份 鸡,西兰花,蔬菜类及制品,FOOD,RAW,生,打碎、静置30分钟、焯水沥干、称重、充分搅拌,3,中,B5 非标准词 + A2b 生档案却写熟制步骤 + A4 同原料口径不一致,自由文本：焯水沥干 / 称重；档案用生数据，步骤却含焯水/蒸煮；该原料在不同食谱里既写过生重又写过熟重,归入受控词表或补进字典；确认是口径写错还是档案选错；统一口径
设计器草稿,3天/12份 鸡,大米,谷类及制品,FOOD,COOKED,熟,煮熟后称重、打碎、充分搅拌,1,中,A3 熟档案未写口径,没写按生重还是熟重称量,补「熟重」
设计器草稿,3天/12份 鸡,糙米,谷类及制品,FOOD,COOKED,熟,煮熟后称重、充分搅拌,2,中,A3 熟档案未写口径 + A4 同原料口径不一致,没写按生重还是熟重称量；该原料在不同食谱里既写过生重又写过熟重,补「熟重」；统一口径
设计器草稿,525 的鲜食食谱 06/16,玉米油,油脂类,FOOD,OIL,油脂,生重、充分混匀。,3,中,B4 口语化/标点 + B5 非标准词 + C1 冗余口径词（油/粉/补剂）,句尾带句号，与其它文案不统一；自由文本：充分混匀。；这类食材不因加热改变重量，口径词无意义（可安全删除）,去掉句号，统一用「、」分隔；归入受控词表或补进字典；删掉生重/熟重，保留处理步骤
设计器草稿,525 的鲜食食谱 06/16,藜麦,谷类及制品,FOOD,RAW,生,生重、打粉、充分搅拌,1,中,A4 同原料口径不一致,该原料在不同食谱里既写过生重又写过熟重,统一口径
设计器草稿,5天/20份 鸡猪-lp,小米,谷类及制品,FOOD,COOKED,熟,煮熟后称重、充分搅拌,2,中,A3 熟档案未写口径 + A4 同原料口径不一致,没写按生重还是熟重称量；该原料在不同食谱里既写过生重又写过熟重,补「熟重」；统一口径
设计器草稿,5天/20份 鸡猪-lp,大米,谷类及制品,FOOD,COOKED,熟,煮熟后称重、打碎、充分搅拌,1,中,A3 熟档案未写口径,没写按生重还是熟重称量,补「熟重」
设计器草稿,5天/20份 鸡猪-lp,糙米,谷类及制品,FOOD,COOKED,熟,煮熟后称重、充分搅拌,2,中,A3 熟档案未写口径 + A4 同原料口径不一致,没写按生重还是熟重称量；该原料在不同食谱里既写过生重又写过熟重,补「熟重」；统一口径
设计器草稿,5天/20份 鸡猪-lp,山药,薯类及制品,FOOD,RAW,生,去皮、生重、打碎、充分搅拌,1,中,A4 同原料口径不一致,该原料在不同食谱里既写过生重又写过熟重,统一口径
设计器草稿,5天/20份 鸡猪-lp,胡萝卜,蔬菜类及制品,FOOD,RAW,生,生重、打碎、充分搅拌,1,中,A4 同原料口径不一致,该原料在不同食谱里既写过生重又写过熟重,统一口径
设计器草稿,5天/20份 鸡猪-lp,西兰花,蔬菜类及制品,FOOD,RAW,生,打碎、静置30分钟、焯水沥干、称重、充分搅拌,3,中,B5 非标准词 + A2b 生档案却写熟制步骤 + A4 同原料口径不一致,自由文本：焯水沥干 / 称重；档案用生数据，步骤却含焯水/蒸煮；该原料在不同食谱里既写过生重又写过熟重,归入受控词表或补进字典；确认是口径写错还是档案选错；统一口径
设计器草稿,5天/20份 鸡猪-lp,紫甘蓝,蔬菜类及制品,FOOD,RAW,生,生重、打碎、充分搅拌,1,中,A4 同原料口径不一致,该原料在不同食谱里既写过生重又写过熟重,统一口径
设计器草稿,Dobby 的鲜食食谱 06/15,生蚝,水产类,FOOD,RAW,生,去壳、生重、焯水、打碎、充分搅拌,1,中,A2b 生档案却写熟制步骤,档案用生数据，步骤却含焯水/蒸煮,确认是口径写错还是档案选错
设计器草稿,Foxy的鸭胸食谱,花椰菜,蔬菜类及制品,FOOD,COOKED,熟,去老梗、焯水后称重、打碎、充分搅拌,2,中,B5 非标准词 + A3 熟档案未写口径,自由文本：焯水后称重；没写按生重还是熟重称量,归入受控词表或补进字典；补「熟重」
设计器草稿,Foxy的鸭胸食谱,土豆,薯类及制品,FOOD,COOKED,熟,去皮、煮熟后称重、打碎、充分搅拌,1,中,A3 熟档案未写口径,没写按生重还是熟重称量,补「熟重」
设计器草稿,harley 的鲜食食谱 08/09,生菜,蔬菜类及制品,FOOD,RAW,生,生重、焯水、打碎、充分搅拌,1,中,A2b 生档案却写熟制步骤,档案用生数据，步骤却含焯水/蒸煮,确认是口径写错还是档案选错
设计器草稿,harley 的鲜食食谱 08/09,大米,谷类及制品,FOOD,COOKED,熟,煮熟后称重、打碎、充分搅拌,1,中,A3 熟档案未写口径,没写按生重还是熟重称量,补「熟重」
设计器草稿,harley 的鲜食食谱 08/09,小米,谷类及制品,FOOD,COOKED,熟,煮熟后称重、充分搅拌,2,中,A3 熟档案未写口径 + A4 同原料口径不一致,没写按生重还是熟重称量；该原料在不同食谱里既写过生重又写过熟重,补「熟重」；统一口径
设计器草稿,idol 的鲜食食谱 07/22,燕麦,谷类及制品,FOOD,DRIED,干,无添加即食燕麦、打碎、充分搅拌,2,中,B6 商品属性写进步骤 + B5 非标准词,这些片段不是厨房动作，而是商品属性：无添加即食燕麦；自由文本：无添加即食燕麦,移到原料规格/备注，不放在制备说明；归入受控词表或补进字典
设计器草稿,idol 的鲜食食谱 07/22,秋葵,蔬菜类及制品,FOOD,RAW,生,生重、打碎、充分搅拌,1,中,A4 同原料口径不一致,该原料在不同食谱里既写过生重又写过熟重,统一口径
设计器草稿,idol 的鲜食食谱 07/22,山药,薯类及制品,FOOD,RAW,生,去皮、生重、打碎、充分搅拌,1,中,A4 同原料口径不一致,该原料在不同食谱里既写过生重又写过熟重,统一口径
设计器草稿,idol 的鲜食食谱 07/22,西兰花,蔬菜类及制品,FOOD,RAW,生,打碎、静置30分钟、焯水沥干、称重、充分搅拌,3,中,B5 非标准词 + A2b 生档案却写熟制步骤 + A4 同原料口径不一致,自由文本：焯水沥干 / 称重；档案用生数据，步骤却含焯水/蒸煮；该原料在不同食谱里既写过生重又写过熟重,归入受控词表或补进字典；确认是口径写错还是档案选错；统一口径
设计器草稿,idol 的鲜食食谱 07/22,猪肝,畜肉类及制品,FOOD,RAW,生,去油、生重、焯水、打碎、充分搅拌,1,中,A2b 生档案却写熟制步骤,档案用生数据，步骤却含焯水/蒸煮,确认是口径写错还是档案选错
设计器草稿,ID的兔肉定制,鸡蛋,蛋类及制品,FOOD,RAW,生,全蛋、去壳、按生重称量、充分打散后混匀。,2,中,B4 口语化/标点 + B5 非标准词,句尾带句号，与其它文案不统一；自由文本：按生重称量 / 充分打散后混匀。,去掉句号，统一用「、」分隔；归入受控词表或补进字典
设计器草稿,ID的兔肉定制,鸡蛋,蛋类及制品,FOOD,RAW,生,全蛋、去壳、按生重称量、充分打散后混匀。,2,中,B4 口语化/标点 + B5 非标准词,句尾带句号，与其它文案不统一；自由文本：按生重称量 / 充分打散后混匀。,去掉句号，统一用「、」分隔；归入受控词表或补进字典
设计器草稿,ID的兔肉定制,糙米,谷类及制品,FOOD,RAW,生,充分煮熟、沥去多余水分后按熟重称量,3,中,B5 非标准词 + A2b 生档案却写熟制步骤 + A4 同原料口径不一致,自由文本：充分煮熟 / 沥去多余水分后按熟重称量；档案用生数据，步骤却含焯水/蒸煮；该原料在不同食谱里既写过生重又写过熟重,归入受控词表或补进字典；确认是口径写错还是档案选错；统一口径
设计器草稿,ID的兔肉定制,糙米,谷类及制品,FOOD,COOKED,熟,煮熟后称重、充分搅拌,2,中,A3 熟档案未写口径 + A4 同原料口径不一致,没写按生重还是熟重称量；该原料在不同食谱里既写过生重又写过熟重,补「熟重」；统一口径
设计器草稿,ID的兔肉定制,糙米,谷类及制品,FOOD,COOKED,熟,煮熟后称重、充分搅拌,2,中,A3 熟档案未写口径 + A4 同原料口径不一致,没写按生重还是熟重称量；该原料在不同食谱里既写过生重又写过熟重,补「熟重」；统一口径
设计器草稿,ID的兔肉定制,土豆,薯类及制品,FOOD,COOKED,熟,去皮、煮熟后称重、打碎、充分搅拌,1,中,A3 熟档案未写口径,没写按生重还是熟重称量,补「熟重」
设计器草稿,ID的兔肉定制,土豆,薯类及制品,FOOD,COOKED,熟,去皮、煮熟后称重、打碎、充分搅拌,1,中,A3 熟档案未写口径,没写按生重还是熟重称量,补「熟重」
设计器草稿,ID的兔肉定制,上海青,蔬菜类及制品,FOOD,RAW,生,水煮或焯水后沥干、称重、打碎、充分搅拌,2,中,B5 非标准词 + A2b 生档案却写熟制步骤,自由文本：水煮或焯水后沥干 / 称重；档案用生数据，步骤却含焯水/蒸煮,归入受控词表或补进字典；确认是口径写错还是档案选错
设计器草稿,ID的兔肉定制,上海青,蔬菜类及制品,FOOD,RAW,生,水煮或焯水后沥干、称重、打碎、充分搅拌,2,中,B5 非标准词 + A2b 生档案却写熟制步骤,自由文本：水煮或焯水后沥干 / 称重；档案用生数据，步骤却含焯水/蒸煮,归入受控词表或补进字典；确认是口径写错还是档案选错
设计器草稿,ID的兔肉定制,上海青,蔬菜类及制品,FOOD,RAW,生,水煮或焯水后沥干、称重、打碎、充分搅拌,2,中,B5 非标准词 + A2b 生档案却写熟制步骤,自由文本：水煮或焯水后沥干 / 称重；档案用生数据，步骤却含焯水/蒸煮,归入受控词表或补进字典；确认是口径写错还是档案选错
设计器草稿,Lucky 定制食谱,燕麦,谷类及制品,FOOD,DRIED,干,"7aa01a87-e4d5-4e3b-b4cf-e4634b303853, af4c8a9c-98bf-4f91-ab07-4927aae2c4c2",1,中,B1 机器码残留,文案存的是字典 ID（接口会解析成中文，不显示乱码），但存储形式脆弱：字典缺项就会异常，且会掩盖「无营养档案」等问题,按字典还原为标准词（18/19 可确定性还原）
设计器草稿,Lucky 定制食谱,燕麦,谷类及制品,FOOD,DRIED,干,"7aa01a87-e4d5-4e3b-b4cf-e4634b303853, af4c8a9c-98bf-4f91-ab07-4927aae2c4c2",1,中,B1 机器码残留,文案存的是字典 ID（接口会解析成中文，不显示乱码），但存储形式脆弱：字典缺项就会异常，且会掩盖「无营养档案」等问题,按字典还原为标准词（18/19 可确定性还原）
设计器草稿,Lucky 定制食谱,燕麦,谷类及制品,FOOD,DRIED,干,"7aa01a87-e4d5-4e3b-b4cf-e4634b303853, af4c8a9c-98bf-4f91-ab07-4927aae2c4c2",1,中,B1 机器码残留,文案存的是字典 ID（接口会解析成中文，不显示乱码），但存储形式脆弱：字典缺项就会异常，且会掩盖「无营养档案」等问题,按字典还原为标准词（18/19 可确定性还原）
设计器草稿,Lucky 定制食谱,燕麦,谷类及制品,FOOD,DRIED,干,"7aa01a87-e4d5-4e3b-b4cf-e4634b303853, af4c8a9c-98bf-4f91-ab07-4927aae2c4c2",1,中,B1 机器码残留,文案存的是字典 ID（接口会解析成中文，不显示乱码），但存储形式脆弱：字典缺项就会异常，且会掩盖「无营养档案」等问题,按字典还原为标准词（18/19 可确定性还原）
设计器草稿,Lucky 定制食谱,小麦胚芽油,油脂类,FOOD,OIL,油脂,af4c8a9c-98bf-4f91-ab07-4927aae2c4c2,1,中,B1 机器码残留,文案存的是字典 ID（接口会解析成中文，不显示乱码），但存储形式脆弱：字典缺项就会异常，且会掩盖「无营养档案」等问题,按字典还原为标准词（18/19 可确定性还原）
设计器草稿,Lucky 定制食谱,小麦胚芽油,油脂类,FOOD,OIL,油脂,af4c8a9c-98bf-4f91-ab07-4927aae2c4c2,1,中,B1 机器码残留,文案存的是字典 ID（接口会解析成中文，不显示乱码），但存储形式脆弱：字典缺项就会异常，且会掩盖「无营养档案」等问题,按字典还原为标准词（18/19 可确定性还原）
设计器草稿,Lucky 定制食谱,小麦胚芽油,油脂类,FOOD,OIL,油脂,af4c8a9c-98bf-4f91-ab07-4927aae2c4c2,1,中,B1 机器码残留,文案存的是字典 ID（接口会解析成中文，不显示乱码），但存储形式脆弱：字典缺项就会异常，且会掩盖「无营养档案」等问题,按字典还原为标准词（18/19 可确定性还原）
设计器草稿,Lucky 定制食谱,小麦胚芽油,油脂类,FOOD,OIL,油脂,af4c8a9c-98bf-4f91-ab07-4927aae2c4c2,1,中,B1 机器码残留,文案存的是字典 ID（接口会解析成中文，不显示乱码），但存储形式脆弱：字典缺项就会异常，且会掩盖「无营养档案」等问题,按字典还原为标准词（18/19 可确定性还原）
设计器草稿,Lucky 定制食谱,食用盐,调味品类,FOOD,DRIED,干,af4c8a9c-98bf-4f91-ab07-4927aae2c4c2,1,中,B1 机器码残留,文案存的是字典 ID（接口会解析成中文，不显示乱码），但存储形式脆弱：字典缺项就会异常，且会掩盖「无营养档案」等问题,按字典还原为标准词（18/19 可确定性还原）
设计器草稿,Lucky 定制食谱,食用盐,调味品类,FOOD,DRIED,干,af4c8a9c-98bf-4f91-ab07-4927aae2c4c2,1,中,B1 机器码残留,文案存的是字典 ID（接口会解析成中文，不显示乱码），但存储形式脆弱：字典缺项就会异常，且会掩盖「无营养档案」等问题,按字典还原为标准词（18/19 可确定性还原）
设计器草稿,Lucky 定制食谱,食用盐,调味品类,FOOD,DRIED,干,af4c8a9c-98bf-4f91-ab07-4927aae2c4c2,1,中,B1 机器码残留,文案存的是字典 ID（接口会解析成中文，不显示乱码），但存储形式脆弱：字典缺项就会异常，且会掩盖「无营养档案」等问题,按字典还原为标准词（18/19 可确定性还原）
设计器草稿,Lucky 定制食谱,食用盐,调味品类,FOOD,DRIED,干,af4c8a9c-98bf-4f91-ab07-4927aae2c4c2,1,中,B1 机器码残留,文案存的是字典 ID（接口会解析成中文，不显示乱码），但存储形式脆弱：字典缺项就会异常，且会掩盖「无营养档案」等问题,按字典还原为标准词（18/19 可确定性还原）
设计器草稿,Lucky 定制食谱,鸡蛋壳粉,乳类及制品,SUPPLEMENT,CONCENTRATE,浓缩补剂,af4c8a9c-98bf-4f91-ab07-4927aae2c4c2,1,中,B1 机器码残留,文案存的是字典 ID（接口会解析成中文，不显示乱码），但存储形式脆弱：字典缺项就会异常，且会掩盖「无营养档案」等问题,按字典还原为标准词（18/19 可确定性还原）
设计器草稿,Lucky 定制食谱,鸡蛋壳粉,乳类及制品,SUPPLEMENT,CONCENTRATE,浓缩补剂,af4c8a9c-98bf-4f91-ab07-4927aae2c4c2,1,中,B1 机器码残留,文案存的是字典 ID（接口会解析成中文，不显示乱码），但存储形式脆弱：字典缺项就会异常，且会掩盖「无营养档案」等问题,按字典还原为标准词（18/19 可确定性还原）
设计器草稿,Lucky 定制食谱,鸡蛋壳粉,乳类及制品,SUPPLEMENT,CONCENTRATE,浓缩补剂,af4c8a9c-98bf-4f91-ab07-4927aae2c4c2,1,中,B1 机器码残留,文案存的是字典 ID（接口会解析成中文，不显示乱码），但存储形式脆弱：字典缺项就会异常，且会掩盖「无营养档案」等问题,按字典还原为标准词（18/19 可确定性还原）
设计器草稿,Lucky 定制食谱,鸡蛋壳粉,乳类及制品,SUPPLEMENT,CONCENTRATE,浓缩补剂,af4c8a9c-98bf-4f91-ab07-4927aae2c4c2,1,中,B1 机器码残留,文案存的是字典 ID（接口会解析成中文，不显示乱码），但存储形式脆弱：字典缺项就会异常，且会掩盖「无营养档案」等问题,按字典还原为标准词（18/19 可确定性还原）
设计器草稿,Lucky 定制食谱,海藻粉,乳类及制品,SUPPLEMENT,CONCENTRATE,浓缩补剂,af4c8a9c-98bf-4f91-ab07-4927aae2c4c2,1,中,B1 机器码残留,文案存的是字典 ID（接口会解析成中文，不显示乱码），但存储形式脆弱：字典缺项就会异常，且会掩盖「无营养档案」等问题,按字典还原为标准词（18/19 可确定性还原）
设计器草稿,Lucky 定制食谱,海藻粉,乳类及制品,SUPPLEMENT,CONCENTRATE,浓缩补剂,af4c8a9c-98bf-4f91-ab07-4927aae2c4c2,1,中,B1 机器码残留,文案存的是字典 ID（接口会解析成中文，不显示乱码），但存储形式脆弱：字典缺项就会异常，且会掩盖「无营养档案」等问题,按字典还原为标准词（18/19 可确定性还原）
设计器草稿,Lucky 定制食谱,海藻粉,乳类及制品,SUPPLEMENT,CONCENTRATE,浓缩补剂,af4c8a9c-98bf-4f91-ab07-4927aae2c4c2,1,中,B1 机器码残留,文案存的是字典 ID（接口会解析成中文，不显示乱码），但存储形式脆弱：字典缺项就会异常，且会掩盖「无营养档案」等问题,按字典还原为标准词（18/19 可确定性还原）
设计器草稿,Lucky 定制食谱,海藻粉,乳类及制品,SUPPLEMENT,CONCENTRATE,浓缩补剂,af4c8a9c-98bf-4f91-ab07-4927aae2c4c2,1,中,B1 机器码残留,文案存的是字典 ID（接口会解析成中文，不显示乱码），但存储形式脆弱：字典缺项就会异常，且会掩盖「无营养档案」等问题,按字典还原为标准词（18/19 可确定性还原）
设计器草稿,Lucky 定制食谱,胆碱片,乳类及制品,SUPPLEMENT,CONCENTRATE,浓缩补剂,"df60590f-a697-4897-ab08-1322e2287268, af4c8a9c-98bf-4f91-ab07-4927aae2c4c2",1,中,B1 机器码残留,文案存的是字典 ID（接口会解析成中文，不显示乱码），但存储形式脆弱：字典缺项就会异常，且会掩盖「无营养档案」等问题,按字典还原为标准词（18/19 可确定性还原）
设计器草稿,Lucky 定制食谱,胆碱片,乳类及制品,SUPPLEMENT,CONCENTRATE,浓缩补剂,"df60590f-a697-4897-ab08-1322e2287268, af4c8a9c-98bf-4f91-ab07-4927aae2c4c2",1,中,B1 机器码残留,文案存的是字典 ID（接口会解析成中文，不显示乱码），但存储形式脆弱：字典缺项就会异常，且会掩盖「无营养档案」等问题,按字典还原为标准词（18/19 可确定性还原）
设计器草稿,Lucky 定制食谱,胆碱片,乳类及制品,SUPPLEMENT,CONCENTRATE,浓缩补剂,"df60590f-a697-4897-ab08-1322e2287268, af4c8a9c-98bf-4f91-ab07-4927aae2c4c2",1,中,B1 机器码残留,文案存的是字典 ID（接口会解析成中文，不显示乱码），但存储形式脆弱：字典缺项就会异常，且会掩盖「无营养档案」等问题,按字典还原为标准词（18/19 可确定性还原）
设计器草稿,Lucky 定制食谱,胆碱片,乳类及制品,SUPPLEMENT,CONCENTRATE,浓缩补剂,"df60590f-a697-4897-ab08-1322e2287268, af4c8a9c-98bf-4f91-ab07-4927aae2c4c2",1,中,B1 机器码残留,文案存的是字典 ID（接口会解析成中文，不显示乱码），但存储形式脆弱：字典缺项就会异常，且会掩盖「无营养档案」等问题,按字典还原为标准词（18/19 可确定性还原）
设计器草稿,Lucky 定制食谱,牛磺酸胶囊,乳类及制品,SUPPLEMENT,CONCENTRATE,浓缩补剂,af4c8a9c-98bf-4f91-ab07-4927aae2c4c2,1,中,B1 机器码残留,文案存的是字典 ID（接口会解析成中文，不显示乱码），但存储形式脆弱：字典缺项就会异常，且会掩盖「无营养档案」等问题,按字典还原为标准词（18/19 可确定性还原）
设计器草稿,Lucky 定制食谱,牛磺酸胶囊,乳类及制品,SUPPLEMENT,CONCENTRATE,浓缩补剂,af4c8a9c-98bf-4f91-ab07-4927aae2c4c2,1,中,B1 机器码残留,文案存的是字典 ID（接口会解析成中文，不显示乱码），但存储形式脆弱：字典缺项就会异常，且会掩盖「无营养档案」等问题,按字典还原为标准词（18/19 可确定性还原）
设计器草稿,Lucky 定制食谱,牛磺酸胶囊,乳类及制品,SUPPLEMENT,CONCENTRATE,浓缩补剂,af4c8a9c-98bf-4f91-ab07-4927aae2c4c2,1,中,B1 机器码残留,文案存的是字典 ID（接口会解析成中文，不显示乱码），但存储形式脆弱：字典缺项就会异常，且会掩盖「无营养档案」等问题,按字典还原为标准词（18/19 可确定性还原）
设计器草稿,Lucky 定制食谱,牛磺酸胶囊,乳类及制品,SUPPLEMENT,CONCENTRATE,浓缩补剂,af4c8a9c-98bf-4f91-ab07-4927aae2c4c2,1,中,B1 机器码残留,文案存的是字典 ID（接口会解析成中文，不显示乱码），但存储形式脆弱：字典缺项就会异常，且会掩盖「无营养档案」等问题,按字典还原为标准词（18/19 可确定性还原）
设计器草稿,Lucky 定制食谱,洋车前子壳粉,乳类及制品,SUPPLEMENT,CONCENTRATE,浓缩补剂,af4c8a9c-98bf-4f91-ab07-4927aae2c4c2,1,中,B1 机器码残留,文案存的是字典 ID（接口会解析成中文，不显示乱码），但存储形式脆弱：字典缺项就会异常，且会掩盖「无营养档案」等问题,按字典还原为标准词（18/19 可确定性还原）
设计器草稿,Lucky 定制食谱,洋车前子壳粉,乳类及制品,SUPPLEMENT,CONCENTRATE,浓缩补剂,af4c8a9c-98bf-4f91-ab07-4927aae2c4c2,1,中,B1 机器码残留,文案存的是字典 ID（接口会解析成中文，不显示乱码），但存储形式脆弱：字典缺项就会异常，且会掩盖「无营养档案」等问题,按字典还原为标准词（18/19 可确定性还原）
设计器草稿,Lucky 定制食谱,洋车前子壳粉,乳类及制品,SUPPLEMENT,CONCENTRATE,浓缩补剂,af4c8a9c-98bf-4f91-ab07-4927aae2c4c2,1,中,B1 机器码残留,文案存的是字典 ID（接口会解析成中文，不显示乱码），但存储形式脆弱：字典缺项就会异常，且会掩盖「无营养档案」等问题,按字典还原为标准词（18/19 可确定性还原）
设计器草稿,Lucky 定制食谱,洋车前子壳粉,乳类及制品,SUPPLEMENT,CONCENTRATE,浓缩补剂,af4c8a9c-98bf-4f91-ab07-4927aae2c4c2,1,中,B1 机器码残留,文案存的是字典 ID（接口会解析成中文，不显示乱码），但存储形式脆弱：字典缺项就会异常，且会掩盖「无营养档案」等问题,按字典还原为标准词（18/19 可确定性还原）
设计器草稿,Lucky 的易消化简餐,西兰花,蔬菜类及制品,FOOD,RAW,生,打碎、静置30分钟、焯水沥干、称重、充分搅拌,3,中,B5 非标准词 + A2b 生档案却写熟制步骤 + A4 同原料口径不一致,自由文本：焯水沥干 / 称重；档案用生数据，步骤却含焯水/蒸煮；该原料在不同食谱里既写过生重又写过熟重,归入受控词表或补进字典；确认是口径写错还是档案选错；统一口径
设计器草稿,Lucky 的易消化简餐,西兰花,蔬菜类及制品,FOOD,RAW,生,打碎、静置30分钟、焯水沥干、称重、充分搅拌,3,中,B5 非标准词 + A2b 生档案却写熟制步骤 + A4 同原料口径不一致,自由文本：焯水沥干 / 称重；档案用生数据，步骤却含焯水/蒸煮；该原料在不同食谱里既写过生重又写过熟重,归入受控词表或补进字典；确认是口径写错还是档案选错；统一口径
设计器草稿,Lucky的最新兔肉食谱,大米,谷类及制品,FOOD,COOKED,熟,煮熟后称重、打碎、充分搅拌,1,中,A3 熟档案未写口径,没写按生重还是熟重称量,补「熟重」
设计器草稿,Lucky的最新兔肉食谱,大米,谷类及制品,FOOD,COOKED,熟,煮熟后称重、打碎、充分搅拌,1,中,A3 熟档案未写口径,没写按生重还是熟重称量,补「熟重」
设计器草稿,Lucky的最新兔肉食谱,南瓜,蔬菜类及制品,FOOD,COOKED,熟,去皮、去瓤、煮熟后称重、打碎、充分搅拌,2,中,A3 熟档案未写口径 + A4 同原料口径不一致,没写按生重还是熟重称量；该原料在不同食谱里既写过生重又写过熟重,补「熟重」；统一口径
设计器草稿,Lucky的最新兔肉食谱,南瓜,蔬菜类及制品,FOOD,COOKED,熟,去皮、去瓤、煮熟后称重、打碎、充分搅拌,2,中,A3 熟档案未写口径 + A4 同原料口径不一致,没写按生重还是熟重称量；该原料在不同食谱里既写过生重又写过熟重,补「熟重」；统一口径
设计器草稿,Lucky的最新兔肉食谱,南瓜,蔬菜类及制品,FOOD,COOKED,熟,去皮、去瓤、煮熟后称重、打碎、充分搅拌,2,中,A3 熟档案未写口径 + A4 同原料口径不一致,没写按生重还是熟重称量；该原料在不同食谱里既写过生重又写过熟重,补「熟重」；统一口径
设计器草稿,Lucky的最新兔肉食谱,南瓜,蔬菜类及制品,FOOD,COOKED,熟,去皮、去瓤、煮熟后称重、打碎、充分搅拌,2,中,A3 熟档案未写口径 + A4 同原料口径不一致,没写按生重还是熟重称量；该原料在不同食谱里既写过生重又写过熟重,补「熟重」；统一口径
设计器草稿,Lucky的最新兔肉食谱,南瓜,蔬菜类及制品,FOOD,COOKED,熟,去皮、去瓤、煮熟后称重、打碎、充分搅拌,2,中,A3 熟档案未写口径 + A4 同原料口径不一致,没写按生重还是熟重称量；该原料在不同食谱里既写过生重又写过熟重,补「熟重」；统一口径
设计器草稿,Lucky的最新兔肉食谱,南瓜,蔬菜类及制品,FOOD,COOKED,熟,去皮、去瓤、煮熟后称重、打碎、充分搅拌,2,中,A3 熟档案未写口径 + A4 同原料口径不一致,没写按生重还是熟重称量；该原料在不同食谱里既写过生重又写过熟重,补「熟重」；统一口径
设计器草稿,Lucky的最新兔肉食谱,西兰花,蔬菜类及制品,FOOD,COOKED,熟,打碎、静置30分钟、焯水沥干、称重、充分搅拌,3,中,B5 非标准词 + A3 熟档案未写口径 + A4 同原料口径不一致,自由文本：焯水沥干 / 称重；没写按生重还是熟重称量；该原料在不同食谱里既写过生重又写过熟重,归入受控词表或补进字典；补「熟重」；统一口径
设计器草稿,Lucky的最新兔肉食谱,红薯,薯类及制品,FOOD,COOKED,熟,去皮、煮熟后称重、打碎、充分搅拌,2,中,A3 熟档案未写口径 + A4 同原料口径不一致,没写按生重还是熟重称量；该原料在不同食谱里既写过生重又写过熟重,补「熟重」；统一口径
设计器草稿,Lucky的最新兔肉食谱,西兰花,蔬菜类及制品,FOOD,COOKED,熟,打碎、静置30分钟、焯水沥干、称重、充分搅拌,3,中,B5 非标准词 + A3 熟档案未写口径 + A4 同原料口径不一致,自由文本：焯水沥干 / 称重；没写按生重还是熟重称量；该原料在不同食谱里既写过生重又写过熟重,归入受控词表或补进字典；补「熟重」；统一口径
设计器草稿,Lucky的最新兔肉食谱,西兰花,蔬菜类及制品,FOOD,COOKED,熟,打碎、静置30分钟、焯水沥干、称重、充分搅拌,3,中,B5 非标准词 + A3 熟档案未写口径 + A4 同原料口径不一致,自由文本：焯水沥干 / 称重；没写按生重还是熟重称量；该原料在不同食谱里既写过生重又写过熟重,归入受控词表或补进字典；补「熟重」；统一口径
设计器草稿,Lucky的最新兔肉食谱,西兰花,蔬菜类及制品,FOOD,COOKED,熟,打碎、静置30分钟、焯水沥干、称重、充分搅拌,3,中,B5 非标准词 + A3 熟档案未写口径 + A4 同原料口径不一致,自由文本：焯水沥干 / 称重；没写按生重还是熟重称量；该原料在不同食谱里既写过生重又写过熟重,归入受控词表或补进字典；补「熟重」；统一口径
设计器草稿,Lucky的最新兔肉食谱,糙米,谷类及制品,FOOD,COOKED,熟,煮熟后称重、充分搅拌,2,中,A3 熟档案未写口径 + A4 同原料口径不一致,没写按生重还是熟重称量；该原料在不同食谱里既写过生重又写过熟重,补「熟重」；统一口径
设计器草稿,Lucky的最新兔肉食谱,西兰花,蔬菜类及制品,FOOD,COOKED,熟,打碎、静置30分钟、焯水沥干、称重、充分搅拌,3,中,B5 非标准词 + A3 熟档案未写口径 + A4 同原料口径不一致,自由文本：焯水沥干 / 称重；没写按生重还是熟重称量；该原料在不同食谱里既写过生重又写过熟重,归入受控词表或补进字典；补「熟重」；统一口径
设计器草稿,Lucky的最新兔肉食谱,糙米,谷类及制品,FOOD,COOKED,熟,煮熟后称重、充分搅拌,2,中,A3 熟档案未写口径 + A4 同原料口径不一致,没写按生重还是熟重称量；该原料在不同食谱里既写过生重又写过熟重,补「熟重」；统一口径
设计器草稿,Lucky的最新兔肉食谱,糙米,谷类及制品,FOOD,COOKED,熟,煮熟后称重、充分搅拌,2,中,A3 熟档案未写口径 + A4 同原料口径不一致,没写按生重还是熟重称量；该原料在不同食谱里既写过生重又写过熟重,补「熟重」；统一口径
设计器草稿,Lucky的最新兔肉食谱,糙米,谷类及制品,FOOD,COOKED,熟,煮熟后称重、充分搅拌,2,中,A3 熟档案未写口径 + A4 同原料口径不一致,没写按生重还是熟重称量；该原料在不同食谱里既写过生重又写过熟重,补「熟重」；统一口径
设计器草稿,Lucky的最新兔肉食谱,西兰花,蔬菜类及制品,FOOD,COOKED,熟,打碎、静置30分钟、焯水沥干、称重、充分搅拌,3,中,B5 非标准词 + A3 熟档案未写口径 + A4 同原料口径不一致,自由文本：焯水沥干 / 称重；没写按生重还是熟重称量；该原料在不同食谱里既写过生重又写过熟重,归入受控词表或补进字典；补「熟重」；统一口径
设计器草稿,Lumi 的鲜食食谱 08/01,糙米,谷类及制品,FOOD,COOKED,熟,煮熟后称重、充分搅拌,2,中,A3 熟档案未写口径 + A4 同原料口径不一致,没写按生重还是熟重称量；该原料在不同食谱里既写过生重又写过熟重,补「熟重」；统一口径
设计器草稿,Lumi 的鲜食食谱 08/01,红薯,薯类及制品,FOOD,RAW,生,去皮、生重、打碎、充分搅拌,1,中,A4 同原料口径不一致,该原料在不同食谱里既写过生重又写过熟重,统一口径
设计器草稿,Lumi 的鲜食食谱 08/01,胡萝卜,蔬菜类及制品,FOOD,RAW,生,生重、打碎、充分搅拌,1,中,A4 同原料口径不一致,该原料在不同食谱里既写过生重又写过熟重,统一口径
设计器草稿,Lumi 的鲜食食谱 08/01,西兰花,蔬菜类及制品,FOOD,RAW,生,生重、打碎、充分搅拌,1,中,A4 同原料口径不一致,该原料在不同食谱里既写过生重又写过熟重,统一口径
设计器草稿,Mallow 的鲜食食谱 07/02,猪肝,畜肉类及制品,FOOD,RAW,生,去油、生重、焯水、打碎、充分搅拌,1,中,A2b 生档案却写熟制步骤,档案用生数据，步骤却含焯水/蒸煮,确认是口径写错还是档案选错
设计器草稿,Mallow 的鲜食食谱 07/02,生蚝,水产类,FOOD,RAW,生,去壳、生重、焯水、打碎、充分搅拌,1,中,A2b 生档案却写熟制步骤,档案用生数据，步骤却含焯水/蒸煮,确认是口径写错还是档案选错
设计器草稿,Mallow 的鲜食食谱 07/02,生菜,蔬菜类及制品,FOOD,RAW,生,生重、焯水、打碎、充分搅拌,1,中,A2b 生档案却写熟制步骤,档案用生数据，步骤却含焯水/蒸煮,确认是口径写错还是档案选错
设计器草稿,Mallow 的鲜食食谱 07/02,花椰菜,蔬菜类及制品,FOOD,RAW,生,去老梗、焯水后称重、打碎、充分搅拌,2,中,B5 非标准词 + A2b 生档案却写熟制步骤,自由文本：焯水后称重；档案用生数据，步骤却含焯水/蒸煮,归入受控词表或补进字典；确认是口径写错还是档案选错
设计器草稿,Seven 的测试食谱,南瓜,蔬菜类及制品,FOOD,COOKED,熟,去瓤、去皮、煮熟后沥水、称重、打碎、充分搅拌,3,中,B5 非标准词 + A3 熟档案未写口径 + A4 同原料口径不一致,自由文本：煮熟后沥水 / 称重；没写按生重还是熟重称量；该原料在不同食谱里既写过生重又写过熟重,归入受控词表或补进字典；补「熟重」；统一口径
设计器草稿,Seven 的测试食谱,南瓜,蔬菜类及制品,FOOD,COOKED,熟,去瓤、去皮、煮熟后沥水、称重、打碎、充分搅拌,3,中,B5 非标准词 + A3 熟档案未写口径 + A4 同原料口径不一致,自由文本：煮熟后沥水 / 称重；没写按生重还是熟重称量；该原料在不同食谱里既写过生重又写过熟重,归入受控词表或补进字典；补「熟重」；统一口径
设计器草稿,Seven 的测试食谱,燕麦,谷类及制品,FOOD,DRIED,干,无添加即食燕麦、打碎、充分搅拌,2,中,B6 商品属性写进步骤 + B5 非标准词,这些片段不是厨房动作，而是商品属性：无添加即食燕麦；自由文本：无添加即食燕麦,移到原料规格/备注，不放在制备说明；归入受控词表或补进字典
设计器草稿,Seven 的测试食谱,燕麦,谷类及制品,FOOD,DRIED,干,无添加即食燕麦、打碎、充分搅拌,2,中,B6 商品属性写进步骤 + B5 非标准词,这些片段不是厨房动作，而是商品属性：无添加即食燕麦；自由文本：无添加即食燕麦,移到原料规格/备注，不放在制备说明；归入受控词表或补进字典
设计器草稿,Seven 的测试食谱 副本,南瓜,蔬菜类及制品,FOOD,COOKED,熟,去瓤、去皮、煮熟后沥水、称重、打碎、充分搅拌,3,中,B5 非标准词 + A3 熟档案未写口径 + A4 同原料口径不一致,自由文本：煮熟后沥水 / 称重；没写按生重还是熟重称量；该原料在不同食谱里既写过生重又写过熟重,归入受控词表或补进字典；补「熟重」；统一口径
设计器草稿,Seven 的测试食谱 副本,燕麦,谷类及制品,FOOD,DRIED,干,无添加即食燕麦、打碎、充分搅拌,2,中,B6 商品属性写进步骤 + B5 非标准词,这些片段不是厨房动作，而是商品属性：无添加即食燕麦；自由文本：无添加即食燕麦,移到原料规格/备注，不放在制备说明；归入受控词表或补进字典
设计器草稿,TT 的鲜食食谱 06/28,胡萝卜,蔬菜类及制品,FOOD,RAW,生,留皮、生重、打碎、充分搅拌,1,中,A4 同原料口径不一致,该原料在不同食谱里既写过生重又写过熟重,统一口径
设计器草稿,TT 的鲜食食谱 07/05,小米,谷类及制品,FOOD,COOKED,熟,煮熟后称重、充分搅拌,2,中,A3 熟档案未写口径 + A4 同原料口径不一致,没写按生重还是熟重称量；该原料在不同食谱里既写过生重又写过熟重,补「熟重」；统一口径
设计器草稿,TT 的鲜食食谱 07/05,红小豆,谷类及制品,FOOD,DRIED,干,生重、打碎、充分搅拌,2,中,C1b 干制品口径词不规范 + A4 同原料口径不一致,干制品宜用「干重」；该原料在不同食谱里既写过生重又写过熟重,口径词统一（需字典补「干重」）；统一口径
设计器草稿,TT 的鲜食食谱 07/05,西兰花,蔬菜类及制品,FOOD,RAW,生,打碎、静置30分钟、焯水沥干、称重、充分搅拌,3,中,B5 非标准词 + A2b 生档案却写熟制步骤 + A4 同原料口径不一致,自由文本：焯水沥干 / 称重；档案用生数据，步骤却含焯水/蒸煮；该原料在不同食谱里既写过生重又写过熟重,归入受控词表或补进字典；确认是口径写错还是档案选错；统一口径
设计器草稿,TT 的鲜食食谱 07/05,白萝卜,蔬菜类及制品,FOOD,RAW,生,去皮、生重、打碎、充分搅拌,1,中,A4 同原料口径不一致,该原料在不同食谱里既写过生重又写过熟重,统一口径
设计器草稿,乐乐 的鲜食食谱 07/16,西兰花,蔬菜类及制品,FOOD,RAW,生,打碎、静置30分钟、焯水沥干、称重、充分搅拌,3,中,B5 非标准词 + A2b 生档案却写熟制步骤 + A4 同原料口径不一致,自由文本：焯水沥干 / 称重；档案用生数据，步骤却含焯水/蒸煮；该原料在不同食谱里既写过生重又写过熟重,归入受控词表或补进字典；确认是口径写错还是档案选错；统一口径
设计器草稿,乐乐 的鲜食食谱 07/16,猪肝,畜肉类及制品,FOOD,RAW,生,去油、生重、焯水、打碎、充分搅拌,1,中,A2b 生档案却写熟制步骤,档案用生数据，步骤却含焯水/蒸煮,确认是口径写错还是档案选错
设计器草稿,乖乖 的鲜食食谱 08/25,西兰花,蔬菜类及制品,FOOD,RAW,生,打碎、静置30分钟、焯水沥干、称重、充分搅拌,3,中,B5 非标准词 + A2b 生档案却写熟制步骤 + A4 同原料口径不一致,自由文本：焯水沥干 / 称重；档案用生数据，步骤却含焯水/蒸煮；该原料在不同食谱里既写过生重又写过熟重,归入受控词表或补进字典；确认是口径写错还是档案选错；统一口径
设计器草稿,乖乖 的鲜食食谱 08/25,紫甘蓝,蔬菜类及制品,FOOD,RAW,生,生重、打碎、充分搅拌,1,中,A4 同原料口径不一致,该原料在不同食谱里既写过生重又写过熟重,统一口径
设计器草稿,兔300-lp DV,小米,谷类及制品,FOOD,RAW,生,生重、充分搅拌,1,中,A4 同原料口径不一致,该原料在不同食谱里既写过生重又写过熟重,统一口径
设计器草稿,兔300-lp DV,糙米,谷类及制品,FOOD,COOKED,熟,煮熟后称重、充分搅拌,2,中,A3 熟档案未写口径 + A4 同原料口径不一致,没写按生重还是熟重称量；该原料在不同食谱里既写过生重又写过熟重,补「熟重」；统一口径
设计器草稿,兔300-lp DV,小米,谷类及制品,FOOD,COOKED,熟,煮熟后称重、充分搅拌,2,中,A3 熟档案未写口径 + A4 同原料口径不一致,没写按生重还是熟重称量；该原料在不同食谱里既写过生重又写过熟重,补「熟重」；统一口径
设计器草稿,兔300-lp DV,大米,谷类及制品,FOOD,COOKED,熟,煮熟后称重、打碎、充分搅拌,1,中,A3 熟档案未写口径,没写按生重还是熟重称量,补「熟重」
设计器草稿,兔300-lp DV,胡萝卜,蔬菜类及制品,FOOD,RAW,生,生重、打碎、充分搅拌,1,中,A4 同原料口径不一致,该原料在不同食谱里既写过生重又写过熟重,统一口径
设计器草稿,兔300-lp DV,西兰花,蔬菜类及制品,FOOD,RAW,生,打碎、静置30分钟、焯水沥干、称重、充分搅拌,3,中,B5 非标准词 + A2b 生档案却写熟制步骤 + A4 同原料口径不一致,自由文本：焯水沥干 / 称重；档案用生数据，步骤却含焯水/蒸煮；该原料在不同食谱里既写过生重又写过熟重,归入受控词表或补进字典；确认是口径写错还是档案选错；统一口径
设计器草稿,兔300-lp DV,紫甘蓝,蔬菜类及制品,FOOD,RAW,生,生重、打碎、充分搅拌,1,中,A4 同原料口径不一致,该原料在不同食谱里既写过生重又写过熟重,统一口径
设计器草稿,兔肉食谱,猪肝,畜肉类及制品,FOOD,RAW,生,去油、生重、焯水、打碎、充分搅拌,1,中,A2b 生档案却写熟制步骤,档案用生数据，步骤却含焯水/蒸煮,确认是口径写错还是档案选错
设计器草稿,兔肉食谱,紫甘蓝,蔬菜类及制品,FOOD,RAW,生,生重、打碎、充分搅拌,1,中,A4 同原料口径不一致,该原料在不同食谱里既写过生重又写过熟重,统一口径
设计器草稿,兔肉食谱,南瓜,蔬菜类及制品,FOOD,RAW,生,去皮、去瓤、生重、打碎、充分搅拌,1,中,A4 同原料口径不一致,该原料在不同食谱里既写过生重又写过熟重,统一口径
设计器草稿,兔里脊大米土豆(小满),大米,谷类及制品,FOOD,COOKED,熟,煮熟后称重、打碎、充分搅拌,1,中,A3 熟档案未写口径,没写按生重还是熟重称量,补「熟重」
设计器草稿,兔里脊大米土豆(小满),大米,谷类及制品,FOOD,COOKED,熟,煮熟后称重、打碎、充分搅拌,1,中,A3 熟档案未写口径,没写按生重还是熟重称量,补「熟重」
设计器草稿,兔里脊大米土豆(小满),大米,谷类及制品,FOOD,COOKED,熟,煮熟后称重、打碎、充分搅拌,1,中,A3 熟档案未写口径,没写按生重还是熟重称量,补「熟重」
设计器草稿,兔里脊大米土豆(小满),土豆,薯类及制品,FOOD,COOKED,熟,去皮、煮熟后称重、打碎、充分搅拌,1,中,A3 熟档案未写口径,没写按生重还是熟重称量,补「熟重」
设计器草稿,兔里脊大米土豆(小满),土豆,薯类及制品,FOOD,COOKED,熟,去皮、煮熟后称重、打碎、充分搅拌,1,中,A3 熟档案未写口径,没写按生重还是熟重称量,补「熟重」
设计器草稿,兔里脊大米土豆(小满),土豆,薯类及制品,FOOD,COOKED,熟,去皮、煮熟后称重、打碎、充分搅拌,1,中,A3 熟档案未写口径,没写按生重还是熟重称量,补「熟重」
设计器草稿,兔里脊大米土豆(小满),南瓜,蔬菜类及制品,FOOD,COOKED,熟,去皮、去瓤、煮熟后称重、打碎、充分搅拌,2,中,A3 熟档案未写口径 + A4 同原料口径不一致,没写按生重还是熟重称量；该原料在不同食谱里既写过生重又写过熟重,补「熟重」；统一口径
设计器草稿,兔里脊大米土豆(小满),南瓜,蔬菜类及制品,FOOD,COOKED,熟,去皮、去瓤、煮熟后称重、打碎、充分搅拌,2,中,A3 熟档案未写口径 + A4 同原料口径不一致,没写按生重还是熟重称量；该原料在不同食谱里既写过生重又写过熟重,补「熟重」；统一口径
设计器草稿,兔里脊大米土豆(小满),南瓜,蔬菜类及制品,FOOD,COOKED,熟,去皮、去瓤、煮熟后称重、打碎、充分搅拌,2,中,A3 熟档案未写口径 + A4 同原料口径不一致,没写按生重还是熟重称量；该原料在不同食谱里既写过生重又写过熟重,补「熟重」；统一口径
设计器草稿,六六 的鲜食食谱 08/25,燕麦,谷类及制品,FOOD,DRIED,干,无添加即食燕麦、打碎、充分搅拌,2,中,B6 商品属性写进步骤 + B5 非标准词,这些片段不是厨房动作，而是商品属性：无添加即食燕麦；自由文本：无添加即食燕麦,移到原料规格/备注，不放在制备说明；归入受控词表或补进字典
设计器草稿,六六 的鲜食食谱 08/25,西兰花,蔬菜类及制品,FOOD,RAW,生,生重、打碎、充分搅拌,1,中,A4 同原料口径不一致,该原料在不同食谱里既写过生重又写过熟重,统一口径
设计器草稿,六六 的鲜食食谱 08/25,胡萝卜,蔬菜类及制品,FOOD,RAW,生,留皮、生重、打碎、充分搅拌,1,中,A4 同原料口径不一致,该原料在不同食谱里既写过生重又写过熟重,统一口径
设计器草稿,六六 的鲜食食谱 08/25,糙米,谷类及制品,FOOD,RAW,生,生重、打粉、充分搅拌,1,中,A4 同原料口径不一致,该原料在不同食谱里既写过生重又写过熟重,统一口径
设计器草稿,六六 的鲜食食谱 08/25,红薯,薯类及制品,FOOD,RAW,生,去皮、生重、打碎、充分搅拌,1,中,A4 同原料口径不一致,该原料在不同食谱里既写过生重又写过熟重,统一口径
设计器草稿,六六 的鲜食食谱 08/25,燕麦,谷类及制品,FOOD,DRIED,干,无添加即食燕麦、打碎、充分搅拌,2,中,B6 商品属性写进步骤 + B5 非标准词,这些片段不是厨房动作，而是商品属性：无添加即食燕麦；自由文本：无添加即食燕麦,移到原料规格/备注，不放在制备说明；归入受控词表或补进字典
设计器草稿,六六 的鲜食食谱 08/25,西兰花,蔬菜类及制品,FOOD,RAW,生,打碎、静置30分钟、焯水沥干、称重、充分搅拌,3,中,B5 非标准词 + A2b 生档案却写熟制步骤 + A4 同原料口径不一致,自由文本：焯水沥干 / 称重；档案用生数据，步骤却含焯水/蒸煮；该原料在不同食谱里既写过生重又写过熟重,归入受控词表或补进字典；确认是口径写错还是档案选错；统一口径
设计器草稿,创伤恢复+红胡子(牛肉版),糙米,谷类及制品,FOOD,COOKED,熟,煮熟后称重、充分搅拌,2,中,A3 熟档案未写口径 + A4 同原料口径不一致,没写按生重还是熟重称量；该原料在不同食谱里既写过生重又写过熟重,补「熟重」；统一口径
设计器草稿,创伤恢复+红胡子(牛肉版),小麦胚芽油,油脂类,FOOD,OIL,油脂,"dd27baa4-36cb-4405-9092-0eb37e6160fa, af4c8a9c-98bf-4f91-ab07-4927aae2c4c2",1,中,B1 机器码残留,文案存的是字典 ID（接口会解析成中文，不显示乱码），但存储形式脆弱：字典缺项就会异常，且会掩盖「无营养档案」等问题,按字典还原为标准词（18/19 可确定性还原）
设计器草稿,创伤恢复+红胡子(牛肉版),姜黄粉,调味品类,FOOD,POWDER,粉,"dd27baa4-36cb-4405-9092-0eb37e6160fa, af4c8a9c-98bf-4f91-ab07-4927aae2c4c2",1,中,B1 机器码残留,文案存的是字典 ID（接口会解析成中文，不显示乱码），但存储形式脆弱：字典缺项就会异常，且会掩盖「无营养档案」等问题,按字典还原为标准词（18/19 可确定性还原）
设计器草稿,创伤恢复+红胡子(牛肉版),食用盐,调味品类,FOOD,DRIED,干,"dd27baa4-36cb-4405-9092-0eb37e6160fa, af4c8a9c-98bf-4f91-ab07-4927aae2c4c2",1,中,B1 机器码残留,文案存的是字典 ID（接口会解析成中文，不显示乱码），但存储形式脆弱：字典缺项就会异常，且会掩盖「无营养档案」等问题,按字典还原为标准词（18/19 可确定性还原）
设计器草稿,创伤恢复+红胡子(牛肉版),鸡蛋壳粉,乳类及制品,SUPPLEMENT,CONCENTRATE,浓缩补剂,"dd27baa4-36cb-4405-9092-0eb37e6160fa, af4c8a9c-98bf-4f91-ab07-4927aae2c4c2",1,中,B1 机器码残留,文案存的是字典 ID（接口会解析成中文，不显示乱码），但存储形式脆弱：字典缺项就会异常，且会掩盖「无营养档案」等问题,按字典还原为标准词（18/19 可确定性还原）
设计器草稿,创伤恢复+红胡子(牛肉版),葡萄糖酸锌片,乳类及制品,SUPPLEMENT,CONCENTRATE,浓缩补剂,"df60590f-a697-4897-ab08-1322e2287268, af4c8a9c-98bf-4f91-ab07-4927aae2c4c2",1,中,B1 机器码残留,文案存的是字典 ID（接口会解析成中文，不显示乱码），但存储形式脆弱：字典缺项就会异常，且会掩盖「无营养档案」等问题,按字典还原为标准词（18/19 可确定性还原）
设计器草稿,创伤恢复+红胡子(牛肉版),海藻粉,乳类及制品,SUPPLEMENT,CONCENTRATE,浓缩补剂,af4c8a9c-98bf-4f91-ab07-4927aae2c4c2,1,中,B1 机器码残留,文案存的是字典 ID（接口会解析成中文，不显示乱码），但存储形式脆弱：字典缺项就会异常，且会掩盖「无营养档案」等问题,按字典还原为标准词（18/19 可确定性还原）
设计器草稿,初一 的鲜食食谱 07/24,胡萝卜,蔬菜类及制品,FOOD,COOKED,熟,煮熟后称重、打碎、充分搅拌,2,中,A3 熟档案未写口径 + A4 同原料口径不一致,没写按生重还是熟重称量；该原料在不同食谱里既写过生重又写过熟重,补「熟重」；统一口径
设计器草稿,十六 的鲜食食谱 08/10,西兰花,蔬菜类及制品,FOOD,RAW,生,打碎、静置30分钟、焯水沥干、称重、充分搅拌,3,中,B5 非标准词 + A2b 生档案却写熟制步骤 + A4 同原料口径不一致,自由文本：焯水沥干 / 称重；档案用生数据，步骤却含焯水/蒸煮；该原料在不同食谱里既写过生重又写过熟重,归入受控词表或补进字典；确认是口径写错还是档案选错；统一口径
设计器草稿,十字花科全谷物三文鱼鸡肉,糙米,谷类及制品,FOOD,COOKED,熟,煮熟后称重、充分搅拌,2,中,A3 熟档案未写口径 + A4 同原料口径不一致,没写按生重还是熟重称量；该原料在不同食谱里既写过生重又写过熟重,补「熟重」；统一口径
设计器草稿,十字花科全谷物三文鱼鸡肉,糙米,谷类及制品,FOOD,COOKED,熟,煮熟后称重、充分搅拌,2,中,A3 熟档案未写口径 + A4 同原料口径不一致,没写按生重还是熟重称量；该原料在不同食谱里既写过生重又写过熟重,补「熟重」；统一口径
设计器草稿,十字花科全谷物三文鱼鸡肉,糙米,谷类及制品,FOOD,COOKED,熟,煮熟后称重、充分搅拌,2,中,A3 熟档案未写口径 + A4 同原料口径不一致,没写按生重还是熟重称量；该原料在不同食谱里既写过生重又写过熟重,补「熟重」；统一口径
设计器草稿,十字花科全谷物三文鱼鸡肉,西兰花,蔬菜类及制品,FOOD,RAW,生,生重、打碎、静置30分钟、充分搅拌,1,中,A4 同原料口径不一致,该原料在不同食谱里既写过生重又写过熟重,统一口径
设计器草稿,十字花科全谷物三文鱼鸡肉,西兰花,蔬菜类及制品,FOOD,RAW,生,生重、打碎、静置30分钟、充分搅拌,1,中,A4 同原料口径不一致,该原料在不同食谱里既写过生重又写过熟重,统一口径
设计器草稿,十字花科全谷物三文鱼鸡肉,糙米,谷类及制品,FOOD,COOKED,熟,煮熟后称重、充分搅拌,2,中,A3 熟档案未写口径 + A4 同原料口径不一致,没写按生重还是熟重称量；该原料在不同食谱里既写过生重又写过熟重,补「熟重」；统一口径
设计器草稿,十字花科全谷物三文鱼鸡肉,糙米,谷类及制品,FOOD,COOKED,熟,煮熟后称重、充分搅拌,2,中,A3 熟档案未写口径 + A4 同原料口径不一致,没写按生重还是熟重称量；该原料在不同食谱里既写过生重又写过熟重,补「熟重」；统一口径
设计器草稿,十字花科全谷物三文鱼鸡肉,糙米,谷类及制品,FOOD,COOKED,熟,煮熟后称重、充分搅拌,2,中,A3 熟档案未写口径 + A4 同原料口径不一致,没写按生重还是熟重称量；该原料在不同食谱里既写过生重又写过熟重,补「熟重」；统一口径
设计器草稿,十字花科全谷物三文鱼鸡肉,糙米,谷类及制品,FOOD,COOKED,熟,煮熟后称重、充分搅拌,2,中,A3 熟档案未写口径 + A4 同原料口径不一致,没写按生重还是熟重称量；该原料在不同食谱里既写过生重又写过熟重,补「熟重」；统一口径
设计器草稿,十字花科全谷物三文鱼鸡肉,糙米,谷类及制品,FOOD,COOKED,熟,煮熟后称重、充分搅拌,2,中,A3 熟档案未写口径 + A4 同原料口径不一致,没写按生重还是熟重称量；该原料在不同食谱里既写过生重又写过熟重,补「熟重」；统一口径
设计器草稿,十字花科全谷物三文鱼鸡肉,西兰花,蔬菜类及制品,FOOD,RAW,生,生重、打碎、静置30分钟、充分搅拌,1,中,A4 同原料口径不一致,该原料在不同食谱里既写过生重又写过熟重,统一口径
设计器草稿,十字花科全谷物三文鱼鸡肉,糙米,谷类及制品,FOOD,COOKED,熟,煮熟后称重、充分搅拌,2,中,A3 熟档案未写口径 + A4 同原料口径不一致,没写按生重还是熟重称量；该原料在不同食谱里既写过生重又写过熟重,补「熟重」；统一口径
设计器草稿,十字花科全谷物三文鱼鸡肉,西兰花,蔬菜类及制品,FOOD,RAW,生,生重、打碎、静置30分钟、充分搅拌,1,中,A4 同原料口径不一致,该原料在不同食谱里既写过生重又写过熟重,统一口径
设计器草稿,十字花科全谷物三文鱼鸡肉,糙米,谷类及制品,FOOD,COOKED,熟,煮熟后称重、充分搅拌,2,中,A3 熟档案未写口径 + A4 同原料口径不一致,没写按生重还是熟重称量；该原料在不同食谱里既写过生重又写过熟重,补「熟重」；统一口径
设计器草稿,十字花科全谷物三文鱼鸡肉,糙米,谷类及制品,FOOD,COOKED,熟,煮熟后称重、充分搅拌,2,中,A3 熟档案未写口径 + A4 同原料口径不一致,没写按生重还是熟重称量；该原料在不同食谱里既写过生重又写过熟重,补「熟重」；统一口径
设计器草稿,十字花科全谷物三文鱼鸡肉,白萝卜,蔬菜类及制品,FOOD,RAW,生,生重、打碎、静置30分钟、充分搅拌,1,中,A4 同原料口径不一致,该原料在不同食谱里既写过生重又写过熟重,统一口径
设计器草稿,十字花科全谷物三文鱼鸡肉,白萝卜,蔬菜类及制品,FOOD,RAW,生,生重、打碎、静置30分钟、充分搅拌,1,中,A4 同原料口径不一致,该原料在不同食谱里既写过生重又写过熟重,统一口径
设计器草稿,十字花科全谷物三文鱼鸡肉,白萝卜,蔬菜类及制品,FOOD,RAW,生,生重、打碎、静置30分钟、充分搅拌,1,中,A4 同原料口径不一致,该原料在不同食谱里既写过生重又写过熟重,统一口径
设计器草稿,十字花科全谷物三文鱼鸡肉,白萝卜,蔬菜类及制品,FOOD,RAW,生,生重、打碎、静置30分钟、充分搅拌,1,中,A4 同原料口径不一致,该原料在不同食谱里既写过生重又写过熟重,统一口径
设计器草稿,十字花科全谷物三文鱼鸡肉,红小豆,谷类及制品,FOOD,DRIED,干,浸泡12小时、煮熟后称重、打碎、充分搅拌,1,中,A4 同原料口径不一致,该原料在不同食谱里既写过生重又写过熟重,统一口径
设计器草稿,十字花科全谷物三文鱼鸡肉,红小豆,谷类及制品,FOOD,DRIED,干,浸泡12小时、煮熟后称重、打碎、充分搅拌,1,中,A4 同原料口径不一致,该原料在不同食谱里既写过生重又写过熟重,统一口径
设计器草稿,十字花科全谷物三文鱼鸡肉,红小豆,谷类及制品,FOOD,DRIED,干,浸泡12小时、煮熟后称重、打碎、充分搅拌,1,中,A4 同原料口径不一致,该原料在不同食谱里既写过生重又写过熟重,统一口径
设计器草稿,十字花科全谷物三文鱼鸡肉,红小豆,谷类及制品,FOOD,DRIED,干,浸泡12小时、煮熟后称重、打碎、充分搅拌,1,中,A4 同原料口径不一致,该原料在不同食谱里既写过生重又写过熟重,统一口径
设计器草稿,十字花科全谷物三文鱼鸡肉 修订,西兰花,蔬菜类及制品,FOOD,RAW,生,生重、打碎、静置30分钟、充分搅拌,1,中,A4 同原料口径不一致,该原料在不同食谱里既写过生重又写过熟重,统一口径
设计器草稿,十字花科全谷物三文鱼鸡肉 修订,白萝卜,蔬菜类及制品,FOOD,RAW,生,生重、打碎、静置30分钟、充分搅拌,1,中,A4 同原料口径不一致,该原料在不同食谱里既写过生重又写过熟重,统一口径
设计器草稿,十字花科全谷物三文鱼鸡肉 修订,红小豆,谷类及制品,FOOD,DRIED,干,浸泡12小时、煮熟后称重、打碎、充分搅拌,1,中,A4 同原料口径不一致,该原料在不同食谱里既写过生重又写过熟重,统一口径
设计器草稿,哈子 的鲜食食谱 08/18,西兰花,蔬菜类及制品,FOOD,RAW,生,打碎、静置30分钟、焯水沥干、称重、充分搅拌,3,中,B5 非标准词 + A2b 生档案却写熟制步骤 + A4 同原料口径不一致,自由文本：焯水沥干 / 称重；档案用生数据，步骤却含焯水/蒸煮；该原料在不同食谱里既写过生重又写过熟重,归入受控词表或补进字典；确认是口径写错还是档案选错；统一口径
设计器草稿,嗨皮 的鲜食食谱 08/01,菠菜,蔬菜类及制品,FOOD,COOKED,熟,焯水、沥干后称重、打碎、充分搅拌,1,中,A3 熟档案未写口径,没写按生重还是熟重称量,补「熟重」
设计器草稿,嗨皮 的鲜食食谱 08/01,胡萝卜,蔬菜类及制品,FOOD,RAW,生,去皮、生重、打碎、充分搅拌,1,中,A4 同原料口径不一致,该原料在不同食谱里既写过生重又写过熟重,统一口径
设计器草稿,嗨皮 的鲜食食谱 08/01,燕麦,谷类及制品,FOOD,DRIED,干,无添加即食燕麦、打碎、充分搅拌,2,中,B6 商品属性写进步骤 + B5 非标准词,这些片段不是厨房动作，而是商品属性：无添加即食燕麦；自由文本：无添加即食燕麦,移到原料规格/备注，不放在制备说明；归入受控词表或补进字典
设计器草稿,嗨皮 的鲜食食谱 08/01,大米,谷类及制品,FOOD,COOKED,熟,煮熟后称重、打碎、充分搅拌,1,中,A3 熟档案未写口径,没写按生重还是熟重称量,补「熟重」
设计器草稿,土豆大米兔,大米,谷类及制品,FOOD,COOKED,熟,煮熟后称重、打碎、充分搅拌,1,中,A3 熟档案未写口径,没写按生重还是熟重称量,补「熟重」
设计器草稿,土豆大米兔,土豆,薯类及制品,FOOD,COOKED,熟,去皮、煮熟后称重、打碎、充分搅拌,1,中,A3 熟档案未写口径,没写按生重还是熟重称量,补「熟重」
设计器草稿,土豆大米兔,西葫芦,蔬菜类及制品,FOOD,COOKED,熟,煮熟后称重、打碎、充分搅拌,1,中,A3 熟档案未写口径,没写按生重还是熟重称量,补「熟重」
设计器草稿,大米南瓜鸡胸兔里脊,南瓜,蔬菜类及制品,FOOD,RAW,生,去皮、去瓤、生重、打碎、充分搅拌,1,中,A4 同原料口径不一致,该原料在不同食谱里既写过生重又写过熟重,统一口径
设计器草稿,大米南瓜鸡胸兔里脊,南瓜,蔬菜类及制品,FOOD,RAW,生,去皮、去瓤、生重、打碎、充分搅拌,1,中,A4 同原料口径不一致,该原料在不同食谱里既写过生重又写过熟重,统一口径
设计器草稿,大米南瓜鸡胸兔里脊,南瓜,蔬菜类及制品,FOOD,RAW,生,去皮、去瓤、生重、打碎、充分搅拌,1,中,A4 同原料口径不一致,该原料在不同食谱里既写过生重又写过熟重,统一口径
设计器草稿,大米南瓜鸡胸兔里脊,南瓜,蔬菜类及制品,FOOD,RAW,生,去皮、去瓤、生重、打碎、充分搅拌,1,中,A4 同原料口径不一致,该原料在不同食谱里既写过生重又写过熟重,统一口径
设计器草稿,大米南瓜鸡胸兔里脊,南瓜,蔬菜类及制品,FOOD,RAW,生,去皮、去瓤、生重、打碎、充分搅拌,1,中,A4 同原料口径不一致,该原料在不同食谱里既写过生重又写过熟重,统一口径
设计器草稿,大米南瓜鸡胸兔里脊,红甜椒,蔬菜类及制品,FOOD,RAW,生,去瓤、生重、打碎、充分搅拌,1,中,A4 同原料口径不一致,该原料在不同食谱里既写过生重又写过熟重,统一口径
设计器草稿,大米南瓜鸡胸兔里脊,红甜椒,蔬菜类及制品,FOOD,RAW,生,去瓤、生重、打碎、充分搅拌,1,中,A4 同原料口径不一致,该原料在不同食谱里既写过生重又写过熟重,统一口径
设计器草稿,大米南瓜鸡胸兔里脊,红甜椒,蔬菜类及制品,FOOD,RAW,生,去瓤、生重、打碎、充分搅拌,1,中,A4 同原料口径不一致,该原料在不同食谱里既写过生重又写过熟重,统一口径
设计器草稿,大米南瓜鸡胸兔里脊,红甜椒,蔬菜类及制品,FOOD,RAW,生,去瓤、生重、打碎、充分搅拌,1,中,A4 同原料口径不一致,该原料在不同食谱里既写过生重又写过熟重,统一口径
设计器草稿,大米南瓜鸡胸兔里脊,红甜椒,蔬菜类及制品,FOOD,RAW,生,去瓤、生重、打碎、充分搅拌,1,中,A4 同原料口径不一致,该原料在不同食谱里既写过生重又写过熟重,统一口径
设计器草稿,大米燕麦三文鱼兔里脊,大米,谷类及制品,FOOD,COOKED,熟,煮熟后称重、打碎、充分搅拌,1,中,A3 熟档案未写口径,没写按生重还是熟重称量,补「熟重」
设计器草稿,大米燕麦三文鱼兔里脊,大米,谷类及制品,FOOD,COOKED,熟,煮熟后称重、打碎、充分搅拌,1,中,A3 熟档案未写口径,没写按生重还是熟重称量,补「熟重」
设计器草稿,大米燕麦三文鱼兔里脊,大米,谷类及制品,FOOD,COOKED,熟,煮熟后称重、打碎、充分搅拌,1,中,A3 熟档案未写口径,没写按生重还是熟重称量,补「熟重」
设计器草稿,大米燕麦三文鱼兔里脊,南瓜,蔬菜类及制品,FOOD,COOKED,熟,去皮、去瓤、煮熟后称重、充分搅拌,2,中,A3 熟档案未写口径 + A4 同原料口径不一致,没写按生重还是熟重称量；该原料在不同食谱里既写过生重又写过熟重,补「熟重」；统一口径
设计器草稿,大米燕麦三文鱼兔里脊,南瓜,蔬菜类及制品,FOOD,COOKED,熟,去皮、去瓤、煮熟后称重、充分搅拌,2,中,A3 熟档案未写口径 + A4 同原料口径不一致,没写按生重还是熟重称量；该原料在不同食谱里既写过生重又写过熟重,补「熟重」；统一口径
设计器草稿,大米燕麦三文鱼兔里脊,南瓜,蔬菜类及制品,FOOD,COOKED,熟,去皮、去瓤、煮熟后称重、充分搅拌,2,中,A3 熟档案未写口径 + A4 同原料口径不一致,没写按生重还是熟重称量；该原料在不同食谱里既写过生重又写过熟重,补「熟重」；统一口径
设计器草稿,大米燕麦三文鱼兔里脊,红薯,薯类及制品,FOOD,COOKED,熟,去皮、煮熟后称重、打碎、充分搅拌,2,中,A3 熟档案未写口径 + A4 同原料口径不一致,没写按生重还是熟重称量；该原料在不同食谱里既写过生重又写过熟重,补「熟重」；统一口径
设计器草稿,大米燕麦三文鱼兔里脊,西兰花,蔬菜类及制品,FOOD,RAW,生,生重、打碎、充分搅拌,1,中,A4 同原料口径不一致,该原料在不同食谱里既写过生重又写过熟重,统一口径
设计器草稿,大米燕麦三文鱼兔里脊,红薯,薯类及制品,FOOD,COOKED,熟,去皮、煮熟后称重、打碎、充分搅拌,2,中,A3 熟档案未写口径 + A4 同原料口径不一致,没写按生重还是熟重称量；该原料在不同食谱里既写过生重又写过熟重,补「熟重」；统一口径
设计器草稿,大米燕麦三文鱼兔里脊,胡萝卜,蔬菜类及制品,FOOD,COOKED,熟,煮熟后称重、打碎、充分搅拌,2,中,A3 熟档案未写口径 + A4 同原料口径不一致,没写按生重还是熟重称量；该原料在不同食谱里既写过生重又写过熟重,补「熟重」；统一口径
设计器草稿,大米红薯兔里脊,大米,谷类及制品,FOOD,COOKED,熟,煮熟后称重、打碎、充分搅拌,1,中,A3 熟档案未写口径,没写按生重还是熟重称量,补「熟重」
设计器草稿,大米红薯兔里脊,大米,谷类及制品,FOOD,COOKED,熟,煮熟后称重、打碎、充分搅拌,1,中,A3 熟档案未写口径,没写按生重还是熟重称量,补「熟重」
设计器草稿,大米红薯兔里脊,大米,谷类及制品,FOOD,COOKED,熟,煮熟后称重、打碎、充分搅拌,1,中,A3 熟档案未写口径,没写按生重还是熟重称量,补「熟重」
设计器草稿,大米红薯兔里脊,西兰花,蔬菜类及制品,FOOD,COOKED,熟,打碎、静置30分钟、焯水沥干、称重、充分搅拌,3,中,B5 非标准词 + A3 熟档案未写口径 + A4 同原料口径不一致,自由文本：焯水沥干 / 称重；没写按生重还是熟重称量；该原料在不同食谱里既写过生重又写过熟重,归入受控词表或补进字典；补「熟重」；统一口径
设计器草稿,大米红薯兔里脊,西兰花,蔬菜类及制品,FOOD,COOKED,熟,打碎、静置30分钟、焯水沥干、称重、充分搅拌,3,中,B5 非标准词 + A3 熟档案未写口径 + A4 同原料口径不一致,自由文本：焯水沥干 / 称重；没写按生重还是熟重称量；该原料在不同食谱里既写过生重又写过熟重,归入受控词表或补进字典；补「熟重」；统一口径
设计器草稿,大米红薯兔里脊,西兰花,蔬菜类及制品,FOOD,COOKED,熟,打碎、静置30分钟、焯水沥干、称重、充分搅拌,3,中,B5 非标准词 + A3 熟档案未写口径 + A4 同原料口径不一致,自由文本：焯水沥干 / 称重；没写按生重还是熟重称量；该原料在不同食谱里既写过生重又写过熟重,归入受控词表或补进字典；补「熟重」；统一口径
设计器草稿,太阳 的鲜食食谱 06/17,南瓜,蔬菜类及制品,FOOD,RAW,生,去皮、去瓤、生重、打碎、充分搅拌,1,中,A4 同原料口径不一致,该原料在不同食谱里既写过生重又写过熟重,统一口径
设计器草稿,好久 的鲜食食谱 06/15,上海青,蔬菜类及制品,FOOD,RAW,生,水煮或焯水后沥干、称重、打碎、充分搅拌,2,中,B5 非标准词 + A2b 生档案却写熟制步骤,自由文本：水煮或焯水后沥干 / 称重；档案用生数据，步骤却含焯水/蒸煮,归入受控词表或补进字典；确认是口径写错还是档案选错
设计器草稿,好久 的鲜食食谱 06/15,亚麻籽,坚果种子类,FOOD,DRIED,干,打粉后充分搅拌,1,中,B5 非标准词,自由文本：打粉后充分搅拌,归入受控词表或补进字典
设计器草稿,好久 的鲜食食谱 09/06,西兰花,蔬菜类及制品,FOOD,RAW,生,打碎、静置30分钟、焯水沥干、称重、充分搅拌,3,中,B5 非标准词 + A2b 生档案却写熟制步骤 + A4 同原料口径不一致,自由文本：焯水沥干 / 称重；档案用生数据，步骤却含焯水/蒸煮；该原料在不同食谱里既写过生重又写过熟重,归入受控词表或补进字典；确认是口径写错还是档案选错；统一口径
设计器草稿,宾宾 的鲜食食谱 09/15,红甜椒,蔬菜类及制品,FOOD,RAW,生,去瓤、生重、打碎、充分搅拌,1,中,A4 同原料口径不一致,该原料在不同食谱里既写过生重又写过熟重,统一口径
设计器草稿,小斗 的鲜食食谱 08/12,胡萝卜,蔬菜类及制品,FOOD,COOKED,熟,煮熟后称重、打碎、充分搅拌,2,中,A3 熟档案未写口径 + A4 同原料口径不一致,没写按生重还是熟重称量；该原料在不同食谱里既写过生重又写过熟重,补「熟重」；统一口径
设计器草稿,小斗 的鲜食食谱 08/12,紫甘蓝,蔬菜类及制品,FOOD,RAW,生,生重、打碎、充分搅拌,1,中,A4 同原料口径不一致,该原料在不同食谱里既写过生重又写过熟重,统一口径
设计器草稿,小瓜 的鲜食食谱 07/02,菠菜,蔬菜类及制品,FOOD,COOKED,熟,焯水、沥干后称重、打碎、充分搅拌,1,中,A3 熟档案未写口径,没写按生重还是熟重称量,补「熟重」
设计器草稿,小瓜 的鲜食食谱 07/02,亚麻籽,坚果种子类,FOOD,DRIED,干,打粉后充分搅拌,1,中,B5 非标准词,自由文本：打粉后充分搅拌,归入受控词表或补进字典
设计器草稿,小瓜 的鲜食食谱 07/15,芦笋,蔬菜类及制品,FOOD,COOKED,熟,去皮、煮熟后称重、打碎、充分搅拌,1,中,A3 熟档案未写口径,没写按生重还是熟重称量,补「熟重」
设计器草稿,小瓜 的鲜食食谱 07/15,燕麦,谷类及制品,FOOD,DRIED,干,无添加即食燕麦、打碎、充分搅拌,2,中,B6 商品属性写进步骤 + B5 非标准词,这些片段不是厨房动作，而是商品属性：无添加即食燕麦；自由文本：无添加即食燕麦,移到原料规格/备注，不放在制备说明；归入受控词表或补进字典
设计器草稿,小米三文鱼猪里脊(幺鸡),小米,谷类及制品,FOOD,COOKED,熟,煮熟后称重、充分搅拌,2,中,A3 熟档案未写口径 + A4 同原料口径不一致,没写按生重还是熟重称量；该原料在不同食谱里既写过生重又写过熟重,补「熟重」；统一口径
设计器草稿,小米三文鱼猪里脊(幺鸡),小米,谷类及制品,FOOD,COOKED,熟,煮熟后称重、充分搅拌,2,中,A3 熟档案未写口径 + A4 同原料口径不一致,没写按生重还是熟重称量；该原料在不同食谱里既写过生重又写过熟重,补「熟重」；统一口径
设计器草稿,小米三文鱼猪里脊(幺鸡),小米,谷类及制品,FOOD,COOKED,熟,煮熟后称重、充分搅拌,2,中,A3 熟档案未写口径 + A4 同原料口径不一致,没写按生重还是熟重称量；该原料在不同食谱里既写过生重又写过熟重,补「熟重」；统一口径
设计器草稿,小米三文鱼猪里脊(幺鸡),胡萝卜,蔬菜类及制品,FOOD,COOKED,熟,煮熟后称重、打碎、充分搅拌,2,中,A3 熟档案未写口径 + A4 同原料口径不一致,没写按生重还是熟重称量；该原料在不同食谱里既写过生重又写过熟重,补「熟重」；统一口径
设计器草稿,小米三文鱼猪里脊(幺鸡),胡萝卜,蔬菜类及制品,FOOD,COOKED,熟,煮熟后称重、打碎、充分搅拌,2,中,A3 熟档案未写口径 + A4 同原料口径不一致,没写按生重还是熟重称量；该原料在不同食谱里既写过生重又写过熟重,补「熟重」；统一口径
设计器草稿,小米三文鱼猪里脊(幺鸡),胡萝卜,蔬菜类及制品,FOOD,COOKED,熟,煮熟后称重、打碎、充分搅拌,2,中,A3 熟档案未写口径 + A4 同原料口径不一致,没写按生重还是熟重称量；该原料在不同食谱里既写过生重又写过熟重,补「熟重」；统一口径
设计器草稿,小米三文鱼猪里脊(幺鸡) 低能量需求成年犬（95ME）副本,小米,谷类及制品,FOOD,COOKED,熟,煮熟后称重、充分搅拌,2,中,A3 熟档案未写口径 + A4 同原料口径不一致,没写按生重还是熟重称量；该原料在不同食谱里既写过生重又写过熟重,补「熟重」；统一口径
设计器草稿,小米三文鱼猪里脊(幺鸡) 低能量需求成年犬（95ME）副本,胡萝卜,蔬菜类及制品,FOOD,COOKED,熟,煮熟后称重、打碎、充分搅拌,2,中,A3 熟档案未写口径 + A4 同原料口径不一致,没写按生重还是熟重称量；该原料在不同食谱里既写过生重又写过熟重,补「熟重」；统一口径
设计器草稿,小米山药猪肉,猪肝,畜肉类及制品,FOOD,RAW,生,去油、生重、焯水、打碎、充分搅拌,1,中,A2b 生档案却写熟制步骤,档案用生数据，步骤却含焯水/蒸煮,确认是口径写错还是档案选错
设计器草稿,小米山药猪肉,猪肝,畜肉类及制品,FOOD,RAW,生,去油、生重、焯水、打碎、充分搅拌,1,中,A2b 生档案却写熟制步骤,档案用生数据，步骤却含焯水/蒸煮,确认是口径写错还是档案选错
设计器草稿,小米山药猪肉,猪肝,畜肉类及制品,FOOD,RAW,生,去油、生重、焯水、打碎、充分搅拌,1,中,A2b 生档案却写熟制步骤,档案用生数据，步骤却含焯水/蒸煮,确认是口径写错还是档案选错
设计器草稿,小米山药猪肉,猪肝,畜肉类及制品,FOOD,RAW,生,去油、生重、焯水、打碎、充分搅拌,1,中,A2b 生档案却写熟制步骤,档案用生数据，步骤却含焯水/蒸煮,确认是口径写错还是档案选错
设计器草稿,小米山药猪肉,猪肝,畜肉类及制品,FOOD,RAW,生,去油、生重、焯水、打碎、充分搅拌,1,中,A2b 生档案却写熟制步骤,档案用生数据，步骤却含焯水/蒸煮,确认是口径写错还是档案选错
设计器草稿,小米山药猪肉,生蚝,水产类,FOOD,RAW,生,去壳、生重、焯水、打碎、充分搅拌,1,中,A2b 生档案却写熟制步骤,档案用生数据，步骤却含焯水/蒸煮,确认是口径写错还是档案选错
设计器草稿,小米山药猪肉,生蚝,水产类,FOOD,RAW,生,去壳、生重、焯水、打碎、充分搅拌,1,中,A2b 生档案却写熟制步骤,档案用生数据，步骤却含焯水/蒸煮,确认是口径写错还是档案选错
设计器草稿,小米山药猪肉,生蚝,水产类,FOOD,RAW,生,去壳、生重、焯水、打碎、充分搅拌,1,中,A2b 生档案却写熟制步骤,档案用生数据，步骤却含焯水/蒸煮,确认是口径写错还是档案选错
设计器草稿,小米山药猪肉,生蚝,水产类,FOOD,RAW,生,去壳、生重、焯水、打碎、充分搅拌,1,中,A2b 生档案却写熟制步骤,档案用生数据，步骤却含焯水/蒸煮,确认是口径写错还是档案选错
设计器草稿,小米山药猪肉,生蚝,水产类,FOOD,RAW,生,去壳、生重、焯水、打碎、充分搅拌,1,中,A2b 生档案却写熟制步骤,档案用生数据，步骤却含焯水/蒸煮,确认是口径写错还是档案选错
设计器草稿,小米山药猪肉,生菜,蔬菜类及制品,FOOD,RAW,生,生重、焯水、打碎、充分搅拌,1,中,A2b 生档案却写熟制步骤,档案用生数据，步骤却含焯水/蒸煮,确认是口径写错还是档案选错
设计器草稿,小米山药猪肉,生菜,蔬菜类及制品,FOOD,RAW,生,生重、焯水、打碎、充分搅拌,1,中,A2b 生档案却写熟制步骤,档案用生数据，步骤却含焯水/蒸煮,确认是口径写错还是档案选错
设计器草稿,小米山药猪肉,生菜,蔬菜类及制品,FOOD,RAW,生,生重、焯水、打碎、充分搅拌,1,中,A2b 生档案却写熟制步骤,档案用生数据，步骤却含焯水/蒸煮,确认是口径写错还是档案选错
设计器草稿,小米山药猪肉,生菜,蔬菜类及制品,FOOD,RAW,生,生重、焯水、打碎、充分搅拌,1,中,A2b 生档案却写熟制步骤,档案用生数据，步骤却含焯水/蒸煮,确认是口径写错还是档案选错
设计器草稿,小米山药猪肉,生菜,蔬菜类及制品,FOOD,RAW,生,生重、焯水、打碎、充分搅拌,1,中,A2b 生档案却写熟制步骤,档案用生数据，步骤却含焯水/蒸煮,确认是口径写错还是档案选错
设计器草稿,小米山药猪肉,花椰菜,蔬菜类及制品,FOOD,RAW,生,去老梗、焯水后称重、打碎、充分搅拌,2,中,B5 非标准词 + A2b 生档案却写熟制步骤,自由文本：焯水后称重；档案用生数据，步骤却含焯水/蒸煮,归入受控词表或补进字典；确认是口径写错还是档案选错
设计器草稿,小米山药猪肉,花椰菜,蔬菜类及制品,FOOD,RAW,生,去老梗、焯水后称重、打碎、充分搅拌,2,中,B5 非标准词 + A2b 生档案却写熟制步骤,自由文本：焯水后称重；档案用生数据，步骤却含焯水/蒸煮,归入受控词表或补进字典；确认是口径写错还是档案选错
设计器草稿,小米山药猪肉,花椰菜,蔬菜类及制品,FOOD,RAW,生,去老梗、焯水后称重、打碎、充分搅拌,2,中,B5 非标准词 + A2b 生档案却写熟制步骤,自由文本：焯水后称重；档案用生数据，步骤却含焯水/蒸煮,归入受控词表或补进字典；确认是口径写错还是档案选错
设计器草稿,小米山药猪肉,花椰菜,蔬菜类及制品,FOOD,RAW,生,去老梗、焯水后称重、打碎、充分搅拌,2,中,B5 非标准词 + A2b 生档案却写熟制步骤,自由文本：焯水后称重；档案用生数据，步骤却含焯水/蒸煮,归入受控词表或补进字典；确认是口径写错还是档案选错
设计器草稿,小米山药猪肉,花椰菜,蔬菜类及制品,FOOD,RAW,生,去老梗、焯水后称重、打碎、充分搅拌,2,中,B5 非标准词 + A2b 生档案却写熟制步骤,自由文本：焯水后称重；档案用生数据，步骤却含焯水/蒸煮,归入受控词表或补进字典；确认是口径写错还是档案选错
设计器草稿,小米红豆兔里脊火鸡胸,小米,谷类及制品,FOOD,RAW,生,生重、充分搅拌,1,中,A4 同原料口径不一致,该原料在不同食谱里既写过生重又写过熟重,统一口径
设计器草稿,小米红豆兔里脊火鸡胸,小米,谷类及制品,FOOD,RAW,生,生重、充分搅拌,1,中,A4 同原料口径不一致,该原料在不同食谱里既写过生重又写过熟重,统一口径
设计器草稿,小米红豆兔里脊火鸡胸,小米,谷类及制品,FOOD,RAW,生,生重、充分搅拌,1,中,A4 同原料口径不一致,该原料在不同食谱里既写过生重又写过熟重,统一口径
设计器草稿,小米红豆兔里脊火鸡胸,小米,谷类及制品,FOOD,RAW,生,生重、充分搅拌,1,中,A4 同原料口径不一致,该原料在不同食谱里既写过生重又写过熟重,统一口径
设计器草稿,小米红豆兔里脊火鸡胸,小米,谷类及制品,FOOD,RAW,生,生重、充分搅拌,1,中,A4 同原料口径不一致,该原料在不同食谱里既写过生重又写过熟重,统一口径
设计器草稿,小米红豆兔里脊火鸡胸,红小豆,谷类及制品,FOOD,DRIED,干,生重、打碎、充分搅拌,2,中,C1b 干制品口径词不规范 + A4 同原料口径不一致,干制品宜用「干重」；该原料在不同食谱里既写过生重又写过熟重,口径词统一（需字典补「干重」）；统一口径
设计器草稿,小米红豆兔里脊火鸡胸,红小豆,谷类及制品,FOOD,DRIED,干,生重、打碎、充分搅拌,2,中,C1b 干制品口径词不规范 + A4 同原料口径不一致,干制品宜用「干重」；该原料在不同食谱里既写过生重又写过熟重,口径词统一（需字典补「干重」）；统一口径
设计器草稿,小米红豆兔里脊火鸡胸,红小豆,谷类及制品,FOOD,DRIED,干,生重、打碎、充分搅拌,2,中,C1b 干制品口径词不规范 + A4 同原料口径不一致,干制品宜用「干重」；该原料在不同食谱里既写过生重又写过熟重,口径词统一（需字典补「干重」）；统一口径
设计器草稿,小米红豆兔里脊火鸡胸,红小豆,谷类及制品,FOOD,DRIED,干,生重、打碎、充分搅拌,2,中,C1b 干制品口径词不规范 + A4 同原料口径不一致,干制品宜用「干重」；该原料在不同食谱里既写过生重又写过熟重,口径词统一（需字典补「干重」）；统一口径
设计器草稿,小米红豆兔里脊火鸡胸,红小豆,谷类及制品,FOOD,DRIED,干,生重、打碎、充分搅拌,2,中,C1b 干制品口径词不规范 + A4 同原料口径不一致,干制品宜用「干重」；该原料在不同食谱里既写过生重又写过熟重,口径词统一（需字典补「干重」）；统一口径
设计器草稿,小米红豆兔里脊火鸡胸,南瓜,蔬菜类及制品,FOOD,RAW,生,去皮、去瓤、生重、打碎、充分搅拌,1,中,A4 同原料口径不一致,该原料在不同食谱里既写过生重又写过熟重,统一口径
设计器草稿,小米红豆兔里脊火鸡胸,南瓜,蔬菜类及制品,FOOD,RAW,生,去皮、去瓤、生重、打碎、充分搅拌,1,中,A4 同原料口径不一致,该原料在不同食谱里既写过生重又写过熟重,统一口径
设计器草稿,小米红豆兔里脊火鸡胸,南瓜,蔬菜类及制品,FOOD,RAW,生,去皮、去瓤、生重、打碎、充分搅拌,1,中,A4 同原料口径不一致,该原料在不同食谱里既写过生重又写过熟重,统一口径
设计器草稿,小米红豆兔里脊火鸡胸,南瓜,蔬菜类及制品,FOOD,RAW,生,去皮、去瓤、生重、打碎、充分搅拌,1,中,A4 同原料口径不一致,该原料在不同食谱里既写过生重又写过熟重,统一口径
设计器草稿,小米红豆兔里脊火鸡胸,南瓜,蔬菜类及制品,FOOD,RAW,生,去皮、去瓤、生重、打碎、充分搅拌,1,中,A4 同原料口径不一致,该原料在不同食谱里既写过生重又写过熟重,统一口径
设计器草稿,小米红豆兔里脊火鸡胸,胡萝卜,蔬菜类及制品,FOOD,RAW,生,留皮、生重、打碎、充分搅拌,1,中,A4 同原料口径不一致,该原料在不同食谱里既写过生重又写过熟重,统一口径
设计器草稿,小米红豆兔里脊火鸡胸,胡萝卜,蔬菜类及制品,FOOD,RAW,生,留皮、生重、打碎、充分搅拌,1,中,A4 同原料口径不一致,该原料在不同食谱里既写过生重又写过熟重,统一口径
设计器草稿,小米红豆兔里脊火鸡胸,胡萝卜,蔬菜类及制品,FOOD,RAW,生,留皮、生重、打碎、充分搅拌,1,中,A4 同原料口径不一致,该原料在不同食谱里既写过生重又写过熟重,统一口径
设计器草稿,小米红豆兔里脊火鸡胸,胡萝卜,蔬菜类及制品,FOOD,RAW,生,留皮、生重、打碎、充分搅拌,1,中,A4 同原料口径不一致,该原料在不同食谱里既写过生重又写过熟重,统一口径
设计器草稿,小米红豆兔里脊火鸡胸,胡萝卜,蔬菜类及制品,FOOD,RAW,生,留皮、生重、打碎、充分搅拌,1,中,A4 同原料口径不一致,该原料在不同食谱里既写过生重又写过熟重,统一口径
设计器草稿,小米鳕鱼鸡胸,小米,谷类及制品,FOOD,RAW,生,生重、打碎、充分搅拌,1,中,A4 同原料口径不一致,该原料在不同食谱里既写过生重又写过熟重,统一口径
设计器草稿,小米鳕鱼鸡胸,小米,谷类及制品,FOOD,RAW,生,生重、打碎、充分搅拌,1,中,A4 同原料口径不一致,该原料在不同食谱里既写过生重又写过熟重,统一口径
设计器草稿,小米鳕鱼鸡胸,小米,谷类及制品,FOOD,RAW,生,生重、打碎、充分搅拌,1,中,A4 同原料口径不一致,该原料在不同食谱里既写过生重又写过熟重,统一口径
设计器草稿,小米鳕鱼鸡胸,红薯,薯类及制品,FOOD,RAW,生,去皮、生重、打碎、充分搅拌,1,中,A4 同原料口径不一致,该原料在不同食谱里既写过生重又写过熟重,统一口径
设计器草稿,小米鳕鱼鸡胸,红薯,薯类及制品,FOOD,RAW,生,去皮、生重、打碎、充分搅拌,1,中,A4 同原料口径不一致,该原料在不同食谱里既写过生重又写过熟重,统一口径
设计器草稿,小米鳕鱼鸡胸,红薯,薯类及制品,FOOD,RAW,生,去皮、生重、打碎、充分搅拌,1,中,A4 同原料口径不一致,该原料在不同食谱里既写过生重又写过熟重,统一口径
设计器草稿,小米鳕鱼鸡胸,秋葵,蔬菜类及制品,FOOD,RAW,生,生重、打碎、充分搅拌,1,中,A4 同原料口径不一致,该原料在不同食谱里既写过生重又写过熟重,统一口径
设计器草稿,小米鳕鱼鸡胸,秋葵,蔬菜类及制品,FOOD,RAW,生,生重、打碎、充分搅拌,1,中,A4 同原料口径不一致,该原料在不同食谱里既写过生重又写过熟重,统一口径
设计器草稿,小米鳕鱼鸡胸,秋葵,蔬菜类及制品,FOOD,RAW,生,生重、打碎、充分搅拌,1,中,A4 同原料口径不一致,该原料在不同食谱里既写过生重又写过熟重,统一口径
设计器草稿,小米鳕鱼鸡胸,秋葵,蔬菜类及制品,FOOD,RAW,生,生重、打碎、充分搅拌,1,中,A4 同原料口径不一致,该原料在不同食谱里既写过生重又写过熟重,统一口径
设计器草稿,小米鳕鱼鸡胸,秋葵,蔬菜类及制品,FOOD,RAW,生,生重、打碎、充分搅拌,1,中,A4 同原料口径不一致,该原料在不同食谱里既写过生重又写过熟重,统一口径
设计器草稿,小米鳕鱼鸡胸,秋葵,蔬菜类及制品,FOOD,RAW,生,生重、打碎、充分搅拌,1,中,A4 同原料口径不一致,该原料在不同食谱里既写过生重又写过熟重,统一口径
设计器草稿,小米鳕鱼鸡胸,秋葵,蔬菜类及制品,FOOD,RAW,生,生重、打碎、充分搅拌,1,中,A4 同原料口径不一致,该原料在不同食谱里既写过生重又写过熟重,统一口径
设计器草稿,小豆 的鲜食食谱 08/27,糙米,谷类及制品,FOOD,COOKED,熟,煮熟后称重、静置30分钟、打碎、充分搅拌,2,中,A3 熟档案未写口径 + A4 同原料口径不一致,没写按生重还是熟重称量；该原料在不同食谱里既写过生重又写过熟重,补「熟重」；统一口径
设计器草稿,小豆 的鲜食食谱 08/27,南瓜,蔬菜类及制品,FOOD,COOKED,熟,去瓤、留皮、煮熟后称重、静置30分钟、打碎、充分搅拌,2,中,A3 熟档案未写口径 + A4 同原料口径不一致,没写按生重还是熟重称量；该原料在不同食谱里既写过生重又写过熟重,补「熟重」；统一口径
设计器草稿,小豆 的鲜食食谱 08/27,西兰花,蔬菜类及制品,FOOD,RAW,生,生重、打碎、静置30分钟、充分搅拌,1,中,A4 同原料口径不一致,该原料在不同食谱里既写过生重又写过熟重,统一口径
设计器草稿,小豆 的鲜食食谱 08/27,绿豆芽,蔬菜类及制品,FOOD,RAW,生,生重、打碎、充分搅拌,1,中,A4 同原料口径不一致,该原料在不同食谱里既写过生重又写过熟重,统一口径
设计器草稿,小豆 的鲜食食谱 08/27,白萝卜,蔬菜类及制品,FOOD,RAW,生,生重、打碎、静置30分钟、充分搅拌,1,中,A4 同原料口径不一致,该原料在不同食谱里既写过生重又写过熟重,统一口径
设计器草稿,小豆 的鲜食食谱 08/27,红小豆,谷类及制品,FOOD,COOKED,熟,浸泡12小时、煮熟后称重、打碎、充分搅拌,2,中,A3 熟档案未写口径 + A4 同原料口径不一致,没写按生重还是熟重称量；该原料在不同食谱里既写过生重又写过熟重,补「熟重」；统一口径
设计器草稿,小豆 的鲜食食谱 08/27,红薯,薯类及制品,FOOD,RAW,生,去皮、生重、打碎、充分搅拌,1,中,A4 同原料口径不一致,该原料在不同食谱里既写过生重又写过熟重,统一口径
设计器草稿,小豆 的鲜食食谱 08/27,胡萝卜,蔬菜类及制品,FOOD,RAW,生,生重、打碎、充分搅拌,1,中,A4 同原料口径不一致,该原料在不同食谱里既写过生重又写过熟重,统一口径
设计器草稿,小豆 的鲜食食谱 08/29,西兰花,蔬菜类及制品,FOOD,RAW,生,生重、打碎、充分搅拌,1,中,A4 同原料口径不一致,该原料在不同食谱里既写过生重又写过熟重,统一口径
设计器草稿,小豆 的鲜食食谱 08/29,秋葵,蔬菜类及制品,FOOD,RAW,生,生重、打碎、充分搅拌,1,中,A4 同原料口径不一致,该原料在不同食谱里既写过生重又写过熟重,统一口径
设计器草稿,小豆 的鲜食食谱 08/29,秋葵,蔬菜类及制品,FOOD,RAW,生,生重、打碎、充分搅拌,1,中,A4 同原料口径不一致,该原料在不同食谱里既写过生重又写过熟重,统一口径
设计器草稿,小豆 的鲜食食谱 08/29,红甜椒,蔬菜类及制品,FOOD,RAW,生,去瓤、生重、打碎、充分搅拌,1,中,A4 同原料口径不一致,该原料在不同食谱里既写过生重又写过熟重,统一口径
设计器草稿,小豆 的鲜食食谱 08/29,藜麦,谷类及制品,FOOD,RAW,生,生重、打粉、充分搅拌,1,中,A4 同原料口径不一致,该原料在不同食谱里既写过生重又写过熟重,统一口径
设计器草稿,山药 辅食,小米,谷类及制品,FOOD,COOKED,熟,煮熟后称重、充分搅拌,2,中,A3 熟档案未写口径 + A4 同原料口径不一致,没写按生重还是熟重称量；该原料在不同食谱里既写过生重又写过熟重,补「熟重」；统一口径
设计器草稿,山药 辅食,胡萝卜,蔬菜类及制品,FOOD,RAW,生,生重、打碎、充分搅拌,1,中,A4 同原料口径不一致,该原料在不同食谱里既写过生重又写过熟重,统一口径
设计器草稿,山药 辅食,白萝卜,蔬菜类及制品,FOOD,RAW,生,去皮、生重、打碎、充分搅拌,1,中,A4 同原料口径不一致,该原料在不同食谱里既写过生重又写过熟重,统一口径
设计器草稿,山药 辅食,西兰花,蔬菜类及制品,FOOD,RAW,生,打碎、静置30分钟、焯水沥干、称重、充分搅拌,3,中,B5 非标准词 + A2b 生档案却写熟制步骤 + A4 同原料口径不一致,自由文本：焯水沥干 / 称重；档案用生数据，步骤却含焯水/蒸煮；该原料在不同食谱里既写过生重又写过熟重,归入受控词表或补进字典；确认是口径写错还是档案选错；统一口径
设计器草稿,山药 辅食,紫甘蓝,蔬菜类及制品,FOOD,RAW,生,生重、打碎、充分搅拌,1,中,A4 同原料口径不一致,该原料在不同食谱里既写过生重又写过熟重,统一口径
设计器草稿,布丁定制食谱,西兰花,蔬菜类及制品,FOOD,COOKED,熟,打碎、静置30分钟、焯水沥干、称重、充分搅拌,3,中,B5 非标准词 + A3 熟档案未写口径 + A4 同原料口径不一致,自由文本：焯水沥干 / 称重；没写按生重还是熟重称量；该原料在不同食谱里既写过生重又写过熟重,归入受控词表或补进字典；补「熟重」；统一口径
设计器草稿,布丁定制食谱,西兰花,蔬菜类及制品,FOOD,COOKED,熟,打碎、静置30分钟、焯水沥干、称重、充分搅拌,3,中,B5 非标准词 + A3 熟档案未写口径 + A4 同原料口径不一致,自由文本：焯水沥干 / 称重；没写按生重还是熟重称量；该原料在不同食谱里既写过生重又写过熟重,归入受控词表或补进字典；补「熟重」；统一口径
设计器草稿,布丁定制食谱,西兰花,蔬菜类及制品,FOOD,RAW,生,打碎、静置30分钟、焯水沥干、称重、充分搅拌,3,中,B5 非标准词 + A2b 生档案却写熟制步骤 + A4 同原料口径不一致,自由文本：焯水沥干 / 称重；档案用生数据，步骤却含焯水/蒸煮；该原料在不同食谱里既写过生重又写过熟重,归入受控词表或补进字典；确认是口径写错还是档案选错；统一口径
设计器草稿,布丁定制食谱,西兰花,蔬菜类及制品,FOOD,COOKED,熟,打碎、静置30分钟、焯水沥干、称重、充分搅拌,3,中,B5 非标准词 + A3 熟档案未写口径 + A4 同原料口径不一致,自由文本：焯水沥干 / 称重；没写按生重还是熟重称量；该原料在不同食谱里既写过生重又写过熟重,归入受控词表或补进字典；补「熟重」；统一口径
设计器草稿,布丁定制食谱,西兰花,蔬菜类及制品,FOOD,COOKED,熟,打碎、静置30分钟、焯水沥干、称重、充分搅拌,3,中,B5 非标准词 + A3 熟档案未写口径 + A4 同原料口径不一致,自由文本：焯水沥干 / 称重；没写按生重还是熟重称量；该原料在不同食谱里既写过生重又写过熟重,归入受控词表或补进字典；补「熟重」；统一口径
设计器草稿,布丁定制食谱,胡萝卜,蔬菜类及制品,FOOD,COOKED,熟,煮熟后称重、打碎、充分搅拌,2,中,A3 熟档案未写口径 + A4 同原料口径不一致,没写按生重还是熟重称量；该原料在不同食谱里既写过生重又写过熟重,补「熟重」；统一口径
设计器草稿,布丁定制食谱,胡萝卜,蔬菜类及制品,FOOD,COOKED,熟,煮熟后称重、打碎、充分搅拌,2,中,A3 熟档案未写口径 + A4 同原料口径不一致,没写按生重还是熟重称量；该原料在不同食谱里既写过生重又写过熟重,补「熟重」；统一口径
设计器草稿,布丁定制食谱,南瓜,蔬菜类及制品,FOOD,COOKED,熟,去皮、去瓤、煮熟后称重、打碎、充分搅拌,2,中,A3 熟档案未写口径 + A4 同原料口径不一致,没写按生重还是熟重称量；该原料在不同食谱里既写过生重又写过熟重,补「熟重」；统一口径
设计器草稿,布丁定制食谱,胡萝卜,蔬菜类及制品,FOOD,COOKED,熟,煮熟后称重、打碎、充分搅拌,2,中,A3 熟档案未写口径 + A4 同原料口径不一致,没写按生重还是熟重称量；该原料在不同食谱里既写过生重又写过熟重,补「熟重」；统一口径
设计器草稿,布丁定制食谱,南瓜,蔬菜类及制品,FOOD,COOKED,熟,去皮、去瓤、煮熟后称重、打碎、充分搅拌,2,中,A3 熟档案未写口径 + A4 同原料口径不一致,没写按生重还是熟重称量；该原料在不同食谱里既写过生重又写过熟重,补「熟重」；统一口径
设计器草稿,布丁定制食谱,胡萝卜,蔬菜类及制品,FOOD,COOKED,熟,煮熟后称重、打碎、充分搅拌,2,中,A3 熟档案未写口径 + A4 同原料口径不一致,没写按生重还是熟重称量；该原料在不同食谱里既写过生重又写过熟重,补「熟重」；统一口径
设计器草稿,布丁定制食谱,南瓜,蔬菜类及制品,FOOD,COOKED,熟,去皮、去瓤、煮熟后称重、打碎、充分搅拌,2,中,A3 熟档案未写口径 + A4 同原料口径不一致,没写按生重还是熟重称量；该原料在不同食谱里既写过生重又写过熟重,补「熟重」；统一口径
设计器草稿,布丁定制食谱,南瓜,蔬菜类及制品,FOOD,COOKED,熟,去皮、去瓤、煮熟后称重、打碎、充分搅拌,2,中,A3 熟档案未写口径 + A4 同原料口径不一致,没写按生重还是熟重称量；该原料在不同食谱里既写过生重又写过熟重,补「熟重」；统一口径
设计器草稿,帽帽 的鲜食食谱 07/10,西兰花,蔬菜类及制品,FOOD,RAW,生,打碎、静置30分钟、焯水沥干、称重、充分搅拌,3,中,B5 非标准词 + A2b 生档案却写熟制步骤 + A4 同原料口径不一致,自由文本：焯水沥干 / 称重；档案用生数据，步骤却含焯水/蒸煮；该原料在不同食谱里既写过生重又写过熟重,归入受控词表或补进字典；确认是口径写错还是档案选错；统一口径
设计器草稿,帽帽 的鲜食食谱 07/10,燕麦,谷类及制品,FOOD,DRIED,干,无添加即食燕麦、打碎、充分搅拌,2,中,B6 商品属性写进步骤 + B5 非标准词,这些片段不是厨房动作，而是商品属性：无添加即食燕麦；自由文本：无添加即食燕麦,移到原料规格/备注，不放在制备说明；归入受控词表或补进字典
设计器草稿,排敏：鸡肉7.2-7.6,上海青,蔬菜类及制品,FOOD,COOKED,熟,水煮或焯水后沥干、称重、打碎、充分搅拌,2,中,B5 非标准词 + A3 熟档案未写口径,自由文本：水煮或焯水后沥干 / 称重；没写按生重还是熟重称量,归入受控词表或补进字典；补「熟重」
设计器草稿,杂粮三文鱼猪肉,红甜椒,蔬菜类及制品,FOOD,RAW,生,去瓤、生重、打碎、充分搅拌,1,中,A4 同原料口径不一致,该原料在不同食谱里既写过生重又写过熟重,统一口径
设计器草稿,杂粮三文鱼猪肉,红甜椒,蔬菜类及制品,FOOD,RAW,生,去瓤、生重、打碎、充分搅拌,1,中,A4 同原料口径不一致,该原料在不同食谱里既写过生重又写过熟重,统一口径
设计器草稿,杂粮三文鱼猪肉,红甜椒,蔬菜类及制品,FOOD,RAW,生,去瓤、生重、打碎、充分搅拌,1,中,A4 同原料口径不一致,该原料在不同食谱里既写过生重又写过熟重,统一口径
设计器草稿,杂粮三文鱼猪肉,红甜椒,蔬菜类及制品,FOOD,RAW,生,去瓤、生重、打碎、充分搅拌,1,中,A4 同原料口径不一致,该原料在不同食谱里既写过生重又写过熟重,统一口径
设计器草稿,杂粮三文鱼猪肉,红甜椒,蔬菜类及制品,FOOD,RAW,生,去瓤、生重、打碎、充分搅拌,1,中,A4 同原料口径不一致,该原料在不同食谱里既写过生重又写过熟重,统一口径
设计器草稿,杂粮三文鱼猪肉,红甜椒,蔬菜类及制品,FOOD,RAW,生,去瓤、生重、打碎、充分搅拌,1,中,A4 同原料口径不一致,该原料在不同食谱里既写过生重又写过熟重,统一口径
设计器草稿,李皮皮 的鲜食食谱 07/02,西葫芦,蔬菜类及制品,FOOD,COOKED,熟,煮熟后称重、打碎、充分搅拌,1,中,A3 熟档案未写口径,没写按生重还是熟重称量,补「熟重」
设计器草稿,杠铃 的鲜食食谱 07/25,上海青,蔬菜类及制品,FOOD,COOKED,熟,水煮或焯水后沥干、称重、打碎、充分搅拌,2,中,B5 非标准词 + A3 熟档案未写口径,自由文本：水煮或焯水后沥干 / 称重；没写按生重还是熟重称量,归入受控词表或补进字典；补「熟重」
设计器草稿,杠铃 的鲜食食谱 07/25,胡萝卜,蔬菜类及制品,FOOD,RAW,生,生重、打碎、充分搅拌,1,中,A4 同原料口径不一致,该原料在不同食谱里既写过生重又写过熟重,统一口径
设计器草稿,来福 的鲜食食谱 08/06,南瓜,蔬菜类及制品,FOOD,RAW,生,去皮、去瓤、生重、打碎、充分搅拌,1,中,A4 同原料口径不一致,该原料在不同食谱里既写过生重又写过熟重,统一口径
设计器草稿,来福 的鲜食食谱 08/06,花椰菜,蔬菜类及制品,FOOD,RAW,生,去老梗、焯水后称重、打碎、充分搅拌,2,中,B5 非标准词 + A2b 生档案却写熟制步骤,自由文本：焯水后称重；档案用生数据，步骤却含焯水/蒸煮,归入受控词表或补进字典；确认是口径写错还是档案选错
设计器草稿,来福 的鲜食食谱 08/06,秋葵,蔬菜类及制品,FOOD,RAW,生,生重、打碎、充分搅拌,1,中,A4 同原料口径不一致,该原料在不同食谱里既写过生重又写过熟重,统一口径
设计器草稿,来福 的鲜食食谱 08/06,红甜椒,蔬菜类及制品,FOOD,RAW,生,去瓤、生重、打碎、充分搅拌,1,中,A4 同原料口径不一致,该原料在不同食谱里既写过生重又写过熟重,统一口径
设计器草稿,柠檬茶 的鲜食食谱 09/06,小米,谷类及制品,FOOD,RAW,生,生重、打碎、充分搅拌,1,中,A4 同原料口径不一致,该原料在不同食谱里既写过生重又写过熟重,统一口径
设计器草稿,柠檬茶 的鲜食食谱 09/06,南瓜,蔬菜类及制品,FOOD,RAW,生,去皮、去瓤、生重、打碎、充分搅拌,1,中,A4 同原料口径不一致,该原料在不同食谱里既写过生重又写过熟重,统一口径
设计器草稿,柠檬茶 的鲜食食谱 09/06,红甜椒,蔬菜类及制品,FOOD,RAW,生,去瓤、生重、打碎、充分搅拌,1,中,A4 同原料口径不一致,该原料在不同食谱里既写过生重又写过熟重,统一口径
设计器草稿,柠檬茶 的鲜食食谱 09/09,小米,谷类及制品,FOOD,RAW,生,生重、充分搅拌,1,中,A4 同原料口径不一致,该原料在不同食谱里既写过生重又写过熟重,统一口径
设计器草稿,柠檬茶 的鲜食食谱 09/09,南瓜,蔬菜类及制品,FOOD,RAW,生,去皮、去瓤、生重、打碎、充分搅拌,1,中,A4 同原料口径不一致,该原料在不同食谱里既写过生重又写过熟重,统一口径
设计器草稿,桑迪 的鲜食食谱 07/25,胡萝卜,蔬菜类及制品,FOOD,RAW,生,生重、打碎、充分搅拌,1,中,A4 同原料口径不一致,该原料在不同食谱里既写过生重又写过熟重,统一口径
设计器草稿,桑迪 的鲜食食谱 07/25,秋葵,蔬菜类及制品,FOOD,RAW,生,生重、打碎、充分搅拌,1,中,A4 同原料口径不一致,该原料在不同食谱里既写过生重又写过熟重,统一口径
设计器草稿,桑迪 的鲜食食谱 07/25,紫甘蓝,蔬菜类及制品,FOOD,RAW,生,生重、打碎、充分搅拌,1,中,A4 同原料口径不一致,该原料在不同食谱里既写过生重又写过熟重,统一口径
设计器草稿,灿灿 的鲜食食谱 08/17,糙米,谷类及制品,FOOD,COOKED,熟,煮熟后称重、打碎、充分搅拌,2,中,A3 熟档案未写口径 + A4 同原料口径不一致,没写按生重还是熟重称量；该原料在不同食谱里既写过生重又写过熟重,补「熟重」；统一口径
设计器草稿,灿灿 的鲜食食谱 08/17,南瓜,蔬菜类及制品,FOOD,RAW,生,去皮、去瓤、生重、打碎、充分搅拌,1,中,A4 同原料口径不一致,该原料在不同食谱里既写过生重又写过熟重,统一口径
设计器草稿,灿灿 的鲜食食谱 08/17,亚麻籽,坚果种子类,FOOD,DRIED,干,打粉后充分搅拌,1,中,B5 非标准词,自由文本：打粉后充分搅拌,归入受控词表或补进字典
设计器草稿,燕麦三文鱼猪肉,南瓜,蔬菜类及制品,FOOD,RAW,生,去皮、去瓤、生重、打碎、充分搅拌,1,中,A4 同原料口径不一致,该原料在不同食谱里既写过生重又写过熟重,统一口径
设计器草稿,燕麦三文鱼猪肉,南瓜,蔬菜类及制品,FOOD,RAW,生,去皮、去瓤、生重、打碎、充分搅拌,1,中,A4 同原料口径不一致,该原料在不同食谱里既写过生重又写过熟重,统一口径
设计器草稿,燕麦三文鱼猪肉,南瓜,蔬菜类及制品,FOOD,RAW,生,去皮、去瓤、生重、打碎、充分搅拌,1,中,A4 同原料口径不一致,该原料在不同食谱里既写过生重又写过熟重,统一口径
设计器草稿,燕麦三文鱼猪肉,南瓜,蔬菜类及制品,FOOD,RAW,生,去皮、去瓤、生重、打碎、充分搅拌,1,中,A4 同原料口径不一致,该原料在不同食谱里既写过生重又写过熟重,统一口径
设计器草稿,燕麦三文鱼猪肉,南瓜,蔬菜类及制品,FOOD,RAW,生,去皮、去瓤、生重、打碎、充分搅拌,1,中,A4 同原料口径不一致,该原料在不同食谱里既写过生重又写过熟重,统一口径
设计器草稿,燕麦三文鱼猪肉,红甜椒,蔬菜类及制品,FOOD,RAW,生,去瓤、生重、打碎、充分搅拌,1,中,A4 同原料口径不一致,该原料在不同食谱里既写过生重又写过熟重,统一口径
设计器草稿,燕麦三文鱼猪肉,红甜椒,蔬菜类及制品,FOOD,RAW,生,去瓤、生重、打碎、充分搅拌,1,中,A4 同原料口径不一致,该原料在不同食谱里既写过生重又写过熟重,统一口径
设计器草稿,燕麦三文鱼猪肉,红甜椒,蔬菜类及制品,FOOD,RAW,生,去瓤、生重、打碎、充分搅拌,1,中,A4 同原料口径不一致,该原料在不同食谱里既写过生重又写过熟重,统一口径
设计器草稿,燕麦三文鱼猪肉,红甜椒,蔬菜类及制品,FOOD,RAW,生,去瓤、生重、打碎、充分搅拌,1,中,A4 同原料口径不一致,该原料在不同食谱里既写过生重又写过熟重,统一口径
设计器草稿,燕麦三文鱼猪肉,红甜椒,蔬菜类及制品,FOOD,RAW,生,去瓤、生重、打碎、充分搅拌,1,中,A4 同原料口径不一致,该原料在不同食谱里既写过生重又写过熟重,统一口径
设计器草稿,燕麦山药牛肉饭,山药,薯类及制品,FOOD,RAW,生,去皮、生重、打碎、充分搅拌,1,中,A4 同原料口径不一致,该原料在不同食谱里既写过生重又写过熟重,统一口径
设计器草稿,燕麦山药牛肉饭,山药,薯类及制品,FOOD,RAW,生,去皮、生重、打碎、充分搅拌,1,中,A4 同原料口径不一致,该原料在不同食谱里既写过生重又写过熟重,统一口径
设计器草稿,燕麦山药牛肉饭,山药,薯类及制品,FOOD,RAW,生,去皮、生重、打碎、充分搅拌,1,中,A4 同原料口径不一致,该原料在不同食谱里既写过生重又写过熟重,统一口径
设计器草稿,燕麦山药牛肉饭,山药,薯类及制品,FOOD,RAW,生,去皮、生重、打碎、充分搅拌,1,中,A4 同原料口径不一致,该原料在不同食谱里既写过生重又写过熟重,统一口径
设计器草稿,燕麦山药牛肉饭,山药,薯类及制品,FOOD,RAW,生,去皮、生重、打碎、充分搅拌,1,中,A4 同原料口径不一致,该原料在不同食谱里既写过生重又写过熟重,统一口径
设计器草稿,燕麦山药牛肉饭,紫甘蓝,蔬菜类及制品,FOOD,RAW,生,生重、打碎、充分搅拌,1,中,A4 同原料口径不一致,该原料在不同食谱里既写过生重又写过熟重,统一口径
设计器草稿,燕麦山药牛肉饭,紫甘蓝,蔬菜类及制品,FOOD,RAW,生,生重、打碎、充分搅拌,1,中,A4 同原料口径不一致,该原料在不同食谱里既写过生重又写过熟重,统一口径
设计器草稿,燕麦山药牛肉饭,紫甘蓝,蔬菜类及制品,FOOD,RAW,生,生重、打碎、充分搅拌,1,中,A4 同原料口径不一致,该原料在不同食谱里既写过生重又写过熟重,统一口径
设计器草稿,燕麦山药牛肉饭,紫甘蓝,蔬菜类及制品,FOOD,RAW,生,生重、打碎、充分搅拌,1,中,A4 同原料口径不一致,该原料在不同食谱里既写过生重又写过熟重,统一口径
设计器草稿,燕麦山药牛肉饭,紫甘蓝,蔬菜类及制品,FOOD,RAW,生,生重、打碎、充分搅拌,1,中,A4 同原料口径不一致,该原料在不同食谱里既写过生重又写过熟重,统一口径
设计器草稿,燕麦山药牛肉饭,秋葵,蔬菜类及制品,FOOD,RAW,生,生重、打碎、充分搅拌,1,中,A4 同原料口径不一致,该原料在不同食谱里既写过生重又写过熟重,统一口径
设计器草稿,燕麦山药牛肉饭,秋葵,蔬菜类及制品,FOOD,RAW,生,生重、打碎、充分搅拌,1,中,A4 同原料口径不一致,该原料在不同食谱里既写过生重又写过熟重,统一口径
设计器草稿,燕麦山药牛肉饭,秋葵,蔬菜类及制品,FOOD,RAW,生,生重、打碎、充分搅拌,1,中,A4 同原料口径不一致,该原料在不同食谱里既写过生重又写过熟重,统一口径
设计器草稿,燕麦山药牛肉饭,秋葵,蔬菜类及制品,FOOD,RAW,生,生重、打碎、充分搅拌,1,中,A4 同原料口径不一致,该原料在不同食谱里既写过生重又写过熟重,统一口径
设计器草稿,燕麦山药牛肉饭,秋葵,蔬菜类及制品,FOOD,RAW,生,生重、打碎、充分搅拌,1,中,A4 同原料口径不一致,该原料在不同食谱里既写过生重又写过熟重,统一口径
设计器草稿,燕麦米比目鱼鸭肉,南瓜,蔬菜类及制品,FOOD,COOKED,熟,去皮、去瓤、煮熟后称重、打碎、充分搅拌,2,中,A3 熟档案未写口径 + A4 同原料口径不一致,没写按生重还是熟重称量；该原料在不同食谱里既写过生重又写过熟重,补「熟重」；统一口径
设计器草稿,燕麦米比目鱼鸭肉,西葫芦,蔬菜类及制品,FOOD,COOKED,熟,煮熟后称重、打碎、充分搅拌,1,中,A3 熟档案未写口径,没写按生重还是熟重称量,补「熟重」
设计器草稿,燕麦米青花鱼鸭肉,南瓜,蔬菜类及制品,FOOD,COOKED,熟,去皮、去瓤、煮熟后称重、打碎、充分搅拌,2,中,A3 熟档案未写口径 + A4 同原料口径不一致,没写按生重还是熟重称量；该原料在不同食谱里既写过生重又写过熟重,补「熟重」；统一口径
设计器草稿,燕麦米青花鱼鸭肉,南瓜,蔬菜类及制品,FOOD,COOKED,熟,去皮、去瓤、煮熟后称重、打碎、充分搅拌,2,中,A3 熟档案未写口径 + A4 同原料口径不一致,没写按生重还是熟重称量；该原料在不同食谱里既写过生重又写过熟重,补「熟重」；统一口径
设计器草稿,燕麦米青花鱼鸭肉,南瓜,蔬菜类及制品,FOOD,COOKED,熟,去皮、去瓤、煮熟后称重、打碎、充分搅拌,2,中,A3 熟档案未写口径 + A4 同原料口径不一致,没写按生重还是熟重称量；该原料在不同食谱里既写过生重又写过熟重,补「熟重」；统一口径
设计器草稿,燕麦米青花鱼鸭肉,西葫芦,蔬菜类及制品,FOOD,COOKED,熟,煮熟后称重、打碎、充分搅拌,1,中,A3 熟档案未写口径,没写按生重还是熟重称量,补「熟重」
设计器草稿,燕麦米青花鱼鸭肉,西葫芦,蔬菜类及制品,FOOD,COOKED,熟,煮熟后称重、打碎、充分搅拌,1,中,A3 熟档案未写口径,没写按生重还是熟重称量,补「熟重」
设计器草稿,燕麦米青花鱼鸭肉,西葫芦,蔬菜类及制品,FOOD,COOKED,熟,煮熟后称重、打碎、充分搅拌,1,中,A3 熟档案未写口径,没写按生重还是熟重称量,补「熟重」
设计器草稿,燕麦米青花鱼鸭肉(财宝),南瓜,蔬菜类及制品,FOOD,COOKED,熟,去皮、去瓤、煮熟后称重、打碎、充分搅拌,2,中,A3 熟档案未写口径 + A4 同原料口径不一致,没写按生重还是熟重称量；该原料在不同食谱里既写过生重又写过熟重,补「熟重」；统一口径
设计器草稿,燕麦米青花鱼鸭肉(财宝),南瓜,蔬菜类及制品,FOOD,COOKED,熟,去皮、去瓤、煮熟后称重、打碎、充分搅拌,2,中,A3 熟档案未写口径 + A4 同原料口径不一致,没写按生重还是熟重称量；该原料在不同食谱里既写过生重又写过熟重,补「熟重」；统一口径
设计器草稿,燕麦米青花鱼鸭肉(财宝),西葫芦,蔬菜类及制品,FOOD,COOKED,熟,煮熟后称重、打碎、充分搅拌,1,中,A3 熟档案未写口径,没写按生重还是熟重称量,补「熟重」
设计器草稿,燕麦米青花鱼鸭肉(财宝),西葫芦,蔬菜类及制品,FOOD,COOKED,熟,煮熟后称重、打碎、充分搅拌,1,中,A3 熟档案未写口径,没写按生重还是熟重称量,补「熟重」
设计器草稿,燕麦鳕鱼猪肉,红薯,薯类及制品,FOOD,RAW,生,去皮、生重、打碎、充分搅拌,1,中,A4 同原料口径不一致,该原料在不同食谱里既写过生重又写过熟重,统一口径
设计器草稿,燕麦鳕鱼猪肉,大米,谷类及制品,FOOD,COOKED,熟,煮熟后称重、打碎、充分搅拌,1,中,A3 熟档案未写口径,没写按生重还是熟重称量,补「熟重」
设计器草稿,燕麦鳕鱼猪肉,大米,谷类及制品,FOOD,COOKED,熟,煮熟后称重、打碎、充分搅拌,1,中,A3 熟档案未写口径,没写按生重还是熟重称量,补「熟重」
设计器草稿,燕麦鳕鱼猪肉,大米,谷类及制品,FOOD,COOKED,熟,煮熟后称重、打碎、充分搅拌,1,中,A3 熟档案未写口径,没写按生重还是熟重称量,补「熟重」
设计器草稿,燕麦鳕鱼猪肉,红薯,薯类及制品,FOOD,RAW,生,去皮、生重、打碎、充分搅拌,1,中,A4 同原料口径不一致,该原料在不同食谱里既写过生重又写过熟重,统一口径
设计器草稿,燕麦鳕鱼猪肉,红薯,薯类及制品,FOOD,RAW,生,去皮、生重、打碎、充分搅拌,1,中,A4 同原料口径不一致,该原料在不同食谱里既写过生重又写过熟重,统一口径
设计器草稿,燕麦鳕鱼猪肉,大米,谷类及制品,FOOD,COOKED,熟,煮熟后称重、打碎、充分搅拌,1,中,A3 熟档案未写口径,没写按生重还是熟重称量,补「熟重」
设计器草稿,燕麦鳕鱼猪肉,大米,谷类及制品,FOOD,COOKED,熟,煮熟后称重、打碎、充分搅拌,1,中,A3 熟档案未写口径,没写按生重还是熟重称量,补「熟重」
设计器草稿,燕麦鳕鱼猪肉,大米,谷类及制品,FOOD,COOKED,熟,煮熟后称重、打碎、充分搅拌,1,中,A3 熟档案未写口径,没写按生重还是熟重称量,补「熟重」
设计器草稿,燕麦鳕鱼猪肉,西兰花,蔬菜类及制品,FOOD,RAW,生,生重、打碎、充分搅拌,1,中,A4 同原料口径不一致,该原料在不同食谱里既写过生重又写过熟重,统一口径
设计器草稿,燕麦鳕鱼猪肉,西兰花,蔬菜类及制品,FOOD,RAW,生,生重、打碎、充分搅拌,1,中,A4 同原料口径不一致,该原料在不同食谱里既写过生重又写过熟重,统一口径
设计器草稿,燕麦鳕鱼猪肉,西兰花,蔬菜类及制品,FOOD,RAW,生,生重、打碎、充分搅拌,1,中,A4 同原料口径不一致,该原料在不同食谱里既写过生重又写过熟重,统一口径
设计器草稿,燕麦鳕鱼猪肉,红甜椒,蔬菜类及制品,FOOD,RAW,生,去瓤、生重、打碎、充分搅拌,1,中,A4 同原料口径不一致,该原料在不同食谱里既写过生重又写过熟重,统一口径
设计器草稿,燕麦鳕鱼猪肉,红甜椒,蔬菜类及制品,FOOD,RAW,生,去瓤、生重、打碎、充分搅拌,1,中,A4 同原料口径不一致,该原料在不同食谱里既写过生重又写过熟重,统一口径
设计器草稿,燕麦鳕鱼猪肉,红甜椒,蔬菜类及制品,FOOD,RAW,生,去瓤、生重、打碎、充分搅拌,1,中,A4 同原料口径不一致,该原料在不同食谱里既写过生重又写过熟重,统一口径
设计器草稿,燕麦鳕鱼猪肉,红甜椒,蔬菜类及制品,FOOD,RAW,生,去瓤、生重、打碎、充分搅拌,1,中,A4 同原料口径不一致,该原料在不同食谱里既写过生重又写过熟重,统一口径
设计器草稿,燕麦鳕鱼猪肉,红甜椒,蔬菜类及制品,FOOD,RAW,生,去瓤、生重、打碎、充分搅拌,1,中,A4 同原料口径不一致,该原料在不同食谱里既写过生重又写过熟重,统一口径
设计器草稿,燕麦鳕鱼猪肉,红甜椒,蔬菜类及制品,FOOD,RAW,生,去瓤、生重、打碎、充分搅拌,1,中,A4 同原料口径不一致,该原料在不同食谱里既写过生重又写过熟重,统一口径
设计器草稿,牛牛定制食谱,西兰花,蔬菜类及制品,FOOD,COOKED,熟,打碎、静置30分钟、焯水沥干、称重、充分搅拌,3,中,B5 非标准词 + A3 熟档案未写口径 + A4 同原料口径不一致,自由文本：焯水沥干 / 称重；没写按生重还是熟重称量；该原料在不同食谱里既写过生重又写过熟重,归入受控词表或补进字典；补「熟重」；统一口径
设计器草稿,牛牛定制食谱,大米,谷类及制品,FOOD,COOKED,熟,煮熟后称重、打碎、充分搅拌,1,中,A3 熟档案未写口径,没写按生重还是熟重称量,补「熟重」
设计器草稿,牛牛定制食谱,大米,谷类及制品,FOOD,COOKED,熟,煮熟后称重、打碎、充分搅拌,1,中,A3 熟档案未写口径,没写按生重还是熟重称量,补「熟重」
设计器草稿,牛牛定制食谱,西兰花,蔬菜类及制品,FOOD,COOKED,熟,打碎、静置30分钟、焯水沥干、称重、充分搅拌,3,中,B5 非标准词 + A3 熟档案未写口径 + A4 同原料口径不一致,自由文本：焯水沥干 / 称重；没写按生重还是熟重称量；该原料在不同食谱里既写过生重又写过熟重,归入受控词表或补进字典；补「熟重」；统一口径
设计器草稿,牛牛定制食谱,胡萝卜,蔬菜类及制品,FOOD,COOKED,熟,煮熟后称重、打碎、充分搅拌,2,中,A3 熟档案未写口径 + A4 同原料口径不一致,没写按生重还是熟重称量；该原料在不同食谱里既写过生重又写过熟重,补「熟重」；统一口径
设计器草稿,牛牛定制食谱,西兰花,蔬菜类及制品,FOOD,COOKED,熟,打碎、静置30分钟、焯水沥干、称重、充分搅拌,3,中,B5 非标准词 + A3 熟档案未写口径 + A4 同原料口径不一致,自由文本：焯水沥干 / 称重；没写按生重还是熟重称量；该原料在不同食谱里既写过生重又写过熟重,归入受控词表或补进字典；补「熟重」；统一口径
设计器草稿,牛牛定制食谱,胡萝卜,蔬菜类及制品,FOOD,COOKED,熟,煮熟后称重、打碎、充分搅拌,2,中,A3 熟档案未写口径 + A4 同原料口径不一致,没写按生重还是熟重称量；该原料在不同食谱里既写过生重又写过熟重,补「熟重」；统一口径
设计器草稿,牛牛定制食谱,南瓜,蔬菜类及制品,FOOD,COOKED,熟,去皮、去瓤、煮熟后称重、打碎、充分搅拌,2,中,A3 熟档案未写口径 + A4 同原料口径不一致,没写按生重还是熟重称量；该原料在不同食谱里既写过生重又写过熟重,补「熟重」；统一口径
设计器草稿,牛牛定制食谱,胡萝卜,蔬菜类及制品,FOOD,COOKED,熟,煮熟后称重、打碎、充分搅拌,2,中,A3 熟档案未写口径 + A4 同原料口径不一致,没写按生重还是熟重称量；该原料在不同食谱里既写过生重又写过熟重,补「熟重」；统一口径
设计器草稿,牛牛的定制食谱（兔）20260914,红薯,薯类及制品,FOOD,COOKED,熟,去皮、煮熟后称重、打碎、充分搅拌,2,中,A3 熟档案未写口径 + A4 同原料口径不一致,没写按生重还是熟重称量；该原料在不同食谱里既写过生重又写过熟重,补「熟重」；统一口径
设计器草稿,牛牛的定制食谱（兔）20260914,红薯,薯类及制品,FOOD,COOKED,熟,去皮、煮熟后称重、打碎、充分搅拌,2,中,A3 熟档案未写口径 + A4 同原料口径不一致,没写按生重还是熟重称量；该原料在不同食谱里既写过生重又写过熟重,补「熟重」；统一口径
设计器草稿,牛牛的定制食谱（兔）20260914,四季豆,蔬菜类及制品,FOOD,COOKED,熟,煮熟后沥水称重、打碎后充分搅拌,2,中,B5 非标准词 + A3 熟档案未写口径,自由文本：煮熟后沥水称重 / 打碎后充分搅拌；没写按生重还是熟重称量,归入受控词表或补进字典；补「熟重」
设计器草稿,牛牛的定制食谱（兔）20260914,四季豆,蔬菜类及制品,FOOD,COOKED,熟,煮熟后沥水称重、打碎后充分搅拌,2,中,B5 非标准词 + A3 熟档案未写口径,自由文本：煮熟后沥水称重 / 打碎后充分搅拌；没写按生重还是熟重称量,归入受控词表或补进字典；补「熟重」
设计器草稿,牛牛的定制食谱（鸭）20260914,糙米,谷类及制品,FOOD,COOKED,熟,煮熟后称重、打碎、充分搅拌,2,中,A3 熟档案未写口径 + A4 同原料口径不一致,没写按生重还是熟重称量；该原料在不同食谱里既写过生重又写过熟重,补「熟重」；统一口径
设计器草稿,牛牛的定制食谱（鸭）20260914,糙米,谷类及制品,FOOD,COOKED,熟,煮熟后称重、打碎、充分搅拌,2,中,A3 熟档案未写口径 + A4 同原料口径不一致,没写按生重还是熟重称量；该原料在不同食谱里既写过生重又写过熟重,补「熟重」；统一口径
设计器草稿,牛牛的定制食谱（鸭）20260914,花椰菜,蔬菜类及制品,FOOD,COOKED,熟,去老梗、焯水后称重、打碎、充分搅拌,2,中,B5 非标准词 + A3 熟档案未写口径,自由文本：焯水后称重；没写按生重还是熟重称量,归入受控词表或补进字典；补「熟重」
设计器草稿,牛牛的定制食谱（鸭）20260914,花椰菜,蔬菜类及制品,FOOD,COOKED,熟,去老梗、焯水后称重、打碎、充分搅拌,2,中,B5 非标准词 + A3 熟档案未写口径,自由文本：焯水后称重；没写按生重还是熟重称量,归入受控词表或补进字典；补「熟重」
设计器草稿,牛肉食谱,燕麦,谷类及制品,FOOD,DRIED,干,无添加即食燕麦、打碎、充分搅拌,2,中,B6 商品属性写进步骤 + B5 非标准词,这些片段不是厨房动作，而是商品属性：无添加即食燕麦；自由文本：无添加即食燕麦,移到原料规格/备注，不放在制备说明；归入受控词表或补进字典
设计器草稿,犇犇 的鲜食食谱 08/03,胡萝卜,蔬菜类及制品,FOOD,RAW,生,去皮、生重、打碎、充分搅拌,1,中,A4 同原料口径不一致,该原料在不同食谱里既写过生重又写过熟重,统一口径
设计器草稿,犇犇 的鲜食食谱 08/03,西兰花,蔬菜类及制品,FOOD,RAW,生,生重、打碎、充分搅拌,1,中,A4 同原料口径不一致,该原料在不同食谱里既写过生重又写过熟重,统一口径
设计器草稿,猪里脊青花鱼藜麦小米,藜麦,谷类及制品,FOOD,RAW,生,生重、打粉、充分搅拌,1,中,A4 同原料口径不一致,该原料在不同食谱里既写过生重又写过熟重,统一口径
设计器草稿,猪里脊青花鱼藜麦小米,藜麦,谷类及制品,FOOD,RAW,生,生重、打粉、充分搅拌,1,中,A4 同原料口径不一致,该原料在不同食谱里既写过生重又写过熟重,统一口径
设计器草稿,猪里脊青花鱼藜麦小米,藜麦,谷类及制品,FOOD,RAW,生,生重、打粉、充分搅拌,1,中,A4 同原料口径不一致,该原料在不同食谱里既写过生重又写过熟重,统一口径
设计器草稿,猪里脊青花鱼藜麦小米,藜麦,谷类及制品,FOOD,RAW,生,生重、打粉、充分搅拌,1,中,A4 同原料口径不一致,该原料在不同食谱里既写过生重又写过熟重,统一口径
设计器草稿,猪里脊青花鱼藜麦小米,藜麦,谷类及制品,FOOD,RAW,生,生重、打粉、充分搅拌,1,中,A4 同原料口径不一致,该原料在不同食谱里既写过生重又写过熟重,统一口径
设计器草稿,猪里脊青花鱼藜麦小米,胡萝卜,蔬菜类及制品,FOOD,RAW,生,生重、打碎、充分搅拌,1,中,A4 同原料口径不一致,该原料在不同食谱里既写过生重又写过熟重,统一口径
设计器草稿,猪里脊青花鱼藜麦小米,胡萝卜,蔬菜类及制品,FOOD,RAW,生,生重、打碎、充分搅拌,1,中,A4 同原料口径不一致,该原料在不同食谱里既写过生重又写过熟重,统一口径
设计器草稿,猪里脊青花鱼藜麦小米,胡萝卜,蔬菜类及制品,FOOD,RAW,生,生重、打碎、充分搅拌,1,中,A4 同原料口径不一致,该原料在不同食谱里既写过生重又写过熟重,统一口径
设计器草稿,猪里脊青花鱼藜麦小米,胡萝卜,蔬菜类及制品,FOOD,RAW,生,生重、打碎、充分搅拌,1,中,A4 同原料口径不一致,该原料在不同食谱里既写过生重又写过熟重,统一口径
设计器草稿,猪里脊青花鱼藜麦小米,胡萝卜,蔬菜类及制品,FOOD,RAW,生,生重、打碎、充分搅拌,1,中,A4 同原料口径不一致,该原料在不同食谱里既写过生重又写过熟重,统一口径
设计器草稿,猪里脊青花鱼藜麦小米,菠菜,蔬菜类及制品,FOOD,RAW,生,焯水、沥干后称重、打碎、充分搅拌,1,中,A2b 生档案却写熟制步骤,档案用生数据，步骤却含焯水/蒸煮,确认是口径写错还是档案选错
设计器草稿,猪里脊青花鱼藜麦小米,菠菜,蔬菜类及制品,FOOD,RAW,生,焯水、沥干后称重、打碎、充分搅拌,1,中,A2b 生档案却写熟制步骤,档案用生数据，步骤却含焯水/蒸煮,确认是口径写错还是档案选错
设计器草稿,猪里脊青花鱼藜麦小米,菠菜,蔬菜类及制品,FOOD,RAW,生,焯水、沥干后称重、打碎、充分搅拌,1,中,A2b 生档案却写熟制步骤,档案用生数据，步骤却含焯水/蒸煮,确认是口径写错还是档案选错
设计器草稿,猪里脊青花鱼藜麦小米,菠菜,蔬菜类及制品,FOOD,RAW,生,焯水、沥干后称重、打碎、充分搅拌,1,中,A2b 生档案却写熟制步骤,档案用生数据，步骤却含焯水/蒸煮,确认是口径写错还是档案选错
设计器草稿,猪里脊青花鱼藜麦小米,菠菜,蔬菜类及制品,FOOD,RAW,生,焯水、沥干后称重、打碎、充分搅拌,1,中,A2b 生档案却写熟制步骤,档案用生数据，步骤却含焯水/蒸煮,确认是口径写错还是档案选错
设计器草稿,猪里脊青花鱼藜麦小米,亚麻籽,坚果种子类,FOOD,DRIED,干,打粉后充分搅拌,1,中,B5 非标准词,自由文本：打粉后充分搅拌,归入受控词表或补进字典
设计器草稿,猪里脊青花鱼藜麦小米,亚麻籽,坚果种子类,FOOD,DRIED,干,打粉后充分搅拌,1,中,B5 非标准词,自由文本：打粉后充分搅拌,归入受控词表或补进字典
设计器草稿,猪里脊青花鱼藜麦小米,亚麻籽,坚果种子类,FOOD,DRIED,干,打粉后充分搅拌,1,中,B5 非标准词,自由文本：打粉后充分搅拌,归入受控词表或补进字典
设计器草稿,猪里脊青花鱼藜麦小米,亚麻籽,坚果种子类,FOOD,DRIED,干,打粉后充分搅拌,1,中,B5 非标准词,自由文本：打粉后充分搅拌,归入受控词表或补进字典
设计器草稿,猪里脊青花鱼藜麦小米,亚麻籽,坚果种子类,FOOD,DRIED,干,打粉后充分搅拌,1,中,B5 非标准词,自由文本：打粉后充分搅拌,归入受控词表或补进字典
设计器草稿,王小力 的鲜食食谱 08/26,红甜椒,蔬菜类及制品,FOOD,RAW,生,去瓤、生重、打碎、充分搅拌,1,中,A4 同原料口径不一致,该原料在不同食谱里既写过生重又写过熟重,统一口径
设计器草稿,百万 的鲜食食谱 07/28,南瓜,蔬菜类及制品,FOOD,COOKED,熟,去皮、去瓤、煮熟后称重、打碎、充分搅拌,2,中,A3 熟档案未写口径 + A4 同原料口径不一致,没写按生重还是熟重称量；该原料在不同食谱里既写过生重又写过熟重,补「熟重」；统一口径
设计器草稿,百万 的鲜食食谱 07/28,西兰花,蔬菜类及制品,FOOD,COOKED,熟,打碎、静置30分钟、焯水沥干、称重、充分搅拌,3,中,B5 非标准词 + A3 熟档案未写口径 + A4 同原料口径不一致,自由文本：焯水沥干 / 称重；没写按生重还是熟重称量；该原料在不同食谱里既写过生重又写过熟重,归入受控词表或补进字典；补「熟重」；统一口径
设计器草稿,百万 的鲜食食谱 07/28,红甜椒,蔬菜类及制品,FOOD,COOKED,熟,去籽、煮熟后称重、打碎、充分搅拌,3,中,B5 非标准词 + A3 熟档案未写口径 + A4 同原料口径不一致,自由文本：去籽；没写按生重还是熟重称量；该原料在不同食谱里既写过生重又写过熟重,归入受控词表或补进字典；补「熟重」；统一口径
设计器草稿,秋菊 的鲜食食谱 06/28,亚麻籽,坚果种子类,FOOD,DRIED,干,打粉后充分搅拌,1,中,B5 非标准词,自由文本：打粉后充分搅拌,归入受控词表或补进字典
设计器草稿,秋菊 的鲜食食谱 07/26,亚麻籽,坚果种子类,FOOD,DRIED,干,打粉后充分搅拌,1,中,B5 非标准词,自由文本：打粉后充分搅拌,归入受控词表或补进字典
设计器草稿,秋菊 的鲜食食谱 08/02,亚麻籽,坚果种子类,FOOD,DRIED,干,打粉后充分搅拌,1,中,B5 非标准词,自由文本：打粉后充分搅拌,归入受控词表或补进字典
设计器草稿,秋菊 的鲜食食谱 09/06,亚麻籽,坚果种子类,FOOD,DRIED,干,打粉后充分搅拌,1,中,B5 非标准词,自由文本：打粉后充分搅拌,归入受控词表或补进字典
设计器草稿,秋葵藜麦米牛肉鸡胸,大米,谷类及制品,FOOD,COOKED,熟,煮熟后称重、打碎、充分搅拌,1,中,A3 熟档案未写口径,没写按生重还是熟重称量,补「熟重」
设计器草稿,秋葵藜麦米牛肉鸡胸,大米,谷类及制品,FOOD,COOKED,熟,煮熟后称重、打碎、充分搅拌,1,中,A3 熟档案未写口径,没写按生重还是熟重称量,补「熟重」
设计器草稿,秋葵藜麦米牛肉鸡胸,藜麦,谷类及制品,FOOD,RAW,生,生重、打粉、充分搅拌,1,中,A4 同原料口径不一致,该原料在不同食谱里既写过生重又写过熟重,统一口径
设计器草稿,秋葵藜麦米牛肉鸡胸,藜麦,谷类及制品,FOOD,RAW,生,生重、打粉、充分搅拌,1,中,A4 同原料口径不一致,该原料在不同食谱里既写过生重又写过熟重,统一口径
设计器草稿,秋葵藜麦米牛肉鸡胸,土豆,薯类及制品,FOOD,COOKED,熟,去皮、煮熟后称重、打碎、充分搅拌,1,中,A3 熟档案未写口径,没写按生重还是熟重称量,补「熟重」
设计器草稿,秋葵藜麦米牛肉鸡胸,土豆,薯类及制品,FOOD,COOKED,熟,去皮、煮熟后称重、打碎、充分搅拌,1,中,A3 熟档案未写口径,没写按生重还是熟重称量,补「熟重」
设计器草稿,秋葵藜麦米牛肉鸡胸,西兰花,蔬菜类及制品,FOOD,COOKED,熟,打碎、静置30分钟、焯水沥干、称重、充分搅拌,3,中,B5 非标准词 + A3 熟档案未写口径 + A4 同原料口径不一致,自由文本：焯水沥干 / 称重；没写按生重还是熟重称量；该原料在不同食谱里既写过生重又写过熟重,归入受控词表或补进字典；补「熟重」；统一口径
设计器草稿,秋葵藜麦米牛肉鸡胸,西兰花,蔬菜类及制品,FOOD,COOKED,熟,打碎、静置30分钟、焯水沥干、称重、充分搅拌,3,中,B5 非标准词 + A3 熟档案未写口径 + A4 同原料口径不一致,自由文本：焯水沥干 / 称重；没写按生重还是熟重称量；该原料在不同食谱里既写过生重又写过熟重,归入受控词表或补进字典；补「熟重」；统一口径
设计器草稿,秋葵藜麦米牛肉鸡胸,胡萝卜,蔬菜类及制品,FOOD,COOKED,熟,煮熟后称重、打碎、充分搅拌,2,中,A3 熟档案未写口径 + A4 同原料口径不一致,没写按生重还是熟重称量；该原料在不同食谱里既写过生重又写过熟重,补「熟重」；统一口径
设计器草稿,秋葵藜麦米牛肉鸡胸,胡萝卜,蔬菜类及制品,FOOD,COOKED,熟,煮熟后称重、打碎、充分搅拌,2,中,A3 熟档案未写口径 + A4 同原料口径不一致,没写按生重还是熟重称量；该原料在不同食谱里既写过生重又写过熟重,补「熟重」；统一口径
设计器草稿,糙米三文鱼牛肉（敢敢）,糙米,谷类及制品,FOOD,COOKED,熟,煮熟后称重、静置30分钟、打碎、充分搅拌,2,中,A3 熟档案未写口径 + A4 同原料口径不一致,没写按生重还是熟重称量；该原料在不同食谱里既写过生重又写过熟重,补「熟重」；统一口径
设计器草稿,糙米三文鱼牛肉（敢敢）,糙米,谷类及制品,FOOD,COOKED,熟,煮熟后称重、静置30分钟、打碎、充分搅拌,2,中,A3 熟档案未写口径 + A4 同原料口径不一致,没写按生重还是熟重称量；该原料在不同食谱里既写过生重又写过熟重,补「熟重」；统一口径
设计器草稿,糙米三文鱼牛肉（敢敢）,糙米,谷类及制品,FOOD,COOKED,熟,煮熟后称重、静置30分钟、打碎、充分搅拌,2,中,A3 熟档案未写口径 + A4 同原料口径不一致,没写按生重还是熟重称量；该原料在不同食谱里既写过生重又写过熟重,补「熟重」；统一口径
设计器草稿,糙米三文鱼牛肉（敢敢）,糙米,谷类及制品,FOOD,COOKED,熟,煮熟后称重、静置30分钟、打碎、充分搅拌,2,中,A3 熟档案未写口径 + A4 同原料口径不一致,没写按生重还是熟重称量；该原料在不同食谱里既写过生重又写过熟重,补「熟重」；统一口径
设计器草稿,糙米三文鱼牛肉（敢敢）,糙米,谷类及制品,FOOD,COOKED,熟,煮熟后称重、静置30分钟、打碎、充分搅拌,2,中,A3 熟档案未写口径 + A4 同原料口径不一致,没写按生重还是熟重称量；该原料在不同食谱里既写过生重又写过熟重,补「熟重」；统一口径
设计器草稿,糙米三文鱼牛肉（敢敢）,糙米,谷类及制品,FOOD,COOKED,熟,煮熟后称重、静置30分钟、打碎、充分搅拌,2,中,A3 熟档案未写口径 + A4 同原料口径不一致,没写按生重还是熟重称量；该原料在不同食谱里既写过生重又写过熟重,补「熟重」；统一口径
设计器草稿,糙米三文鱼牛肉（敢敢）,西兰花,蔬菜类及制品,FOOD,COOKED,熟,盐水/小苏打浸泡30分钟、煮熟后称重、打碎、充分搅拌,2,中,A3 熟档案未写口径 + A4 同原料口径不一致,没写按生重还是熟重称量；该原料在不同食谱里既写过生重又写过熟重,补「熟重」；统一口径
设计器草稿,糙米三文鱼牛肉（敢敢）,西兰花,蔬菜类及制品,FOOD,COOKED,熟,盐水/小苏打浸泡30分钟、煮熟后称重、打碎、充分搅拌,2,中,A3 熟档案未写口径 + A4 同原料口径不一致,没写按生重还是熟重称量；该原料在不同食谱里既写过生重又写过熟重,补「熟重」；统一口径
设计器草稿,糙米三文鱼牛肉（敢敢）,红甜椒,蔬菜类及制品,FOOD,RAW,生,去瓤、生重、打碎、充分搅拌,1,中,A4 同原料口径不一致,该原料在不同食谱里既写过生重又写过熟重,统一口径
设计器草稿,糙米三文鱼牛肉（敢敢）,西兰花,蔬菜类及制品,FOOD,COOKED,熟,盐水/小苏打浸泡30分钟、煮熟后称重、打碎、充分搅拌,2,中,A3 熟档案未写口径 + A4 同原料口径不一致,没写按生重还是熟重称量；该原料在不同食谱里既写过生重又写过熟重,补「熟重」；统一口径
设计器草稿,糙米三文鱼牛肉（敢敢）,西兰花,蔬菜类及制品,FOOD,COOKED,熟,盐水/小苏打浸泡30分钟、煮熟后称重、打碎、充分搅拌,2,中,A3 熟档案未写口径 + A4 同原料口径不一致,没写按生重还是熟重称量；该原料在不同食谱里既写过生重又写过熟重,补「熟重」；统一口径
设计器草稿,糙米三文鱼牛肉（敢敢）,红甜椒,蔬菜类及制品,FOOD,RAW,生,去瓤、生重、打碎、充分搅拌,1,中,A4 同原料口径不一致,该原料在不同食谱里既写过生重又写过熟重,统一口径
设计器草稿,糙米三文鱼牛肉（敢敢）,西兰花,蔬菜类及制品,FOOD,COOKED,熟,盐水/小苏打浸泡30分钟、煮熟后称重、打碎、充分搅拌,2,中,A3 熟档案未写口径 + A4 同原料口径不一致,没写按生重还是熟重称量；该原料在不同食谱里既写过生重又写过熟重,补「熟重」；统一口径
设计器草稿,糙米三文鱼牛肉（敢敢）,绿豆芽,蔬菜类及制品,FOOD,RAW,生,生重、打碎、充分搅拌,1,中,A4 同原料口径不一致,该原料在不同食谱里既写过生重又写过熟重,统一口径
设计器草稿,糙米三文鱼牛肉（敢敢）,红甜椒,蔬菜类及制品,FOOD,RAW,生,去瓤、生重、打碎、充分搅拌,1,中,A4 同原料口径不一致,该原料在不同食谱里既写过生重又写过熟重,统一口径
设计器草稿,糙米三文鱼牛肉（敢敢）,绿豆芽,蔬菜类及制品,FOOD,RAW,生,生重、打碎、充分搅拌,1,中,A4 同原料口径不一致,该原料在不同食谱里既写过生重又写过熟重,统一口径
设计器草稿,糙米三文鱼牛肉（敢敢）,红甜椒,蔬菜类及制品,FOOD,RAW,生,去瓤、生重、打碎、充分搅拌,1,中,A4 同原料口径不一致,该原料在不同食谱里既写过生重又写过熟重,统一口径
设计器草稿,糙米三文鱼牛肉（敢敢）,西兰花,蔬菜类及制品,FOOD,COOKED,熟,盐水/小苏打浸泡30分钟、煮熟后称重、打碎、充分搅拌,2,中,A3 熟档案未写口径 + A4 同原料口径不一致,没写按生重还是熟重称量；该原料在不同食谱里既写过生重又写过熟重,补「熟重」；统一口径
设计器草稿,糙米三文鱼牛肉（敢敢）,绿豆芽,蔬菜类及制品,FOOD,RAW,生,生重、打碎、充分搅拌,1,中,A4 同原料口径不一致,该原料在不同食谱里既写过生重又写过熟重,统一口径
设计器草稿,糙米三文鱼牛肉（敢敢）,红甜椒,蔬菜类及制品,FOOD,RAW,生,去瓤、生重、打碎、充分搅拌,1,中,A4 同原料口径不一致,该原料在不同食谱里既写过生重又写过熟重,统一口径
设计器草稿,糙米三文鱼牛肉（敢敢）,绿豆芽,蔬菜类及制品,FOOD,RAW,生,生重、打碎、充分搅拌,1,中,A4 同原料口径不一致,该原料在不同食谱里既写过生重又写过熟重,统一口径
设计器草稿,糙米三文鱼牛肉（敢敢）,红甜椒,蔬菜类及制品,FOOD,RAW,生,去瓤、生重、打碎、充分搅拌,1,中,A4 同原料口径不一致,该原料在不同食谱里既写过生重又写过熟重,统一口径
设计器草稿,糙米三文鱼牛肉（敢敢）,绿豆芽,蔬菜类及制品,FOOD,RAW,生,生重、打碎、充分搅拌,1,中,A4 同原料口径不一致,该原料在不同食谱里既写过生重又写过熟重,统一口径
设计器草稿,糙米三文鱼牛肉（敢敢）,绿豆芽,蔬菜类及制品,FOOD,RAW,生,生重、打碎、充分搅拌,1,中,A4 同原料口径不一致,该原料在不同食谱里既写过生重又写过熟重,统一口径
设计器草稿,糙米三文鱼猪里脊(烟花),糙米,谷类及制品,FOOD,COOKED,熟,煮熟后称重、充分搅拌,2,中,A3 熟档案未写口径 + A4 同原料口径不一致,没写按生重还是熟重称量；该原料在不同食谱里既写过生重又写过熟重,补「熟重」；统一口径
设计器草稿,糙米三文鱼猪里脊(烟花),糙米,谷类及制品,FOOD,COOKED,熟,煮熟后称重、充分搅拌,2,中,A3 熟档案未写口径 + A4 同原料口径不一致,没写按生重还是熟重称量；该原料在不同食谱里既写过生重又写过熟重,补「熟重」；统一口径
设计器草稿,糙米三文鱼猪里脊(烟花),糙米,谷类及制品,FOOD,COOKED,熟,煮熟后称重、充分搅拌,2,中,A3 熟档案未写口径 + A4 同原料口径不一致,没写按生重还是熟重称量；该原料在不同食谱里既写过生重又写过熟重,补「熟重」；统一口径
设计器草稿,糙米三文鱼猪里脊(烟花),糙米,谷类及制品,FOOD,COOKED,熟,煮熟后称重、充分搅拌,2,中,A3 熟档案未写口径 + A4 同原料口径不一致,没写按生重还是熟重称量；该原料在不同食谱里既写过生重又写过熟重,补「熟重」；统一口径
设计器草稿,糙米三文鱼猪里脊(烟花),胡萝卜,蔬菜类及制品,FOOD,COOKED,熟,煮熟后称重、打碎、充分搅拌,2,中,A3 熟档案未写口径 + A4 同原料口径不一致,没写按生重还是熟重称量；该原料在不同食谱里既写过生重又写过熟重,补「熟重」；统一口径
设计器草稿,糙米三文鱼猪里脊(烟花),胡萝卜,蔬菜类及制品,FOOD,COOKED,熟,煮熟后称重、打碎、充分搅拌,2,中,A3 熟档案未写口径 + A4 同原料口径不一致,没写按生重还是熟重称量；该原料在不同食谱里既写过生重又写过熟重,补「熟重」；统一口径
设计器草稿,糙米三文鱼猪里脊(烟花),胡萝卜,蔬菜类及制品,FOOD,COOKED,熟,煮熟后称重、打碎、充分搅拌,2,中,A3 熟档案未写口径 + A4 同原料口径不一致,没写按生重还是熟重称量；该原料在不同食谱里既写过生重又写过熟重,补「熟重」；统一口径
设计器草稿,糙米三文鱼猪里脊(烟花),胡萝卜,蔬菜类及制品,FOOD,COOKED,熟,煮熟后称重、打碎、充分搅拌,2,中,A3 熟档案未写口径 + A4 同原料口径不一致,没写按生重还是熟重称量；该原料在不同食谱里既写过生重又写过熟重,补「熟重」；统一口径
设计器草稿,糙米三文鱼鸭肉,豌豆,谷类及制品,FOOD,RAW,生,煮熟、打碎、充分搅拌,2,中,B5 非标准词 + A2b 生档案却写熟制步骤,自由文本：煮熟；档案用生数据，步骤却含焯水/蒸煮,归入受控词表或补进字典；确认是口径写错还是档案选错
设计器草稿,糙米三文鱼鸭肉,紫甘蓝,蔬菜类及制品,FOOD,RAW,生,生重、打碎、充分搅拌,1,中,A4 同原料口径不一致,该原料在不同食谱里既写过生重又写过熟重,统一口径
设计器草稿,糙米三文鱼鸭胸鹿腿,糙米,谷类及制品,FOOD,RAW,生,生重、打碎、充分搅拌,1,中,A4 同原料口径不一致,该原料在不同食谱里既写过生重又写过熟重,统一口径
设计器草稿,糙米三文鱼鸭胸鹿腿,糙米,谷类及制品,FOOD,RAW,生,生重、打碎、充分搅拌,1,中,A4 同原料口径不一致,该原料在不同食谱里既写过生重又写过熟重,统一口径
设计器草稿,糙米三文鱼鸭胸鹿腿,西兰花,蔬菜类及制品,FOOD,RAW,生,生重、打碎、充分搅拌,1,中,A4 同原料口径不一致,该原料在不同食谱里既写过生重又写过熟重,统一口径
设计器草稿,糙米三文鱼鸭胸鹿腿,糙米,谷类及制品,FOOD,COOKED,熟,煮熟后称重、充分搅拌,2,中,A3 熟档案未写口径 + A4 同原料口径不一致,没写按生重还是熟重称量；该原料在不同食谱里既写过生重又写过熟重,补「熟重」；统一口径
设计器草稿,糙米三文鱼鸭胸鹿腿,糙米,谷类及制品,FOOD,COOKED,熟,煮熟后称重、充分搅拌,2,中,A3 熟档案未写口径 + A4 同原料口径不一致,没写按生重还是熟重称量；该原料在不同食谱里既写过生重又写过熟重,补「熟重」；统一口径
设计器草稿,糙米三文鱼鸭胸鹿腿,糙米,谷类及制品,FOOD,COOKED,熟,煮熟后称重、充分搅拌,2,中,A3 熟档案未写口径 + A4 同原料口径不一致,没写按生重还是熟重称量；该原料在不同食谱里既写过生重又写过熟重,补「熟重」；统一口径
设计器草稿,糙米三文鱼鸭胸鹿腿,糙米,谷类及制品,FOOD,COOKED,熟,煮熟后称重、充分搅拌,2,中,A3 熟档案未写口径 + A4 同原料口径不一致,没写按生重还是熟重称量；该原料在不同食谱里既写过生重又写过熟重,补「熟重」；统一口径
设计器草稿,糙米三文鱼鸭胸鹿腿,糙米,谷类及制品,FOOD,COOKED,熟,煮熟后称重、充分搅拌,2,中,A3 熟档案未写口径 + A4 同原料口径不一致,没写按生重还是熟重称量；该原料在不同食谱里既写过生重又写过熟重,补「熟重」；统一口径
设计器草稿,糙米三文鱼鸭胸鹿腿,糙米,谷类及制品,FOOD,COOKED,熟,煮熟后称重、充分搅拌,2,中,A3 熟档案未写口径 + A4 同原料口径不一致,没写按生重还是熟重称量；该原料在不同食谱里既写过生重又写过熟重,补「熟重」；统一口径
设计器草稿,糙米三文鱼鸭胸鹿腿,西兰花,蔬菜类及制品,FOOD,RAW,生,生重、打碎、充分搅拌,1,中,A4 同原料口径不一致,该原料在不同食谱里既写过生重又写过熟重,统一口径
设计器草稿,糙米三文鱼鸭胸鹿腿,藜麦,谷类及制品,FOOD,RAW,生,生重、打粉、充分搅拌,1,中,A4 同原料口径不一致,该原料在不同食谱里既写过生重又写过熟重,统一口径
设计器草稿,糙米三文鱼鸭胸鹿腿,藜麦,谷类及制品,FOOD,RAW,生,生重、打粉、充分搅拌,1,中,A4 同原料口径不一致,该原料在不同食谱里既写过生重又写过熟重,统一口径
设计器草稿,糙米三文鱼鸭胸鹿腿,西兰花,蔬菜类及制品,FOOD,RAW,生,生重、打碎、充分搅拌,1,中,A4 同原料口径不一致,该原料在不同食谱里既写过生重又写过熟重,统一口径
设计器草稿,糙米三文鱼鸭胸鹿腿,红甜椒,蔬菜类及制品,FOOD,RAW,生,去瓤、生重、打碎、充分搅拌,1,中,A4 同原料口径不一致,该原料在不同食谱里既写过生重又写过熟重,统一口径
设计器草稿,糙米三文鱼鸭胸鹿腿,西兰花,蔬菜类及制品,FOOD,RAW,生,生重、打碎、充分搅拌,1,中,A4 同原料口径不一致,该原料在不同食谱里既写过生重又写过熟重,统一口径
设计器草稿,糙米三文鱼鸭胸鹿腿,红甜椒,蔬菜类及制品,FOOD,RAW,生,去瓤、生重、打碎、充分搅拌,1,中,A4 同原料口径不一致,该原料在不同食谱里既写过生重又写过熟重,统一口径
设计器草稿,糙米三文鱼鸭胸鹿腿,藜麦,谷类及制品,FOOD,RAW,生,生重、打粉、充分搅拌,1,中,A4 同原料口径不一致,该原料在不同食谱里既写过生重又写过熟重,统一口径
设计器草稿,糙米三文鱼鸭胸鹿腿,藜麦,谷类及制品,FOOD,RAW,生,生重、打粉、充分搅拌,1,中,A4 同原料口径不一致,该原料在不同食谱里既写过生重又写过熟重,统一口径
设计器草稿,糙米三文鱼鸭胸鹿腿,藜麦,谷类及制品,FOOD,RAW,生,生重、打粉、充分搅拌,1,中,A4 同原料口径不一致,该原料在不同食谱里既写过生重又写过熟重,统一口径
设计器草稿,糙米三文鱼鸭胸鹿腿,红甜椒,蔬菜类及制品,FOOD,RAW,生,去瓤、生重、打碎、充分搅拌,1,中,A4 同原料口径不一致,该原料在不同食谱里既写过生重又写过熟重,统一口径
设计器草稿,糙米三文鱼鸭胸鹿腿,绿豆芽,蔬菜类及制品,FOOD,RAW,生,生重、打碎、充分搅拌,1,中,A4 同原料口径不一致,该原料在不同食谱里既写过生重又写过熟重,统一口径
设计器草稿,糙米三文鱼鸭胸鹿腿,绿豆芽,蔬菜类及制品,FOOD,RAW,生,生重、打碎、充分搅拌,1,中,A4 同原料口径不一致,该原料在不同食谱里既写过生重又写过熟重,统一口径
设计器草稿,糙米三文鱼鸭胸鹿腿,红甜椒,蔬菜类及制品,FOOD,RAW,生,去瓤、生重、打碎、充分搅拌,1,中,A4 同原料口径不一致,该原料在不同食谱里既写过生重又写过熟重,统一口径
设计器草稿,糙米三文鱼鸭胸鹿腿,红甜椒,蔬菜类及制品,FOOD,RAW,生,去瓤、生重、打碎、充分搅拌,1,中,A4 同原料口径不一致,该原料在不同食谱里既写过生重又写过熟重,统一口径
设计器草稿,糙米三文鱼鸭胸鹿腿,红甜椒,蔬菜类及制品,FOOD,RAW,生,去瓤、生重、打碎、充分搅拌,1,中,A4 同原料口径不一致,该原料在不同食谱里既写过生重又写过熟重,统一口径
设计器草稿,糙米三文鱼鸭胸鹿腿,绿豆芽,蔬菜类及制品,FOOD,RAW,生,生重、打碎、充分搅拌,1,中,A4 同原料口径不一致,该原料在不同食谱里既写过生重又写过熟重,统一口径
设计器草稿,糙米三文鱼鸭胸鹿腿,绿豆芽,蔬菜类及制品,FOOD,RAW,生,生重、打碎、充分搅拌,1,中,A4 同原料口径不一致,该原料在不同食谱里既写过生重又写过熟重,统一口径
设计器草稿,糙米三文鱼鸭胸鹿腿,红甜椒,蔬菜类及制品,FOOD,RAW,生,去瓤、生重、打碎、充分搅拌,1,中,A4 同原料口径不一致,该原料在不同食谱里既写过生重又写过熟重,统一口径
设计器草稿,糙米三文鱼鸭胸鹿腿,红甜椒,蔬菜类及制品,FOOD,RAW,生,去瓤、生重、打碎、充分搅拌,1,中,A4 同原料口径不一致,该原料在不同食谱里既写过生重又写过熟重,统一口径
设计器草稿,糙米三文鱼鸭胸鹿腿,红甜椒,蔬菜类及制品,FOOD,RAW,生,去瓤、生重、打碎、充分搅拌,1,中,A4 同原料口径不一致,该原料在不同食谱里既写过生重又写过熟重,统一口径
设计器草稿,糙米三文鱼鸭胸鹿腿,绿豆芽,蔬菜类及制品,FOOD,RAW,生,生重、打碎、充分搅拌,1,中,A4 同原料口径不一致,该原料在不同食谱里既写过生重又写过熟重,统一口径
设计器草稿,糙米三文鱼鸭胸鹿腿,红甜椒,蔬菜类及制品,FOOD,RAW,生,去瓤、生重、打碎、充分搅拌,1,中,A4 同原料口径不一致,该原料在不同食谱里既写过生重又写过熟重,统一口径
设计器草稿,糙米三文鱼鸭胸鹿腿,绿豆芽,蔬菜类及制品,FOOD,RAW,生,生重、打碎、充分搅拌,1,中,A4 同原料口径不一致,该原料在不同食谱里既写过生重又写过熟重,统一口径
设计器草稿,糙米三文鱼鸭胸鹿腿,绿豆芽,蔬菜类及制品,FOOD,RAW,生,生重、打碎、充分搅拌,1,中,A4 同原料口径不一致,该原料在不同食谱里既写过生重又写过熟重,统一口径
设计器草稿,糙米三文鱼鸭胸鹿腿,绿豆芽,蔬菜类及制品,FOOD,RAW,生,生重、打碎、充分搅拌,1,中,A4 同原料口径不一致,该原料在不同食谱里既写过生重又写过熟重,统一口径
设计器草稿,糙米三文鱼鸭胸鹿腿,绿豆芽,蔬菜类及制品,FOOD,RAW,生,生重、打碎、充分搅拌,1,中,A4 同原料口径不一致,该原料在不同食谱里既写过生重又写过熟重,统一口径
设计器草稿,糙米三文鱼鸭胸鹿腿,绿豆芽,蔬菜类及制品,FOOD,RAW,生,生重、打碎、充分搅拌,1,中,A4 同原料口径不一致,该原料在不同食谱里既写过生重又写过熟重,统一口径
设计器草稿,糙米南瓜牛肉,绿豆芽,蔬菜类及制品,FOOD,RAW,生,生重、打碎、充分搅拌,1,中,A4 同原料口径不一致,该原料在不同食谱里既写过生重又写过熟重,统一口径
设计器草稿,糙米南瓜牛肉,绿豆芽,蔬菜类及制品,FOOD,RAW,生,生重、打碎、充分搅拌,1,中,A4 同原料口径不一致,该原料在不同食谱里既写过生重又写过熟重,统一口径
设计器草稿,糙米南瓜牛肉,绿豆芽,蔬菜类及制品,FOOD,RAW,生,生重、打碎、充分搅拌,1,中,A4 同原料口径不一致,该原料在不同食谱里既写过生重又写过熟重,统一口径
设计器草稿,糙米南瓜牛肉,绿豆芽,蔬菜类及制品,FOOD,RAW,生,生重、打碎、充分搅拌,1,中,A4 同原料口径不一致,该原料在不同食谱里既写过生重又写过熟重,统一口径
设计器草稿,糙米南瓜牛肉,绿豆芽,蔬菜类及制品,FOOD,RAW,生,生重、打碎、充分搅拌,1,中,A4 同原料口径不一致,该原料在不同食谱里既写过生重又写过熟重,统一口径
设计器草稿,糙米红薯青花鱼牛肉,红薯,薯类及制品,FOOD,RAW,生,去皮、生重、打碎、充分搅拌,1,中,A4 同原料口径不一致,该原料在不同食谱里既写过生重又写过熟重,统一口径
设计器草稿,糙米红薯青花鱼牛肉,红薯,薯类及制品,FOOD,RAW,生,去皮、生重、打碎、充分搅拌,1,中,A4 同原料口径不一致,该原料在不同食谱里既写过生重又写过熟重,统一口径
设计器草稿,糙米红薯青花鱼牛肉,胡萝卜,蔬菜类及制品,FOOD,RAW,生,生重、打碎、充分搅拌,1,中,A4 同原料口径不一致,该原料在不同食谱里既写过生重又写过熟重,统一口径
设计器草稿,糙米红薯青花鱼牛肉,胡萝卜,蔬菜类及制品,FOOD,RAW,生,生重、打碎、充分搅拌,1,中,A4 同原料口径不一致,该原料在不同食谱里既写过生重又写过熟重,统一口径
设计器草稿,糙米红薯青花鱼牛肉,红薯,薯类及制品,FOOD,RAW,生,去皮、生重、打碎、充分搅拌,1,中,A4 同原料口径不一致,该原料在不同食谱里既写过生重又写过熟重,统一口径
设计器草稿,糙米红薯青花鱼牛肉,红薯,薯类及制品,FOOD,RAW,生,去皮、生重、打碎、充分搅拌,1,中,A4 同原料口径不一致,该原料在不同食谱里既写过生重又写过熟重,统一口径
设计器草稿,糙米红薯青花鱼牛肉,红薯,薯类及制品,FOOD,RAW,生,去皮、生重、打碎、充分搅拌,1,中,A4 同原料口径不一致,该原料在不同食谱里既写过生重又写过熟重,统一口径
设计器草稿,糙米红薯青花鱼牛肉,胡萝卜,蔬菜类及制品,FOOD,RAW,生,生重、打碎、充分搅拌,1,中,A4 同原料口径不一致,该原料在不同食谱里既写过生重又写过熟重,统一口径
设计器草稿,糙米红薯青花鱼牛肉,胡萝卜,蔬菜类及制品,FOOD,RAW,生,生重、打碎、充分搅拌,1,中,A4 同原料口径不一致,该原料在不同食谱里既写过生重又写过熟重,统一口径
设计器草稿,糙米红薯青花鱼牛肉,胡萝卜,蔬菜类及制品,FOOD,RAW,生,生重、打碎、充分搅拌,1,中,A4 同原料口径不一致,该原料在不同食谱里既写过生重又写过熟重,统一口径
设计器草稿,糙米西葫芦牛肉,生蚝,水产类,FOOD,RAW,生,去壳、生重、焯水、打碎、充分搅拌,1,中,A2b 生档案却写熟制步骤,档案用生数据，步骤却含焯水/蒸煮,确认是口径写错还是档案选错
设计器草稿,糙米西葫芦牛肉,生蚝,水产类,FOOD,RAW,生,去壳、生重、焯水、打碎、充分搅拌,1,中,A2b 生档案却写熟制步骤,档案用生数据，步骤却含焯水/蒸煮,确认是口径写错还是档案选错
设计器草稿,糙米西葫芦牛肉,生蚝,水产类,FOOD,RAW,生,去壳、生重、焯水、打碎、充分搅拌,1,中,A2b 生档案却写熟制步骤,档案用生数据，步骤却含焯水/蒸煮,确认是口径写错还是档案选错
设计器草稿,糙米西葫芦牛肉,生蚝,水产类,FOOD,RAW,生,去壳、生重、焯水、打碎、充分搅拌,1,中,A2b 生档案却写熟制步骤,档案用生数据，步骤却含焯水/蒸煮,确认是口径写错还是档案选错
设计器草稿,糙米西葫芦牛肉,生蚝,水产类,FOOD,RAW,生,去壳、生重、焯水、打碎、充分搅拌,1,中,A2b 生档案却写熟制步骤,档案用生数据，步骤却含焯水/蒸煮,确认是口径写错还是档案选错
设计器草稿,糙米青口贝青花鱼牛肉,糙米,谷类及制品,FOOD,RAW,生,生重、打粉、充分搅拌,1,中,A4 同原料口径不一致,该原料在不同食谱里既写过生重又写过熟重,统一口径
设计器草稿,糙米青口贝青花鱼牛肉,糙米,谷类及制品,FOOD,RAW,生,生重、打粉、充分搅拌,1,中,A4 同原料口径不一致,该原料在不同食谱里既写过生重又写过熟重,统一口径
设计器草稿,糙米青口贝青花鱼牛肉,糙米,谷类及制品,FOOD,RAW,生,生重、打粉、充分搅拌,1,中,A4 同原料口径不一致,该原料在不同食谱里既写过生重又写过熟重,统一口径
设计器草稿,糙米青口贝青花鱼牛肉,糙米,谷类及制品,FOOD,RAW,生,生重、打粉、充分搅拌,1,中,A4 同原料口径不一致,该原料在不同食谱里既写过生重又写过熟重,统一口径
设计器草稿,糙米青口贝青花鱼牛肉,糙米,谷类及制品,FOOD,RAW,生,生重、打粉、充分搅拌,1,中,A4 同原料口径不一致,该原料在不同食谱里既写过生重又写过熟重,统一口径
设计器草稿,糙米青口贝青花鱼牛肉,胡萝卜,蔬菜类及制品,FOOD,RAW,生,留皮、生重、打碎、充分搅拌,1,中,A4 同原料口径不一致,该原料在不同食谱里既写过生重又写过熟重,统一口径
设计器草稿,糙米青口贝青花鱼牛肉,胡萝卜,蔬菜类及制品,FOOD,RAW,生,留皮、生重、打碎、充分搅拌,1,中,A4 同原料口径不一致,该原料在不同食谱里既写过生重又写过熟重,统一口径
设计器草稿,糙米青口贝青花鱼牛肉,胡萝卜,蔬菜类及制品,FOOD,RAW,生,留皮、生重、打碎、充分搅拌,1,中,A4 同原料口径不一致,该原料在不同食谱里既写过生重又写过熟重,统一口径
设计器草稿,糙米青口贝青花鱼牛肉,胡萝卜,蔬菜类及制品,FOOD,RAW,生,留皮、生重、打碎、充分搅拌,1,中,A4 同原料口径不一致,该原料在不同食谱里既写过生重又写过熟重,统一口径
设计器草稿,糙米青口贝青花鱼牛肉,胡萝卜,蔬菜类及制品,FOOD,RAW,生,留皮、生重、打碎、充分搅拌,1,中,A4 同原料口径不一致,该原料在不同食谱里既写过生重又写过熟重,统一口径
设计器草稿,糙米青口贝青花鱼牛肉,紫甘蓝,蔬菜类及制品,FOOD,RAW,生,生重、打碎、充分搅拌,1,中,A4 同原料口径不一致,该原料在不同食谱里既写过生重又写过熟重,统一口径
设计器草稿,糙米青口贝青花鱼牛肉,紫甘蓝,蔬菜类及制品,FOOD,RAW,生,生重、打碎、充分搅拌,1,中,A4 同原料口径不一致,该原料在不同食谱里既写过生重又写过熟重,统一口径
设计器草稿,糙米青口贝青花鱼牛肉,紫甘蓝,蔬菜类及制品,FOOD,RAW,生,生重、打碎、充分搅拌,1,中,A4 同原料口径不一致,该原料在不同食谱里既写过生重又写过熟重,统一口径
设计器草稿,糙米青口贝青花鱼牛肉,紫甘蓝,蔬菜类及制品,FOOD,RAW,生,生重、打碎、充分搅拌,1,中,A4 同原料口径不一致,该原料在不同食谱里既写过生重又写过熟重,统一口径
设计器草稿,糙米青口贝青花鱼牛肉,紫甘蓝,蔬菜类及制品,FOOD,RAW,生,生重、打碎、充分搅拌,1,中,A4 同原料口径不一致,该原料在不同食谱里既写过生重又写过熟重,统一口径
设计器草稿,糙米鸡蛋牛肉,糙米,谷类及制品,FOOD,COOKED,熟,煮熟后称重、充分搅拌,2,中,A3 熟档案未写口径 + A4 同原料口径不一致,没写按生重还是熟重称量；该原料在不同食谱里既写过生重又写过熟重,补「熟重」；统一口径
设计器草稿,糙米鸡蛋牛肉,糙米,谷类及制品,FOOD,RAW,生,生重、打粉、充分搅拌,1,中,A4 同原料口径不一致,该原料在不同食谱里既写过生重又写过熟重,统一口径
设计器草稿,糙米鸡蛋牛肉,糙米,谷类及制品,FOOD,RAW,生,生重、打粉、充分搅拌,1,中,A4 同原料口径不一致,该原料在不同食谱里既写过生重又写过熟重,统一口径
设计器草稿,糙米鸡蛋牛肉,糙米,谷类及制品,FOOD,RAW,生,生重、打粉、充分搅拌,1,中,A4 同原料口径不一致,该原料在不同食谱里既写过生重又写过熟重,统一口径
设计器草稿,糙米鸡蛋牛肉,糙米,谷类及制品,FOOD,RAW,生,生重、打粉、充分搅拌,1,中,A4 同原料口径不一致,该原料在不同食谱里既写过生重又写过熟重,统一口径
设计器草稿,糙米鸡蛋牛肉,糙米,谷类及制品,FOOD,RAW,生,生重、打粉、充分搅拌,1,中,A4 同原料口径不一致,该原料在不同食谱里既写过生重又写过熟重,统一口径
设计器草稿,糙米鸡蛋牛肉,红薯,薯类及制品,FOOD,RAW,生,去皮、生重、打碎、充分搅拌,1,中,A4 同原料口径不一致,该原料在不同食谱里既写过生重又写过熟重,统一口径
设计器草稿,糙米鸡蛋牛肉,红薯,薯类及制品,FOOD,COOKED,熟,去皮、煮熟后称重、打碎、充分搅拌,2,中,A3 熟档案未写口径 + A4 同原料口径不一致,没写按生重还是熟重称量；该原料在不同食谱里既写过生重又写过熟重,补「熟重」；统一口径
设计器草稿,糙米鸡蛋牛肉,红薯,薯类及制品,FOOD,RAW,生,去皮、生重、打碎、充分搅拌,1,中,A4 同原料口径不一致,该原料在不同食谱里既写过生重又写过熟重,统一口径
设计器草稿,糙米鸡蛋牛肉,红薯,薯类及制品,FOOD,RAW,生,去皮、生重、打碎、充分搅拌,1,中,A4 同原料口径不一致,该原料在不同食谱里既写过生重又写过熟重,统一口径
设计器草稿,糙米鸡蛋牛肉,红薯,薯类及制品,FOOD,RAW,生,去皮、生重、打碎、充分搅拌,1,中,A4 同原料口径不一致,该原料在不同食谱里既写过生重又写过熟重,统一口径
设计器草稿,糙米鸡蛋牛肉,红薯,薯类及制品,FOOD,RAW,生,去皮、生重、打碎、充分搅拌,1,中,A4 同原料口径不一致,该原料在不同食谱里既写过生重又写过熟重,统一口径
设计器草稿,糙米鸡蛋牛肉,胡萝卜,蔬菜类及制品,FOOD,RAW,生,留皮、生重、打碎、充分搅拌,1,中,A4 同原料口径不一致,该原料在不同食谱里既写过生重又写过熟重,统一口径
设计器草稿,糙米鸡蛋牛肉,胡萝卜,蔬菜类及制品,FOOD,COOKED,熟,煮熟后称重、打碎、充分搅拌,2,中,A3 熟档案未写口径 + A4 同原料口径不一致,没写按生重还是熟重称量；该原料在不同食谱里既写过生重又写过熟重,补「熟重」；统一口径
设计器草稿,糙米鸡蛋牛肉,胡萝卜,蔬菜类及制品,FOOD,RAW,生,留皮、生重、打碎、充分搅拌,1,中,A4 同原料口径不一致,该原料在不同食谱里既写过生重又写过熟重,统一口径
设计器草稿,糙米鸡蛋牛肉,胡萝卜,蔬菜类及制品,FOOD,RAW,生,留皮、生重、打碎、充分搅拌,1,中,A4 同原料口径不一致,该原料在不同食谱里既写过生重又写过熟重,统一口径
设计器草稿,糙米鸡蛋牛肉,胡萝卜,蔬菜类及制品,FOOD,RAW,生,留皮、生重、打碎、充分搅拌,1,中,A4 同原料口径不一致,该原料在不同食谱里既写过生重又写过熟重,统一口径
设计器草稿,糙米鸡蛋牛肉,胡萝卜,蔬菜类及制品,FOOD,RAW,生,留皮、生重、打碎、充分搅拌,1,中,A4 同原料口径不一致,该原料在不同食谱里既写过生重又写过熟重,统一口径
设计器草稿,红薯三文鱼鸡胸,菠菜,蔬菜类及制品,FOOD,RAW,生,焯水、沥干后称重、打碎、充分搅拌,1,中,A2b 生档案却写熟制步骤,档案用生数据，步骤却含焯水/蒸煮,确认是口径写错还是档案选错
设计器草稿,红薯三文鱼鸡胸,菠菜,蔬菜类及制品,FOOD,RAW,生,焯水、沥干后称重、打碎、充分搅拌,1,中,A2b 生档案却写熟制步骤,档案用生数据，步骤却含焯水/蒸煮,确认是口径写错还是档案选错
设计器草稿,红薯三文鱼鸡胸,菠菜,蔬菜类及制品,FOOD,RAW,生,焯水、沥干后称重、打碎、充分搅拌,1,中,A2b 生档案却写熟制步骤,档案用生数据，步骤却含焯水/蒸煮,确认是口径写错还是档案选错
设计器草稿,红薯三文鱼鸡胸,菠菜,蔬菜类及制品,FOOD,RAW,生,焯水、沥干后称重、打碎、充分搅拌,1,中,A2b 生档案却写熟制步骤,档案用生数据，步骤却含焯水/蒸煮,确认是口径写错还是档案选错
设计器草稿,红薯三文鱼鸡胸,菠菜,蔬菜类及制品,FOOD,RAW,生,焯水、沥干后称重、打碎、充分搅拌,1,中,A2b 生档案却写熟制步骤,档案用生数据，步骤却含焯水/蒸煮,确认是口径写错还是档案选错
设计器草稿,红薯三文鱼鸡胸 修订,菠菜,蔬菜类及制品,FOOD,RAW,生,焯水、沥干后称重、打碎、充分搅拌,1,中,A2b 生档案却写熟制步骤,档案用生数据，步骤却含焯水/蒸煮,确认是口径写错还是档案选错
设计器草稿,红薯鳕鱼鸭胸,大米,谷类及制品,FOOD,COOKED,熟,煮熟后称重、打碎、充分搅拌,1,中,A3 熟档案未写口径,没写按生重还是熟重称量,补「熟重」
设计器草稿,红薯鳕鱼鸭胸,大米,谷类及制品,FOOD,COOKED,熟,煮熟后称重、打碎、充分搅拌,1,中,A3 熟档案未写口径,没写按生重还是熟重称量,补「熟重」
设计器草稿,红薯鳕鱼鸭胸,四季豆,蔬菜类及制品,FOOD,COOKED,熟,煮熟后沥水称重、打碎后充分搅拌,2,中,B5 非标准词 + A3 熟档案未写口径,自由文本：煮熟后沥水称重 / 打碎后充分搅拌；没写按生重还是熟重称量,归入受控词表或补进字典；补「熟重」
设计器草稿,红薯鳕鱼鸭胸,四季豆,蔬菜类及制品,FOOD,COOKED,熟,煮熟后沥水称重、打碎后充分搅拌,2,中,B5 非标准词 + A3 熟档案未写口径,自由文本：煮熟后沥水称重 / 打碎后充分搅拌；没写按生重还是熟重称量,归入受控词表或补进字典；补「熟重」
设计器草稿,红薯鳕鱼鸭胸,西葫芦,蔬菜类及制品,FOOD,COOKED,熟,煮熟后称重、打碎、充分搅拌,1,中,A3 熟档案未写口径,没写按生重还是熟重称量,补「熟重」
设计器草稿,红薯鳕鱼鸭胸,西葫芦,蔬菜类及制品,FOOD,COOKED,熟,煮熟后称重、打碎、充分搅拌,1,中,A3 熟档案未写口径,没写按生重还是熟重称量,补「熟重」
设计器草稿,紫薯 辅食,小米,谷类及制品,FOOD,COOKED,熟,煮熟后称重、充分搅拌,2,中,A3 熟档案未写口径 + A4 同原料口径不一致,没写按生重还是熟重称量；该原料在不同食谱里既写过生重又写过熟重,补「熟重」；统一口径
设计器草稿,紫薯 辅食,大米,谷类及制品,FOOD,COOKED,熟,煮熟后称重、打碎、充分搅拌,1,中,A3 熟档案未写口径,没写按生重还是熟重称量,补「熟重」
设计器草稿,紫薯 辅食,糙米,谷类及制品,FOOD,COOKED,熟,煮熟后称重、充分搅拌,2,中,A3 熟档案未写口径 + A4 同原料口径不一致,没写按生重还是熟重称量；该原料在不同食谱里既写过生重又写过熟重,补「熟重」；统一口径
设计器草稿,紫薯 辅食,山药,薯类及制品,FOOD,RAW,生,去皮、生重、打碎、充分搅拌,1,中,A4 同原料口径不一致,该原料在不同食谱里既写过生重又写过熟重,统一口径
设计器草稿,紫薯 辅食,胡萝卜,蔬菜类及制品,FOOD,RAW,生,生重、打碎、充分搅拌,1,中,A4 同原料口径不一致,该原料在不同食谱里既写过生重又写过熟重,统一口径
设计器草稿,紫薯 辅食,西兰花,蔬菜类及制品,FOOD,RAW,生,打碎、静置30分钟、焯水沥干、称重、充分搅拌,3,中,B5 非标准词 + A2b 生档案却写熟制步骤 + A4 同原料口径不一致,自由文本：焯水沥干 / 称重；档案用生数据，步骤却含焯水/蒸煮；该原料在不同食谱里既写过生重又写过熟重,归入受控词表或补进字典；确认是口径写错还是档案选错；统一口径
设计器草稿,紫薯 辅食,紫甘蓝,蔬菜类及制品,FOOD,RAW,生,生重、打碎、充分搅拌,1,中,A4 同原料口径不一致,该原料在不同食谱里既写过生重又写过熟重,统一口径
设计器草稿,紫薯黑米猪里脊,上海青,蔬菜类及制品,FOOD,COOKED,熟,水煮或焯水后沥干、称重、打碎、充分搅拌,2,中,B5 非标准词 + A3 熟档案未写口径,自由文本：水煮或焯水后沥干 / 称重；没写按生重还是熟重称量,归入受控词表或补进字典；补「熟重」
设计器草稿,紫薯黑米猪里脊,上海青,蔬菜类及制品,FOOD,COOKED,熟,水煮或焯水后沥干、称重、打碎、充分搅拌,2,中,B5 非标准词 + A3 熟档案未写口径,自由文本：水煮或焯水后沥干 / 称重；没写按生重还是熟重称量,归入受控词表或补进字典；补「熟重」
设计器草稿,紫薯黑米猪里脊,红甜椒,蔬菜类及制品,FOOD,RAW,生,去瓤、生重、打碎、充分搅拌,1,中,A4 同原料口径不一致,该原料在不同食谱里既写过生重又写过熟重,统一口径
设计器草稿,紫薯黑米猪里脊,红甜椒,蔬菜类及制品,FOOD,RAW,生,去瓤、生重、打碎、充分搅拌,1,中,A4 同原料口径不一致,该原料在不同食谱里既写过生重又写过熟重,统一口径
设计器草稿,芋头燕麦火鸡胸,胡萝卜,蔬菜类及制品,FOOD,RAW,生,生重、打碎、充分搅拌,1,中,A4 同原料口径不一致,该原料在不同食谱里既写过生重又写过熟重,统一口径
设计器草稿,芋头燕麦火鸡胸,胡萝卜,蔬菜类及制品,FOOD,RAW,生,生重、打碎、充分搅拌,1,中,A4 同原料口径不一致,该原料在不同食谱里既写过生重又写过熟重,统一口径
设计器草稿,芋头燕麦火鸡胸,胡萝卜,蔬菜类及制品,FOOD,RAW,生,生重、打碎、充分搅拌,1,中,A4 同原料口径不一致,该原料在不同食谱里既写过生重又写过熟重,统一口径
设计器草稿,芋头燕麦火鸡胸,胡萝卜,蔬菜类及制品,FOOD,RAW,生,生重、打碎、充分搅拌,1,中,A4 同原料口径不一致,该原料在不同食谱里既写过生重又写过熟重,统一口径
设计器草稿,芋头燕麦火鸡胸,胡萝卜,蔬菜类及制品,FOOD,RAW,生,生重、打碎、充分搅拌,1,中,A4 同原料口径不一致,该原料在不同食谱里既写过生重又写过熟重,统一口径
设计器草稿,花卷 的鲜食食谱 06/27,亚麻籽,坚果种子类,FOOD,DRIED,干,打粉后充分搅拌,1,中,B5 非标准词,自由文本：打粉后充分搅拌,归入受控词表或补进字典
设计器草稿,花卷 的鲜食食谱 06/27,南瓜,蔬菜类及制品,FOOD,COOKED,熟,去皮、去瓤、煮熟后称重、打碎、充分搅拌,2,中,A3 熟档案未写口径 + A4 同原料口径不一致,没写按生重还是熟重称量；该原料在不同食谱里既写过生重又写过熟重,补「熟重」；统一口径
设计器草稿,花卷 的鲜食食谱 06/27,西葫芦,蔬菜类及制品,FOOD,COOKED,熟,煮熟后称重、打碎、充分搅拌,1,中,A3 熟档案未写口径,没写按生重还是熟重称量,补「熟重」
设计器草稿,花椰菜糙米鸭肉,糙米,谷类及制品,FOOD,COOKED,熟,流水冲洗、浸泡60分钟、煮熟后称重、打碎、充分搅拌,2,中,A3 熟档案未写口径 + A4 同原料口径不一致,没写按生重还是熟重称量；该原料在不同食谱里既写过生重又写过熟重,补「熟重」；统一口径
设计器草稿,花椰菜糙米鸭肉,糙米,谷类及制品,FOOD,COOKED,熟,流水冲洗、浸泡60分钟、煮熟后称重、打碎、充分搅拌,2,中,A3 熟档案未写口径 + A4 同原料口径不一致,没写按生重还是熟重称量；该原料在不同食谱里既写过生重又写过熟重,补「熟重」；统一口径
设计器草稿,花椰菜糙米鸭肉,糙米,谷类及制品,FOOD,COOKED,熟,流水冲洗、浸泡60分钟、煮熟后称重、打碎、充分搅拌,2,中,A3 熟档案未写口径 + A4 同原料口径不一致,没写按生重还是熟重称量；该原料在不同食谱里既写过生重又写过熟重,补「熟重」；统一口径
设计器草稿,花椰菜糙米鸭肉,南瓜,蔬菜类及制品,FOOD,COOKED,熟,去皮、去瓤、煮熟后称重、打碎、充分搅拌,2,中,A3 熟档案未写口径 + A4 同原料口径不一致,没写按生重还是熟重称量；该原料在不同食谱里既写过生重又写过熟重,补「熟重」；统一口径
设计器草稿,花椰菜糙米鸭肉,南瓜,蔬菜类及制品,FOOD,COOKED,熟,去皮、去瓤、煮熟后称重、打碎、充分搅拌,2,中,A3 熟档案未写口径 + A4 同原料口径不一致,没写按生重还是熟重称量；该原料在不同食谱里既写过生重又写过熟重,补「熟重」；统一口径
设计器草稿,花椰菜糙米鸭肉,南瓜,蔬菜类及制品,FOOD,COOKED,熟,去皮、去瓤、煮熟后称重、打碎、充分搅拌,2,中,A3 熟档案未写口径 + A4 同原料口径不一致,没写按生重还是熟重称量；该原料在不同食谱里既写过生重又写过熟重,补「熟重」；统一口径
设计器草稿,莓莓 的鲜食食谱 08/23,西兰花,蔬菜类及制品,FOOD,RAW,生,生重、打碎、充分搅拌,1,中,A4 同原料口径不一致,该原料在不同食谱里既写过生重又写过熟重,统一口径
设计器草稿,莓莓 的鲜食食谱 08/23,猪肝,畜肉类及制品,FOOD,RAW,生,去油、生重、焯水、打碎、充分搅拌,1,中,A2b 生档案却写熟制步骤,档案用生数据，步骤却含焯水/蒸煮,确认是口径写错还是档案选错
设计器草稿,莓莓 的鲜食食谱 08/23,生蚝,水产类,FOOD,RAW,生,去壳、生重、焯水、打碎、充分搅拌,1,中,A2b 生档案却写熟制步骤,档案用生数据，步骤却含焯水/蒸煮,确认是口径写错还是档案选错
设计器草稿,萝卜绿豆鸭胸猪里脊,藜麦,谷类及制品,FOOD,RAW,生,生重、打粉、充分搅拌,1,中,A4 同原料口径不一致,该原料在不同食谱里既写过生重又写过熟重,统一口径
设计器草稿,萝卜绿豆鸭胸猪里脊,藜麦,谷类及制品,FOOD,RAW,生,生重、打粉、充分搅拌,1,中,A4 同原料口径不一致,该原料在不同食谱里既写过生重又写过熟重,统一口径
设计器草稿,萝卜绿豆鸭胸猪里脊,藜麦,谷类及制品,FOOD,RAW,生,生重、打粉、充分搅拌,1,中,A4 同原料口径不一致,该原料在不同食谱里既写过生重又写过熟重,统一口径
设计器草稿,萝卜绿豆鸭胸猪里脊,藜麦,谷类及制品,FOOD,RAW,生,生重、打粉、充分搅拌,1,中,A4 同原料口径不一致,该原料在不同食谱里既写过生重又写过熟重,统一口径
设计器草稿,萝卜绿豆鸭胸猪里脊,藜麦,谷类及制品,FOOD,RAW,生,生重、打粉、充分搅拌,1,中,A4 同原料口径不一致,该原料在不同食谱里既写过生重又写过熟重,统一口径
设计器草稿,萝卜绿豆鸭胸猪里脊,白萝卜,蔬菜类及制品,FOOD,RAW,生,去皮、生重、打碎、充分搅拌,1,中,A4 同原料口径不一致,该原料在不同食谱里既写过生重又写过熟重,统一口径
设计器草稿,萝卜绿豆鸭胸猪里脊,白萝卜,蔬菜类及制品,FOOD,RAW,生,去皮、生重、打碎、充分搅拌,1,中,A4 同原料口径不一致,该原料在不同食谱里既写过生重又写过熟重,统一口径
设计器草稿,萝卜绿豆鸭胸猪里脊,白萝卜,蔬菜类及制品,FOOD,RAW,生,去皮、生重、打碎、充分搅拌,1,中,A4 同原料口径不一致,该原料在不同食谱里既写过生重又写过熟重,统一口径
设计器草稿,萝卜绿豆鸭胸猪里脊,白萝卜,蔬菜类及制品,FOOD,RAW,生,去皮、生重、打碎、充分搅拌,1,中,A4 同原料口径不一致,该原料在不同食谱里既写过生重又写过熟重,统一口径
设计器草稿,萝卜绿豆鸭胸猪里脊,白萝卜,蔬菜类及制品,FOOD,RAW,生,去皮、生重、打碎、充分搅拌,1,中,A4 同原料口径不一致,该原料在不同食谱里既写过生重又写过熟重,统一口径
设计器草稿,藜麦兔里脊猪肉,藜麦,谷类及制品,FOOD,RAW,生,生重、打碎、充分搅拌,1,中,A4 同原料口径不一致,该原料在不同食谱里既写过生重又写过熟重,统一口径
设计器草稿,藜麦兔里脊猪肉,藜麦,谷类及制品,FOOD,RAW,生,生重、打碎、充分搅拌,1,中,A4 同原料口径不一致,该原料在不同食谱里既写过生重又写过熟重,统一口径
设计器草稿,藜麦兔里脊猪肉,藜麦,谷类及制品,FOOD,RAW,生,生重、打碎、充分搅拌,1,中,A4 同原料口径不一致,该原料在不同食谱里既写过生重又写过熟重,统一口径
设计器草稿,藜麦兔里脊猪肉,藜麦,谷类及制品,FOOD,RAW,生,生重、打碎、充分搅拌,1,中,A4 同原料口径不一致,该原料在不同食谱里既写过生重又写过熟重,统一口径
设计器草稿,藜麦兔里脊猪肉,藜麦,谷类及制品,FOOD,RAW,生,生重、打碎、充分搅拌,1,中,A4 同原料口径不一致,该原料在不同食谱里既写过生重又写过熟重,统一口径
设计器草稿,藜麦兔里脊猪肉,红薯,薯类及制品,FOOD,RAW,生,去皮、生重、打碎、充分搅拌,1,中,A4 同原料口径不一致,该原料在不同食谱里既写过生重又写过熟重,统一口径
设计器草稿,藜麦兔里脊猪肉,红薯,薯类及制品,FOOD,RAW,生,去皮、生重、打碎、充分搅拌,1,中,A4 同原料口径不一致,该原料在不同食谱里既写过生重又写过熟重,统一口径
设计器草稿,藜麦兔里脊猪肉,红薯,薯类及制品,FOOD,RAW,生,去皮、生重、打碎、充分搅拌,1,中,A4 同原料口径不一致,该原料在不同食谱里既写过生重又写过熟重,统一口径
设计器草稿,藜麦兔里脊猪肉,红薯,薯类及制品,FOOD,RAW,生,去皮、生重、打碎、充分搅拌,1,中,A4 同原料口径不一致,该原料在不同食谱里既写过生重又写过熟重,统一口径
设计器草稿,藜麦兔里脊猪肉,红薯,薯类及制品,FOOD,RAW,生,去皮、生重、打碎、充分搅拌,1,中,A4 同原料口径不一致,该原料在不同食谱里既写过生重又写过熟重,统一口径
设计器草稿,藜麦兔里脊猪肉,胡萝卜,蔬菜类及制品,FOOD,RAW,生,留皮、生重、打碎、充分搅拌,1,中,A4 同原料口径不一致,该原料在不同食谱里既写过生重又写过熟重,统一口径
设计器草稿,藜麦兔里脊猪肉,胡萝卜,蔬菜类及制品,FOOD,RAW,生,留皮、生重、打碎、充分搅拌,1,中,A4 同原料口径不一致,该原料在不同食谱里既写过生重又写过熟重,统一口径
设计器草稿,藜麦兔里脊猪肉,胡萝卜,蔬菜类及制品,FOOD,RAW,生,留皮、生重、打碎、充分搅拌,1,中,A4 同原料口径不一致,该原料在不同食谱里既写过生重又写过熟重,统一口径
设计器草稿,藜麦兔里脊猪肉,胡萝卜,蔬菜类及制品,FOOD,RAW,生,留皮、生重、打碎、充分搅拌,1,中,A4 同原料口径不一致,该原料在不同食谱里既写过生重又写过熟重,统一口径
设计器草稿,藜麦兔里脊猪肉,胡萝卜,蔬菜类及制品,FOOD,RAW,生,留皮、生重、打碎、充分搅拌,1,中,A4 同原料口径不一致,该原料在不同食谱里既写过生重又写过熟重,统一口径
设计器草稿,藜麦南瓜生蚝鸡腿牛肉,藜麦,谷类及制品,FOOD,RAW,生,生重、打粉、充分搅拌,1,中,A4 同原料口径不一致,该原料在不同食谱里既写过生重又写过熟重,统一口径
设计器草稿,藜麦南瓜生蚝鸡腿牛肉,藜麦,谷类及制品,FOOD,RAW,生,生重、打粉、充分搅拌,1,中,A4 同原料口径不一致,该原料在不同食谱里既写过生重又写过熟重,统一口径
设计器草稿,藜麦南瓜生蚝鸡腿牛肉,藜麦,谷类及制品,FOOD,RAW,生,生重、打粉、充分搅拌,1,中,A4 同原料口径不一致,该原料在不同食谱里既写过生重又写过熟重,统一口径
设计器草稿,藜麦南瓜生蚝鸡腿牛肉,藜麦,谷类及制品,FOOD,RAW,生,生重、打粉、充分搅拌,1,中,A4 同原料口径不一致,该原料在不同食谱里既写过生重又写过熟重,统一口径
设计器草稿,藜麦南瓜生蚝鸡腿牛肉,藜麦,谷类及制品,FOOD,RAW,生,生重、打粉、充分搅拌,1,中,A4 同原料口径不一致,该原料在不同食谱里既写过生重又写过熟重,统一口径
设计器草稿,藜麦南瓜生蚝鸡腿牛肉,南瓜,蔬菜类及制品,FOOD,RAW,生,去皮、去瓤、生重、打碎、充分搅拌,1,中,A4 同原料口径不一致,该原料在不同食谱里既写过生重又写过熟重,统一口径
设计器草稿,藜麦南瓜生蚝鸡腿牛肉,南瓜,蔬菜类及制品,FOOD,RAW,生,去皮、去瓤、生重、打碎、充分搅拌,1,中,A4 同原料口径不一致,该原料在不同食谱里既写过生重又写过熟重,统一口径
设计器草稿,藜麦南瓜生蚝鸡腿牛肉,南瓜,蔬菜类及制品,FOOD,RAW,生,去皮、去瓤、生重、打碎、充分搅拌,1,中,A4 同原料口径不一致,该原料在不同食谱里既写过生重又写过熟重,统一口径
设计器草稿,藜麦南瓜生蚝鸡腿牛肉,南瓜,蔬菜类及制品,FOOD,RAW,生,去皮、去瓤、生重、打碎、充分搅拌,1,中,A4 同原料口径不一致,该原料在不同食谱里既写过生重又写过熟重,统一口径
设计器草稿,藜麦南瓜生蚝鸡腿牛肉,南瓜,蔬菜类及制品,FOOD,RAW,生,去皮、去瓤、生重、打碎、充分搅拌,1,中,A4 同原料口径不一致,该原料在不同食谱里既写过生重又写过熟重,统一口径
设计器草稿,藜麦南瓜生蚝鸡腿牛肉,胡萝卜,蔬菜类及制品,FOOD,RAW,生,去皮、生重、打碎、充分搅拌,1,中,A4 同原料口径不一致,该原料在不同食谱里既写过生重又写过熟重,统一口径
设计器草稿,藜麦南瓜生蚝鸡腿牛肉,胡萝卜,蔬菜类及制品,FOOD,RAW,生,去皮、生重、打碎、充分搅拌,1,中,A4 同原料口径不一致,该原料在不同食谱里既写过生重又写过熟重,统一口径
设计器草稿,藜麦南瓜生蚝鸡腿牛肉,胡萝卜,蔬菜类及制品,FOOD,RAW,生,去皮、生重、打碎、充分搅拌,1,中,A4 同原料口径不一致,该原料在不同食谱里既写过生重又写过熟重,统一口径
设计器草稿,藜麦南瓜生蚝鸡腿牛肉,胡萝卜,蔬菜类及制品,FOOD,RAW,生,去皮、生重、打碎、充分搅拌,1,中,A4 同原料口径不一致,该原料在不同食谱里既写过生重又写过熟重,统一口径
设计器草稿,藜麦南瓜生蚝鸡腿牛肉,胡萝卜,蔬菜类及制品,FOOD,RAW,生,去皮、生重、打碎、充分搅拌,1,中,A4 同原料口径不一致,该原料在不同食谱里既写过生重又写过熟重,统一口径
设计器草稿,藜麦南瓜生蚝鸡腿牛肉,西兰花,蔬菜类及制品,FOOD,RAW,生,生重、打碎、充分搅拌,1,中,A4 同原料口径不一致,该原料在不同食谱里既写过生重又写过熟重,统一口径
设计器草稿,藜麦南瓜生蚝鸡腿牛肉,西兰花,蔬菜类及制品,FOOD,RAW,生,生重、打碎、充分搅拌,1,中,A4 同原料口径不一致,该原料在不同食谱里既写过生重又写过熟重,统一口径
设计器草稿,藜麦南瓜生蚝鸡腿牛肉,西兰花,蔬菜类及制品,FOOD,RAW,生,生重、打碎、充分搅拌,1,中,A4 同原料口径不一致,该原料在不同食谱里既写过生重又写过熟重,统一口径
设计器草稿,藜麦南瓜生蚝鸡腿牛肉,西兰花,蔬菜类及制品,FOOD,RAW,生,生重、打碎、充分搅拌,1,中,A4 同原料口径不一致,该原料在不同食谱里既写过生重又写过熟重,统一口径
设计器草稿,藜麦南瓜生蚝鸡腿牛肉,西兰花,蔬菜类及制品,FOOD,RAW,生,生重、打碎、充分搅拌,1,中,A4 同原料口径不一致,该原料在不同食谱里既写过生重又写过熟重,统一口径
设计器草稿,西葫芦大米比目鱼鸡肉,大米,谷类及制品,FOOD,COOKED,熟,煮熟后称重、打碎、充分搅拌,1,中,A3 熟档案未写口径,没写按生重还是熟重称量,补「熟重」
设计器草稿,西葫芦大米比目鱼鸡肉,大米,谷类及制品,FOOD,COOKED,熟,煮熟后称重、打碎、充分搅拌,1,中,A3 熟档案未写口径,没写按生重还是熟重称量,补「熟重」
设计器草稿,西葫芦大米比目鱼鸡肉,西葫芦,蔬菜类及制品,FOOD,COOKED,熟,煮熟后称重、打碎、充分搅拌,1,中,A3 熟档案未写口径,没写按生重还是熟重称量,补「熟重」
设计器草稿,西葫芦大米比目鱼鸡肉,西葫芦,蔬菜类及制品,FOOD,COOKED,熟,煮熟后称重、打碎、充分搅拌,1,中,A3 熟档案未写口径,没写按生重还是熟重称量,补「熟重」
设计器草稿,西葫芦大米比目鱼鸡肉,上海青,蔬菜类及制品,FOOD,COOKED,熟,水煮或焯水后沥干、称重、打碎、充分搅拌,2,中,B5 非标准词 + A3 熟档案未写口径,自由文本：水煮或焯水后沥干 / 称重；没写按生重还是熟重称量,归入受控词表或补进字典；补「熟重」
设计器草稿,西葫芦大米比目鱼鸡肉,上海青,蔬菜类及制品,FOOD,COOKED,熟,水煮或焯水后沥干、称重、打碎、充分搅拌,2,中,B5 非标准词 + A3 熟档案未写口径,自由文本：水煮或焯水后沥干 / 称重；没写按生重还是熟重称量,归入受控词表或补进字典；补「熟重」
设计器草稿,财宝定制,生蚝,水产类,FOOD,RAW,生,去壳、生重、焯水、打碎、充分搅拌,1,中,A2b 生档案却写熟制步骤,档案用生数据，步骤却含焯水/蒸煮,确认是口径写错还是档案选错
设计器草稿,财宝定制,生蚝,水产类,FOOD,RAW,生,去壳、生重、焯水、打碎、充分搅拌,1,中,A2b 生档案却写熟制步骤,档案用生数据，步骤却含焯水/蒸煮,确认是口径写错还是档案选错
设计器草稿,财宝定制,燕麦,谷类及制品,FOOD,DRIED,干,无添加即食燕麦、打碎、充分搅拌,2,中,B6 商品属性写进步骤 + B5 非标准词,这些片段不是厨房动作，而是商品属性：无添加即食燕麦；自由文本：无添加即食燕麦,移到原料规格/备注，不放在制备说明；归入受控词表或补进字典
设计器草稿,财宝定制,燕麦,谷类及制品,FOOD,DRIED,干,无添加即食燕麦、打碎、充分搅拌,2,中,B6 商品属性写进步骤 + B5 非标准词,这些片段不是厨房动作，而是商品属性：无添加即食燕麦；自由文本：无添加即食燕麦,移到原料规格/备注，不放在制备说明；归入受控词表或补进字典
设计器草稿,财宝定制,西兰花,蔬菜类及制品,FOOD,RAW,生,打碎、静置30分钟、焯水沥干、称重、充分搅拌,3,中,B5 非标准词 + A2b 生档案却写熟制步骤 + A4 同原料口径不一致,自由文本：焯水沥干 / 称重；档案用生数据，步骤却含焯水/蒸煮；该原料在不同食谱里既写过生重又写过熟重,归入受控词表或补进字典；确认是口径写错还是档案选错；统一口径
设计器草稿,财宝定制,西兰花,蔬菜类及制品,FOOD,RAW,生,打碎、静置30分钟、焯水沥干、称重、充分搅拌,3,中,B5 非标准词 + A2b 生档案却写熟制步骤 + A4 同原料口径不一致,自由文本：焯水沥干 / 称重；档案用生数据，步骤却含焯水/蒸煮；该原料在不同食谱里既写过生重又写过熟重,归入受控词表或补进字典；确认是口径写错还是档案选错；统一口径
设计器草稿,财宝定制,紫甘蓝,蔬菜类及制品,FOOD,RAW,生,生重、打碎、充分搅拌,1,中,A4 同原料口径不一致,该原料在不同食谱里既写过生重又写过熟重,统一口径
设计器草稿,财宝定制,紫甘蓝,蔬菜类及制品,FOOD,RAW,生,生重、打碎、充分搅拌,1,中,A4 同原料口径不一致,该原料在不同食谱里既写过生重又写过熟重,统一口径
设计器草稿,财宝定制食谱,大米,谷类及制品,FOOD,RAW,生,"39b36568-24f1-4b20-b8ef-61ce023d568d, af4c8a9c-98bf-4f91-ab07-4927aae2c4c2",1,中,B1 机器码残留,文案存的是字典 ID（接口会解析成中文，不显示乱码），但存储形式脆弱：字典缺项就会异常，且会掩盖「无营养档案」等问题,按字典还原为标准词（18/19 可确定性还原）
设计器草稿,财宝定制食谱,火麻籽,坚果种子类,FOOD,DRIED,干,"dd27baa4-36cb-4405-9092-0eb37e6160fa, af4c8a9c-98bf-4f91-ab07-4927aae2c4c2",1,中,B1 机器码残留,文案存的是字典 ID（接口会解析成中文，不显示乱码），但存储形式脆弱：字典缺项就会异常，且会掩盖「无营养档案」等问题,按字典还原为标准词（18/19 可确定性还原）
设计器草稿,财宝定制食谱,小麦胚芽油,油脂类,FOOD,OIL,油脂,af4c8a9c-98bf-4f91-ab07-4927aae2c4c2,1,中,B1 机器码残留,文案存的是字典 ID（接口会解析成中文，不显示乱码），但存储形式脆弱：字典缺项就会异常，且会掩盖「无营养档案」等问题,按字典还原为标准词（18/19 可确定性还原）
设计器草稿,财宝定制食谱,食用盐,调味品类,FOOD,DRIED,干,af4c8a9c-98bf-4f91-ab07-4927aae2c4c2,1,中,B1 机器码残留,文案存的是字典 ID（接口会解析成中文，不显示乱码），但存储形式脆弱：字典缺项就会异常，且会掩盖「无营养档案」等问题,按字典还原为标准词（18/19 可确定性还原）
设计器草稿,财宝定制食谱,鸡蛋壳粉,乳类及制品,SUPPLEMENT,CONCENTRATE,浓缩补剂,af4c8a9c-98bf-4f91-ab07-4927aae2c4c2,1,中,B1 机器码残留,文案存的是字典 ID（接口会解析成中文，不显示乱码），但存储形式脆弱：字典缺项就会异常，且会掩盖「无营养档案」等问题,按字典还原为标准词（18/19 可确定性还原）
设计器草稿,财宝定制食谱,海藻粉,乳类及制品,SUPPLEMENT,CONCENTRATE,浓缩补剂,af4c8a9c-98bf-4f91-ab07-4927aae2c4c2,1,中,B1 机器码残留,文案存的是字典 ID（接口会解析成中文，不显示乱码），但存储形式脆弱：字典缺项就会异常，且会掩盖「无营养档案」等问题,按字典还原为标准词（18/19 可确定性还原）
设计器草稿,财宝定制食谱,双甘氨酸铜片,乳类及制品,SUPPLEMENT,CONCENTRATE,浓缩补剂,"df60590f-a697-4897-ab08-1322e2287268, af4c8a9c-98bf-4f91-ab07-4927aae2c4c2",1,中,B1 机器码残留,文案存的是字典 ID（接口会解析成中文，不显示乱码），但存储形式脆弱：字典缺项就会异常，且会掩盖「无营养档案」等问题,按字典还原为标准词（18/19 可确定性还原）
设计器草稿,财宝的定制20260911,猪肝,畜肉类及制品,FOOD,RAW,生,去油、生重、焯水、打碎、充分搅拌,1,中,A2b 生档案却写熟制步骤,档案用生数据，步骤却含焯水/蒸煮,确认是口径写错还是档案选错
设计器草稿,财宝的定制20260911,南瓜,蔬菜类及制品,FOOD,COOKED,熟,去皮、去瓤、煮熟后称重、打碎、充分搅拌,2,中,A3 熟档案未写口径 + A4 同原料口径不一致,没写按生重还是熟重称量；该原料在不同食谱里既写过生重又写过熟重,补「熟重」；统一口径
设计器草稿,财宝的定制20260911,大米,谷类及制品,FOOD,COOKED,熟,煮熟后称重、打碎、充分搅拌,1,中,A3 熟档案未写口径,没写按生重还是熟重称量,补「熟重」
设计器草稿,财宝的定制20260911,土豆,薯类及制品,FOOD,COOKED,熟,去皮、煮熟后称重、打碎、充分搅拌,1,中,A3 熟档案未写口径,没写按生重还是熟重称量,补「熟重」
设计器草稿,财宝的定制20260911,紫薯,蔬菜类及制品,FOOD,COOKED,熟,去皮、煮熟后称重,1,中,A3 熟档案未写口径,没写按生重还是熟重称量,补「熟重」
设计器草稿,财宝的定制20260911,生菜,蔬菜类及制品,FOOD,RAW,生,生重、焯水、打碎、充分搅拌,1,中,A2b 生档案却写熟制步骤,档案用生数据，步骤却含焯水/蒸煮,确认是口径写错还是档案选错
设计器草稿,蹦蹦 的鲜食食谱 07/23,胡萝卜,蔬菜类及制品,FOOD,COOKED,熟,煮熟后称重、打碎、充分搅拌,2,中,A3 熟档案未写口径 + A4 同原料口径不一致,没写按生重还是熟重称量；该原料在不同食谱里既写过生重又写过熟重,补「熟重」；统一口径
设计器草稿,迪迪 的鲜食食谱 06/27,山药,薯类及制品,FOOD,RAW,生,去皮、生重、打碎、充分搅拌,1,中,A4 同原料口径不一致,该原料在不同食谱里既写过生重又写过熟重,统一口径
设计器草稿,迪迪 的鲜食食谱 06/27,燕麦,谷类及制品,FOOD,DRIED,干,无添加即食燕麦、打碎、充分搅拌,2,中,B6 商品属性写进步骤 + B5 非标准词,这些片段不是厨房动作，而是商品属性：无添加即食燕麦；自由文本：无添加即食燕麦,移到原料规格/备注，不放在制备说明；归入受控词表或补进字典
设计器草稿,迪迪 的鲜食食谱 06/27,生菜,蔬菜类及制品,FOOD,RAW,生,生重、焯水、打碎、充分搅拌,1,中,A2b 生档案却写熟制步骤,档案用生数据，步骤却含焯水/蒸煮,确认是口径写错还是档案选错
设计器草稿,迪迪 的鲜食食谱 06/27,花椰菜,蔬菜类及制品,FOOD,RAW,生,去老梗、焯水后称重、打碎、充分搅拌,2,中,B5 非标准词 + A2b 生档案却写熟制步骤,自由文本：焯水后称重；档案用生数据，步骤却含焯水/蒸煮,归入受控词表或补进字典；确认是口径写错还是档案选错
设计器草稿,迪迪 的鲜食食谱 06/27,西兰花,蔬菜类及制品,FOOD,RAW,生,打碎、静置30分钟、焯水沥干、称重、充分搅拌,3,中,B5 非标准词 + A2b 生档案却写熟制步骤 + A4 同原料口径不一致,自由文本：焯水沥干 / 称重；档案用生数据，步骤却含焯水/蒸煮；该原料在不同食谱里既写过生重又写过熟重,归入受控词表或补进字典；确认是口径写错还是档案选错；统一口径
设计器草稿,青口贝虾仁鸡胸（幺鸡）,红薯,薯类及制品,FOOD,COOKED,熟,去皮、煮熟后称重、打碎、充分搅拌,2,中,A3 熟档案未写口径 + A4 同原料口径不一致,没写按生重还是熟重称量；该原料在不同食谱里既写过生重又写过熟重,补「熟重」；统一口径
设计器草稿,青口贝虾仁鸡胸（幺鸡）,红薯,薯类及制品,FOOD,COOKED,熟,去皮、煮熟后称重、打碎、充分搅拌,2,中,A3 熟档案未写口径 + A4 同原料口径不一致,没写按生重还是熟重称量；该原料在不同食谱里既写过生重又写过熟重,补「熟重」；统一口径
设计器草稿,青口贝虾仁鸡胸（幺鸡）,上海青,蔬菜类及制品,FOOD,RAW,生,水煮或焯水后沥干、称重、打碎、充分搅拌,2,中,B5 非标准词 + A2b 生档案却写熟制步骤,自由文本：水煮或焯水后沥干 / 称重；档案用生数据，步骤却含焯水/蒸煮,归入受控词表或补进字典；确认是口径写错还是档案选错
设计器草稿,青口贝虾仁鸡胸（幺鸡）,上海青,蔬菜类及制品,FOOD,RAW,生,水煮或焯水后沥干、称重、打碎、充分搅拌,2,中,B5 非标准词 + A2b 生档案却写熟制步骤,自由文本：水煮或焯水后沥干 / 称重；档案用生数据，步骤却含焯水/蒸煮,归入受控词表或补进字典；确认是口径写错还是档案选错
设计器草稿,青口贝虾仁鸡胸（幺鸡）,西葫芦,蔬菜类及制品,FOOD,COOKED,熟,煮熟后称重、打碎、充分搅拌,1,中,A3 熟档案未写口径,没写按生重还是熟重称量,补「熟重」
设计器草稿,青口贝虾仁鸡胸（幺鸡）,西葫芦,蔬菜类及制品,FOOD,COOKED,熟,煮熟后称重、打碎、充分搅拌,1,中,A3 熟档案未写口径,没写按生重还是熟重称量,补「熟重」
设计器草稿,青花鱼对虾牛肉(财宝),红薯,薯类及制品,FOOD,COOKED,熟,去皮、煮熟后称重、打碎、充分搅拌,2,中,A3 熟档案未写口径 + A4 同原料口径不一致,没写按生重还是熟重称量；该原料在不同食谱里既写过生重又写过熟重,补「熟重」；统一口径
设计器草稿,青花鱼对虾牛肉(财宝),紫甘蓝,蔬菜类及制品,FOOD,COOKED,熟,煮熟后沥水、打碎、充分搅拌,3,中,B5 非标准词 + A3 熟档案未写口径 + A4 同原料口径不一致,自由文本：煮熟后沥水；没写按生重还是熟重称量；该原料在不同食谱里既写过生重又写过熟重,归入受控词表或补进字典；补「熟重」；统一口径
设计器草稿,青花鱼对虾牛肉(财宝),西兰花,蔬菜类及制品,FOOD,COOKED,熟,打碎、静置30分钟、焯水沥干、称重、充分搅拌,3,中,B5 非标准词 + A3 熟档案未写口径 + A4 同原料口径不一致,自由文本：焯水沥干 / 称重；没写按生重还是熟重称量；该原料在不同食谱里既写过生重又写过熟重,归入受控词表或补进字典；补「熟重」；统一口径
设计器草稿,青花鱼对虾牛肉(财宝),胡萝卜,蔬菜类及制品,FOOD,COOKED,熟,煮熟后称重、打碎、充分搅拌,2,中,A3 熟档案未写口径 + A4 同原料口径不一致,没写按生重还是熟重称量；该原料在不同食谱里既写过生重又写过熟重,补「熟重」；统一口径
设计器草稿,马？,燕麦,谷类及制品,FOOD,DRIED,干,无添加即食燕麦、打碎、充分搅拌,2,中,B6 商品属性写进步骤 + B5 非标准词,这些片段不是厨房动作，而是商品属性：无添加即食燕麦；自由文本：无添加即食燕麦,移到原料规格/备注，不放在制备说明；归入受控词表或补进字典
设计器草稿,马？,亚麻籽,坚果种子类,FOOD,DRIED,干,打粉后充分搅拌,1,中,B5 非标准词,自由文本：打粉后充分搅拌,归入受控词表或补进字典
设计器草稿,鳕鱼鸡蛋牛肉(路宝),红薯,薯类及制品,FOOD,COOKED,熟,去皮、煮熟后称重、打碎、充分搅拌,2,中,A3 熟档案未写口径 + A4 同原料口径不一致,没写按生重还是熟重称量；该原料在不同食谱里既写过生重又写过熟重,补「熟重」；统一口径
设计器草稿,鳕鱼鸡蛋牛肉(路宝),红薯,薯类及制品,FOOD,COOKED,熟,去皮、煮熟后称重、打碎、充分搅拌,2,中,A3 熟档案未写口径 + A4 同原料口径不一致,没写按生重还是熟重称量；该原料在不同食谱里既写过生重又写过熟重,补「熟重」；统一口径
设计器草稿,鸡兔-lp DV,糙米,谷类及制品,FOOD,COOKED,熟,煮熟后称重、充分搅拌,2,中,A3 熟档案未写口径 + A4 同原料口径不一致,没写按生重还是熟重称量；该原料在不同食谱里既写过生重又写过熟重,补「熟重」；统一口径
设计器草稿,鸡兔-lp DV,小米,谷类及制品,FOOD,COOKED,熟,煮熟后称重、充分搅拌,2,中,A3 熟档案未写口径 + A4 同原料口径不一致,没写按生重还是熟重称量；该原料在不同食谱里既写过生重又写过熟重,补「熟重」；统一口径
设计器草稿,鸡兔-lp DV,大米,谷类及制品,FOOD,COOKED,熟,煮熟后称重、打碎、充分搅拌,1,中,A3 熟档案未写口径,没写按生重还是熟重称量,补「熟重」
设计器草稿,鸡兔-lp DV,胡萝卜,蔬菜类及制品,FOOD,RAW,生,生重、打碎、充分搅拌,1,中,A4 同原料口径不一致,该原料在不同食谱里既写过生重又写过熟重,统一口径
设计器草稿,鸡兔-lp DV,西兰花,蔬菜类及制品,FOOD,RAW,生,打碎、静置30分钟、焯水沥干、称重、充分搅拌,3,中,B5 非标准词 + A2b 生档案却写熟制步骤 + A4 同原料口径不一致,自由文本：焯水沥干 / 称重；档案用生数据，步骤却含焯水/蒸煮；该原料在不同食谱里既写过生重又写过熟重,归入受控词表或补进字典；确认是口径写错还是档案选错；统一口径
设计器草稿,鸡兔-lp DV,紫甘蓝,蔬菜类及制品,FOOD,RAW,生,生重、打碎、充分搅拌,1,中,A4 同原料口径不一致,该原料在不同食谱里既写过生重又写过熟重,统一口径
设计器草稿,鸡兔-lp DV 碱,小米,谷类及制品,FOOD,RAW,生,生重、充分搅拌,1,中,A4 同原料口径不一致,该原料在不同食谱里既写过生重又写过熟重,统一口径
设计器草稿,鸡兔-lp DV 碱,糙米,谷类及制品,FOOD,COOKED,熟,煮熟后称重、充分搅拌,2,中,A3 熟档案未写口径 + A4 同原料口径不一致,没写按生重还是熟重称量；该原料在不同食谱里既写过生重又写过熟重,补「熟重」；统一口径
设计器草稿,鸡兔-lp DV 碱,小米,谷类及制品,FOOD,COOKED,熟,煮熟后称重、充分搅拌,2,中,A3 熟档案未写口径 + A4 同原料口径不一致,没写按生重还是熟重称量；该原料在不同食谱里既写过生重又写过熟重,补「熟重」；统一口径
设计器草稿,鸡兔-lp DV 碱,大米,谷类及制品,FOOD,COOKED,熟,煮熟后称重、打碎、充分搅拌,1,中,A3 熟档案未写口径,没写按生重还是熟重称量,补「熟重」
设计器草稿,鸡兔-lp DV 碱,胡萝卜,蔬菜类及制品,FOOD,RAW,生,生重、打碎、充分搅拌,1,中,A4 同原料口径不一致,该原料在不同食谱里既写过生重又写过熟重,统一口径
设计器草稿,鸡兔-lp DV 碱,西兰花,蔬菜类及制品,FOOD,RAW,生,打碎、静置30分钟、焯水沥干、称重、充分搅拌,3,中,B5 非标准词 + A2b 生档案却写熟制步骤 + A4 同原料口径不一致,自由文本：焯水沥干 / 称重；档案用生数据，步骤却含焯水/蒸煮；该原料在不同食谱里既写过生重又写过熟重,归入受控词表或补进字典；确认是口径写错还是档案选错；统一口径
设计器草稿,鸡兔-lp DV 碱,紫甘蓝,蔬菜类及制品,FOOD,RAW,生,生重、打碎、充分搅拌,1,中,A4 同原料口径不一致,该原料在不同食谱里既写过生重又写过熟重,统一口径
设计器草稿,鸡兔-lp DV 碱,红甜椒,蔬菜类及制品,FOOD,RAW,生,去瓤、生重、打碎、充分搅拌,1,中,A4 同原料口径不一致,该原料在不同食谱里既写过生重又写过熟重,统一口径
设计器草稿,鸡肉食谱,山药,薯类及制品,FOOD,RAW,生,去皮、生重、打碎、充分搅拌,1,中,A4 同原料口径不一致,该原料在不同食谱里既写过生重又写过熟重,统一口径
设计器草稿,鸡肉食谱,南瓜,蔬菜类及制品,FOOD,RAW,生,去皮、去瓤、生重、打碎、充分搅拌,1,中,A4 同原料口径不一致,该原料在不同食谱里既写过生重又写过熟重,统一口径
设计器草稿,鸡胸280-lp DV,糙米,谷类及制品,FOOD,COOKED,熟,煮熟后称重、充分搅拌,2,中,A3 熟档案未写口径 + A4 同原料口径不一致,没写按生重还是熟重称量；该原料在不同食谱里既写过生重又写过熟重,补「熟重」；统一口径
设计器草稿,鸡胸280-lp DV,小米,谷类及制品,FOOD,COOKED,熟,煮熟后称重、充分搅拌,2,中,A3 熟档案未写口径 + A4 同原料口径不一致,没写按生重还是熟重称量；该原料在不同食谱里既写过生重又写过熟重,补「熟重」；统一口径
设计器草稿,鸡胸280-lp DV,大米,谷类及制品,FOOD,COOKED,熟,煮熟后称重、打碎、充分搅拌,1,中,A3 熟档案未写口径,没写按生重还是熟重称量,补「熟重」
设计器草稿,鸡胸280-lp DV,胡萝卜,蔬菜类及制品,FOOD,RAW,生,生重、打碎、充分搅拌,1,中,A4 同原料口径不一致,该原料在不同食谱里既写过生重又写过熟重,统一口径
设计器草稿,鸡胸280-lp DV,西兰花,蔬菜类及制品,FOOD,RAW,生,打碎、静置30分钟、焯水沥干、称重、充分搅拌,3,中,B5 非标准词 + A2b 生档案却写熟制步骤 + A4 同原料口径不一致,自由文本：焯水沥干 / 称重；档案用生数据，步骤却含焯水/蒸煮；该原料在不同食谱里既写过生重又写过熟重,归入受控词表或补进字典；确认是口径写错还是档案选错；统一口径
设计器草稿,鸡胸280-lp DV,紫甘蓝,蔬菜类及制品,FOOD,RAW,生,生重、打碎、充分搅拌,1,中,A4 同原料口径不一致,该原料在不同食谱里既写过生重又写过熟重,统一口径
设计器草稿,鸡胸280-lp DV碱,糙米,谷类及制品,FOOD,COOKED,熟,煮熟后称重、充分搅拌,2,中,A3 熟档案未写口径 + A4 同原料口径不一致,没写按生重还是熟重称量；该原料在不同食谱里既写过生重又写过熟重,补「熟重」；统一口径
设计器草稿,鸡胸280-lp DV碱,小米,谷类及制品,FOOD,COOKED,熟,煮熟后称重、充分搅拌,2,中,A3 熟档案未写口径 + A4 同原料口径不一致,没写按生重还是熟重称量；该原料在不同食谱里既写过生重又写过熟重,补「熟重」；统一口径
设计器草稿,鸡胸280-lp DV碱,大米,谷类及制品,FOOD,COOKED,熟,煮熟后称重、打碎、充分搅拌,1,中,A3 熟档案未写口径,没写按生重还是熟重称量,补「熟重」
设计器草稿,鸡胸280-lp DV碱,胡萝卜,蔬菜类及制品,FOOD,RAW,生,生重、打碎、充分搅拌,1,中,A4 同原料口径不一致,该原料在不同食谱里既写过生重又写过熟重,统一口径
设计器草稿,鸡胸280-lp DV碱,西兰花,蔬菜类及制品,FOOD,RAW,生,打碎、静置30分钟、焯水沥干、称重、充分搅拌,3,中,B5 非标准词 + A2b 生档案却写熟制步骤 + A4 同原料口径不一致,自由文本：焯水沥干 / 称重；档案用生数据，步骤却含焯水/蒸煮；该原料在不同食谱里既写过生重又写过熟重,归入受控词表或补进字典；确认是口径写错还是档案选错；统一口径
设计器草稿,鸡胸280-lp DV碱,紫甘蓝,蔬菜类及制品,FOOD,RAW,生,生重、打碎、充分搅拌,1,中,A4 同原料口径不一致,该原料在不同食谱里既写过生重又写过熟重,统一口径
设计器草稿,鸡胸300 pj,小米,谷类及制品,FOOD,COOKED,熟,煮熟后称重、充分搅拌,2,中,A3 熟档案未写口径 + A4 同原料口径不一致,没写按生重还是熟重称量；该原料在不同食谱里既写过生重又写过熟重,补「熟重」；统一口径
设计器草稿,鸡胸300 pj,大米,谷类及制品,FOOD,COOKED,熟,煮熟后称重、打碎、充分搅拌,1,中,A3 熟档案未写口径,没写按生重还是熟重称量,补「熟重」
设计器草稿,鸡胸300 pj,糙米,谷类及制品,FOOD,COOKED,熟,煮熟后称重、充分搅拌,2,中,A3 熟档案未写口径 + A4 同原料口径不一致,没写按生重还是熟重称量；该原料在不同食谱里既写过生重又写过熟重,补「熟重」；统一口径
设计器草稿,鸡胸300 pj,山药,薯类及制品,FOOD,RAW,生,去皮、生重、打碎、充分搅拌,1,中,A4 同原料口径不一致,该原料在不同食谱里既写过生重又写过熟重,统一口径
设计器草稿,鸡胸300 pj,胡萝卜,蔬菜类及制品,FOOD,RAW,生,生重、打碎、充分搅拌,1,中,A4 同原料口径不一致,该原料在不同食谱里既写过生重又写过熟重,统一口径
设计器草稿,鸡胸300 pj,西兰花,蔬菜类及制品,FOOD,RAW,生,打碎、静置30分钟、焯水沥干、称重、充分搅拌,3,中,B5 非标准词 + A2b 生档案却写熟制步骤 + A4 同原料口径不一致,自由文本：焯水沥干 / 称重；档案用生数据，步骤却含焯水/蒸煮；该原料在不同食谱里既写过生重又写过熟重,归入受控词表或补进字典；确认是口径写错还是档案选错；统一口径
设计器草稿,鸡胸300 pj,紫甘蓝,蔬菜类及制品,FOOD,RAW,生,生重、打碎、充分搅拌,1,中,A4 同原料口径不一致,该原料在不同食谱里既写过生重又写过熟重,统一口径
设计器草稿,鸡胸半餐-lp DV,糙米,谷类及制品,FOOD,COOKED,熟,煮熟后称重、充分搅拌,2,中,A3 熟档案未写口径 + A4 同原料口径不一致,没写按生重还是熟重称量；该原料在不同食谱里既写过生重又写过熟重,补「熟重」；统一口径
设计器草稿,鸡胸半餐-lp DV,小米,谷类及制品,FOOD,COOKED,熟,煮熟后称重、充分搅拌,2,中,A3 熟档案未写口径 + A4 同原料口径不一致,没写按生重还是熟重称量；该原料在不同食谱里既写过生重又写过熟重,补「熟重」；统一口径
设计器草稿,鸡胸半餐-lp DV,大米,谷类及制品,FOOD,COOKED,熟,煮熟后称重、打碎、充分搅拌,1,中,A3 熟档案未写口径,没写按生重还是熟重称量,补「熟重」
设计器草稿,鸡胸半餐-lp DV,胡萝卜,蔬菜类及制品,FOOD,RAW,生,生重、打碎、充分搅拌,1,中,A4 同原料口径不一致,该原料在不同食谱里既写过生重又写过熟重,统一口径
设计器草稿,鸡胸半餐-lp DV,西兰花,蔬菜类及制品,FOOD,RAW,生,打碎、静置30分钟、焯水沥干、称重、充分搅拌,3,中,B5 非标准词 + A2b 生档案却写熟制步骤 + A4 同原料口径不一致,自由文本：焯水沥干 / 称重；档案用生数据，步骤却含焯水/蒸煮；该原料在不同食谱里既写过生重又写过熟重,归入受控词表或补进字典；确认是口径写错还是档案选错；统一口径
设计器草稿,鸡胸半餐-lp DV,紫甘蓝,蔬菜类及制品,FOOD,RAW,生,生重、打碎、充分搅拌,1,中,A4 同原料口径不一致,该原料在不同食谱里既写过生重又写过熟重,统一口径
设计器草稿,鸡胸半餐-lp DV 副本,糙米,谷类及制品,FOOD,COOKED,熟,煮熟后称重、充分搅拌,2,中,A3 熟档案未写口径 + A4 同原料口径不一致,没写按生重还是熟重称量；该原料在不同食谱里既写过生重又写过熟重,补「熟重」；统一口径
设计器草稿,鸡胸半餐-lp DV 副本,小米,谷类及制品,FOOD,COOKED,熟,煮熟后称重、充分搅拌,2,中,A3 熟档案未写口径 + A4 同原料口径不一致,没写按生重还是熟重称量；该原料在不同食谱里既写过生重又写过熟重,补「熟重」；统一口径
设计器草稿,鸡胸半餐-lp DV 副本,大米,谷类及制品,FOOD,COOKED,熟,煮熟后称重、打碎、充分搅拌,1,中,A3 熟档案未写口径,没写按生重还是熟重称量,补「熟重」
设计器草稿,鸡胸半餐-lp DV 副本,胡萝卜,蔬菜类及制品,FOOD,RAW,生,生重、打碎、充分搅拌,1,中,A4 同原料口径不一致,该原料在不同食谱里既写过生重又写过熟重,统一口径
设计器草稿,鸡胸半餐-lp DV 副本,西兰花,蔬菜类及制品,FOOD,RAW,生,打碎、静置30分钟、焯水沥干、称重、充分搅拌,3,中,B5 非标准词 + A2b 生档案却写熟制步骤 + A4 同原料口径不一致,自由文本：焯水沥干 / 称重；档案用生数据，步骤却含焯水/蒸煮；该原料在不同食谱里既写过生重又写过熟重,归入受控词表或补进字典；确认是口径写错还是档案选错；统一口径
设计器草稿,鸡胸半餐-lp DV 副本,紫甘蓝,蔬菜类及制品,FOOD,RAW,生,生重、打碎、充分搅拌,1,中,A4 同原料口径不一致,该原料在不同食谱里既写过生重又写过熟重,统一口径
设计器草稿,鸡胸牛肉饭(幺鸡),大米,谷类及制品,FOOD,COOKED,熟,煮熟后称重、打碎、充分搅拌,1,中,A3 熟档案未写口径,没写按生重还是熟重称量,补「熟重」
设计器草稿,鸡胸牛肉饭(幺鸡),糙米,谷类及制品,FOOD,COOKED,熟,煮熟后称重、静置30分钟、打碎、充分搅拌,2,中,A3 熟档案未写口径 + A4 同原料口径不一致,没写按生重还是熟重称量；该原料在不同食谱里既写过生重又写过熟重,补「熟重」；统一口径
设计器草稿,鸡胸牛肉饭(幺鸡),大米,谷类及制品,FOOD,COOKED,熟,煮熟后称重、打碎、充分搅拌,1,中,A3 熟档案未写口径,没写按生重还是熟重称量,补「熟重」
设计器草稿,鸡胸牛肉饭(幺鸡),糙米,谷类及制品,FOOD,COOKED,熟,煮熟后称重、静置30分钟、打碎、充分搅拌,2,中,A3 熟档案未写口径 + A4 同原料口径不一致,没写按生重还是熟重称量；该原料在不同食谱里既写过生重又写过熟重,补「熟重」；统一口径
设计器草稿,鸡胸牛肉饭(幺鸡),糙米,谷类及制品,FOOD,COOKED,熟,煮熟后称重、静置30分钟、打碎、充分搅拌,2,中,A3 熟档案未写口径 + A4 同原料口径不一致,没写按生重还是熟重称量；该原料在不同食谱里既写过生重又写过熟重,补「熟重」；统一口径
设计器草稿,鸡胸牛肉饭(幺鸡),大米,谷类及制品,FOOD,COOKED,熟,煮熟后称重、打碎、充分搅拌,1,中,A3 熟档案未写口径,没写按生重还是熟重称量,补「熟重」
设计器草稿,鸡胸牛肉饭(幺鸡),紫薯,蔬菜类及制品,FOOD,COOKED,熟,去皮、煮熟后称重,1,中,A3 熟档案未写口径,没写按生重还是熟重称量,补「熟重」
设计器草稿,鸡胸牛肉饭(幺鸡),紫薯,蔬菜类及制品,FOOD,COOKED,熟,去皮、煮熟后称重,1,中,A3 熟档案未写口径,没写按生重还是熟重称量,补「熟重」
设计器草稿,鸡胸牛肉饭(幺鸡),紫薯,蔬菜类及制品,FOOD,COOKED,熟,去皮、煮熟后称重,1,中,A3 熟档案未写口径,没写按生重还是熟重称量,补「熟重」
设计器草稿,鸡胸牛肉饭(幺鸡),紫薯,蔬菜类及制品,FOOD,COOKED,熟,去皮、煮熟后称重,1,中,A3 熟档案未写口径,没写按生重还是熟重称量,补「熟重」
设计器草稿,鸡胸牛肉饭(幺鸡),紫薯,蔬菜类及制品,FOOD,COOKED,熟,去皮、煮熟后称重,1,中,A3 熟档案未写口径,没写按生重还是熟重称量,补「熟重」
设计器草稿,鸡胸牛肉饭(幺鸡),紫薯,蔬菜类及制品,FOOD,COOKED,熟,去皮、煮熟后称重,1,中,A3 熟档案未写口径,没写按生重还是熟重称量,补「熟重」
设计器草稿,鸡胸牛肉饭(幺鸡),西葫芦,蔬菜类及制品,FOOD,COOKED,熟,煮熟后称重、打碎、充分搅拌,1,中,A3 熟档案未写口径,没写按生重还是熟重称量,补「熟重」
设计器草稿,鸡胸牛肉饭(幺鸡),西葫芦,蔬菜类及制品,FOOD,COOKED,熟,煮熟后称重、打碎、充分搅拌,1,中,A3 熟档案未写口径,没写按生重还是熟重称量,补「熟重」
设计器草稿,鸡胸牛肉饭(幺鸡),西葫芦,蔬菜类及制品,FOOD,COOKED,熟,煮熟后称重、打碎、充分搅拌,1,中,A3 熟档案未写口径,没写按生重还是熟重称量,补「熟重」
设计器草稿,鸡胸牛肉饭(幺鸡),西葫芦,蔬菜类及制品,FOOD,COOKED,熟,煮熟后称重、打碎、充分搅拌,1,中,A3 熟档案未写口径,没写按生重还是熟重称量,补「熟重」
设计器草稿,鸡胸牛肉饭(幺鸡),西葫芦,蔬菜类及制品,FOOD,COOKED,熟,煮熟后称重、打碎、充分搅拌,1,中,A3 熟档案未写口径,没写按生重还是熟重称量,补「熟重」
设计器草稿,鸡胸牛肉饭(幺鸡),西葫芦,蔬菜类及制品,FOOD,COOKED,熟,煮熟后称重、打碎、充分搅拌,1,中,A3 熟档案未写口径,没写按生重还是熟重称量,补「熟重」
设计器草稿,鸡蛋鱼虾鸭胸(路宝),比目鱼,水产类,FOOD,RAW,生,去皮去骨、生重打碎后、搅拌均匀。,2,中,B4 口语化/标点 + B5 非标准词,句尾带句号，与其它文案不统一；自由文本：去皮去骨 / 生重打碎后 / 搅拌均匀。,去掉句号，统一用「、」分隔；归入受控词表或补进字典
设计器草稿,鸡蛋鱼虾鸭胸(路宝),比目鱼,水产类,FOOD,RAW,生,去皮去骨、生重打碎后、搅拌均匀。,2,中,B4 口语化/标点 + B5 非标准词,句尾带句号，与其它文案不统一；自由文本：去皮去骨 / 生重打碎后 / 搅拌均匀。,去掉句号，统一用「、」分隔；归入受控词表或补进字典
设计器草稿,鸡蛋鱼虾鸭胸(路宝),比目鱼,水产类,FOOD,RAW,生,去皮去骨、生重打碎后、搅拌均匀。,2,中,B4 口语化/标点 + B5 非标准词,句尾带句号，与其它文案不统一；自由文本：去皮去骨 / 生重打碎后 / 搅拌均匀。,去掉句号，统一用「、」分隔；归入受控词表或补进字典
设计器草稿,鸡蛋鱼虾鸭胸(路宝),南瓜,蔬菜类及制品,FOOD,COOKED,熟,去瓤、去皮、煮熟后沥水、称重、打碎、充分搅拌,3,中,B5 非标准词 + A3 熟档案未写口径 + A4 同原料口径不一致,自由文本：煮熟后沥水 / 称重；没写按生重还是熟重称量；该原料在不同食谱里既写过生重又写过熟重,归入受控词表或补进字典；补「熟重」；统一口径
设计器草稿,鸡蛋鱼虾鸭胸(路宝),南瓜,蔬菜类及制品,FOOD,COOKED,熟,去瓤、去皮、煮熟后沥水、称重、打碎、充分搅拌,3,中,B5 非标准词 + A3 熟档案未写口径 + A4 同原料口径不一致,自由文本：煮熟后沥水 / 称重；没写按生重还是熟重称量；该原料在不同食谱里既写过生重又写过熟重,归入受控词表或补进字典；补「熟重」；统一口径
设计器草稿,鸡蛋鱼虾鸭胸(路宝),南瓜,蔬菜类及制品,FOOD,COOKED,熟,去瓤、去皮、煮熟后沥水、称重、打碎、充分搅拌,3,中,B5 非标准词 + A3 熟档案未写口径 + A4 同原料口径不一致,自由文本：煮熟后沥水 / 称重；没写按生重还是熟重称量；该原料在不同食谱里既写过生重又写过熟重,归入受控词表或补进字典；补「熟重」；统一口径
设计器草稿,鸡蛋鱼虾鸭胸(路宝),花椰菜,蔬菜类及制品,FOOD,COOKED,熟,去老梗、焯水后称重、打碎、充分搅拌,2,中,B5 非标准词 + A3 熟档案未写口径,自由文本：焯水后称重；没写按生重还是熟重称量,归入受控词表或补进字典；补「熟重」
设计器草稿,鸡蛋鱼虾鸭胸(路宝),花椰菜,蔬菜类及制品,FOOD,COOKED,熟,去老梗、焯水后称重、打碎、充分搅拌,2,中,B5 非标准词 + A3 熟档案未写口径,自由文本：焯水后称重；没写按生重还是熟重称量,归入受控词表或补进字典；补「熟重」
设计器草稿,鸡蛋鱼虾鸭胸(路宝),花椰菜,蔬菜类及制品,FOOD,COOKED,熟,去老梗、焯水后称重、打碎、充分搅拌,2,中,B5 非标准词 + A3 熟档案未写口径,自由文本：焯水后称重；没写按生重还是熟重称量,归入受控词表或补进字典；补「熟重」
设计器草稿,鸭,小米,谷类及制品,FOOD,COOKED,熟,煮熟后称重、充分搅拌,2,中,A3 熟档案未写口径 + A4 同原料口径不一致,没写按生重还是熟重称量；该原料在不同食谱里既写过生重又写过熟重,补「熟重」；统一口径
设计器草稿,鸭,大米,谷类及制品,FOOD,COOKED,熟,煮熟后称重、打碎、充分搅拌,1,中,A3 熟档案未写口径,没写按生重还是熟重称量,补「熟重」
设计器草稿,鸭,糙米,谷类及制品,FOOD,COOKED,熟,煮熟后称重、充分搅拌,2,中,A3 熟档案未写口径 + A4 同原料口径不一致,没写按生重还是熟重称量；该原料在不同食谱里既写过生重又写过熟重,补「熟重」；统一口径
设计器草稿,鸭,山药,薯类及制品,FOOD,RAW,生,去皮、生重、打碎、充分搅拌,1,中,A4 同原料口径不一致,该原料在不同食谱里既写过生重又写过熟重,统一口径
设计器草稿,鸭,胡萝卜,蔬菜类及制品,FOOD,RAW,生,生重、打碎、充分搅拌,1,中,A4 同原料口径不一致,该原料在不同食谱里既写过生重又写过熟重,统一口径
设计器草稿,鸭,紫甘蓝,蔬菜类及制品,FOOD,RAW,生,生重、打碎、充分搅拌,1,中,A4 同原料口径不一致,该原料在不同食谱里既写过生重又写过熟重,统一口径
设计器草稿,鸭肉梨,糙米,谷类及制品,FOOD,COOKED,熟,流水冲洗、浸泡60分钟、煮熟后称重、打碎、充分搅拌,2,中,A3 熟档案未写口径 + A4 同原料口径不一致,没写按生重还是熟重称量；该原料在不同食谱里既写过生重又写过熟重,补「熟重」；统一口径
设计器草稿,鸭肉食谱,西兰花,蔬菜类及制品,FOOD,RAW,生,打碎、静置30分钟、焯水沥干、称重、充分搅拌,3,中,B5 非标准词 + A2b 生档案却写熟制步骤 + A4 同原料口径不一致,自由文本：焯水沥干 / 称重；档案用生数据，步骤却含焯水/蒸煮；该原料在不同食谱里既写过生重又写过熟重,归入受控词表或补进字典；确认是口径写错还是档案选错；统一口径
设计器草稿,鸭胸猪里脊鸡蛋青花鱼,猪肝,畜肉类及制品,FOOD,RAW,生,去油、生重、焯水、打碎、充分搅拌,1,中,A2b 生档案却写熟制步骤,档案用生数据，步骤却含焯水/蒸煮,确认是口径写错还是档案选错
设计器草稿,鸭胸猪里脊鸡蛋青花鱼,猪肝,畜肉类及制品,FOOD,RAW,生,去油、生重、焯水、打碎、充分搅拌,1,中,A2b 生档案却写熟制步骤,档案用生数据，步骤却含焯水/蒸煮,确认是口径写错还是档案选错
设计器草稿,鸭胸猪里脊鸡蛋青花鱼,猪肝,畜肉类及制品,FOOD,RAW,生,去油、生重、焯水、打碎、充分搅拌,1,中,A2b 生档案却写熟制步骤,档案用生数据，步骤却含焯水/蒸煮,确认是口径写错还是档案选错
设计器草稿,鸭胸猪里脊鸡蛋青花鱼,猪肝,畜肉类及制品,FOOD,RAW,生,去油、生重、焯水、打碎、充分搅拌,1,中,A2b 生档案却写熟制步骤,档案用生数据，步骤却含焯水/蒸煮,确认是口径写错还是档案选错
设计器草稿,鸭胸猪里脊鸡蛋青花鱼,猪肝,畜肉类及制品,FOOD,RAW,生,去油、生重、焯水、打碎、充分搅拌,1,中,A2b 生档案却写熟制步骤,档案用生数据，步骤却含焯水/蒸煮,确认是口径写错还是档案选错
设计器草稿,鸭胸猪里脊鸡蛋青花鱼,猪肝,畜肉类及制品,FOOD,RAW,生,去油、生重、焯水、打碎、充分搅拌,1,中,A2b 生档案却写熟制步骤,档案用生数据，步骤却含焯水/蒸煮,确认是口径写错还是档案选错
设计器草稿,鸭胸猪里脊鸡蛋青花鱼,燕麦,谷类及制品,FOOD,DRIED,干,无添加即食燕麦、打碎、充分搅拌,2,中,B6 商品属性写进步骤 + B5 非标准词,这些片段不是厨房动作，而是商品属性：无添加即食燕麦；自由文本：无添加即食燕麦,移到原料规格/备注，不放在制备说明；归入受控词表或补进字典
设计器草稿,鸭胸猪里脊鸡蛋青花鱼,燕麦,谷类及制品,FOOD,DRIED,干,无添加即食燕麦、打碎、充分搅拌,2,中,B6 商品属性写进步骤 + B5 非标准词,这些片段不是厨房动作，而是商品属性：无添加即食燕麦；自由文本：无添加即食燕麦,移到原料规格/备注，不放在制备说明；归入受控词表或补进字典
设计器草稿,鸭胸猪里脊鸡蛋青花鱼,燕麦,谷类及制品,FOOD,DRIED,干,无添加即食燕麦、打碎、充分搅拌,2,中,B6 商品属性写进步骤 + B5 非标准词,这些片段不是厨房动作，而是商品属性：无添加即食燕麦；自由文本：无添加即食燕麦,移到原料规格/备注，不放在制备说明；归入受控词表或补进字典
设计器草稿,鸭胸猪里脊鸡蛋青花鱼,燕麦,谷类及制品,FOOD,DRIED,干,无添加即食燕麦、打碎、充分搅拌,2,中,B6 商品属性写进步骤 + B5 非标准词,这些片段不是厨房动作，而是商品属性：无添加即食燕麦；自由文本：无添加即食燕麦,移到原料规格/备注，不放在制备说明；归入受控词表或补进字典
设计器草稿,鸭胸猪里脊鸡蛋青花鱼,燕麦,谷类及制品,FOOD,DRIED,干,无添加即食燕麦、打碎、充分搅拌,2,中,B6 商品属性写进步骤 + B5 非标准词,这些片段不是厨房动作，而是商品属性：无添加即食燕麦；自由文本：无添加即食燕麦,移到原料规格/备注，不放在制备说明；归入受控词表或补进字典
设计器草稿,鸭胸猪里脊鸡蛋青花鱼,燕麦,谷类及制品,FOOD,DRIED,干,无添加即食燕麦、打碎、充分搅拌,2,中,B6 商品属性写进步骤 + B5 非标准词,这些片段不是厨房动作，而是商品属性：无添加即食燕麦；自由文本：无添加即食燕麦,移到原料规格/备注，不放在制备说明；归入受控词表或补进字典
设计器草稿,鸭胸猪里脊鸡蛋青花鱼,西兰花,蔬菜类及制品,FOOD,RAW,生,打碎、静置30分钟、焯水沥干、称重、充分搅拌,3,中,B5 非标准词 + A2b 生档案却写熟制步骤 + A4 同原料口径不一致,自由文本：焯水沥干 / 称重；档案用生数据，步骤却含焯水/蒸煮；该原料在不同食谱里既写过生重又写过熟重,归入受控词表或补进字典；确认是口径写错还是档案选错；统一口径
设计器草稿,鸭胸猪里脊鸡蛋青花鱼,西兰花,蔬菜类及制品,FOOD,RAW,生,打碎、静置30分钟、焯水沥干、称重、充分搅拌,3,中,B5 非标准词 + A2b 生档案却写熟制步骤 + A4 同原料口径不一致,自由文本：焯水沥干 / 称重；档案用生数据，步骤却含焯水/蒸煮；该原料在不同食谱里既写过生重又写过熟重,归入受控词表或补进字典；确认是口径写错还是档案选错；统一口径
设计器草稿,鸭胸猪里脊鸡蛋青花鱼,西兰花,蔬菜类及制品,FOOD,RAW,生,打碎、静置30分钟、焯水沥干、称重、充分搅拌,3,中,B5 非标准词 + A2b 生档案却写熟制步骤 + A4 同原料口径不一致,自由文本：焯水沥干 / 称重；档案用生数据，步骤却含焯水/蒸煮；该原料在不同食谱里既写过生重又写过熟重,归入受控词表或补进字典；确认是口径写错还是档案选错；统一口径
设计器草稿,鸭胸猪里脊鸡蛋青花鱼,西兰花,蔬菜类及制品,FOOD,RAW,生,打碎、静置30分钟、焯水沥干、称重、充分搅拌,3,中,B5 非标准词 + A2b 生档案却写熟制步骤 + A4 同原料口径不一致,自由文本：焯水沥干 / 称重；档案用生数据，步骤却含焯水/蒸煮；该原料在不同食谱里既写过生重又写过熟重,归入受控词表或补进字典；确认是口径写错还是档案选错；统一口径
设计器草稿,鸭胸猪里脊鸡蛋青花鱼,西兰花,蔬菜类及制品,FOOD,RAW,生,打碎、静置30分钟、焯水沥干、称重、充分搅拌,3,中,B5 非标准词 + A2b 生档案却写熟制步骤 + A4 同原料口径不一致,自由文本：焯水沥干 / 称重；档案用生数据，步骤却含焯水/蒸煮；该原料在不同食谱里既写过生重又写过熟重,归入受控词表或补进字典；确认是口径写错还是档案选错；统一口径
设计器草稿,鸭胸猪里脊鸡蛋青花鱼,西兰花,蔬菜类及制品,FOOD,RAW,生,打碎、静置30分钟、焯水沥干、称重、充分搅拌,3,中,B5 非标准词 + A2b 生档案却写熟制步骤 + A4 同原料口径不一致,自由文本：焯水沥干 / 称重；档案用生数据，步骤却含焯水/蒸煮；该原料在不同食谱里既写过生重又写过熟重,归入受控词表或补进字典；确认是口径写错还是档案选错；统一口径
设计器草稿,鸭胸猪里脊鸡蛋青花鱼,玉米油,油脂类,FOOD,OIL,油脂,生重、充分混匀。,3,中,B4 口语化/标点 + B5 非标准词 + C1 冗余口径词（油/粉/补剂）,句尾带句号，与其它文案不统一；自由文本：充分混匀。；这类食材不因加热改变重量，口径词无意义（可安全删除）,去掉句号，统一用「、」分隔；归入受控词表或补进字典；删掉生重/熟重，保留处理步骤
设计器草稿,鸭胸猪里脊鸡蛋青花鱼,玉米油,油脂类,FOOD,OIL,油脂,生重、充分混匀。,3,中,B4 口语化/标点 + B5 非标准词 + C1 冗余口径词（油/粉/补剂）,句尾带句号，与其它文案不统一；自由文本：充分混匀。；这类食材不因加热改变重量，口径词无意义（可安全删除）,去掉句号，统一用「、」分隔；归入受控词表或补进字典；删掉生重/熟重，保留处理步骤
设计器草稿,鸭胸猪里脊鸡蛋青花鱼,玉米油,油脂类,FOOD,OIL,油脂,生重、充分混匀。,3,中,B4 口语化/标点 + B5 非标准词 + C1 冗余口径词（油/粉/补剂）,句尾带句号，与其它文案不统一；自由文本：充分混匀。；这类食材不因加热改变重量，口径词无意义（可安全删除）,去掉句号，统一用「、」分隔；归入受控词表或补进字典；删掉生重/熟重，保留处理步骤
设计器草稿,鸭胸猪里脊鸡蛋青花鱼,玉米油,油脂类,FOOD,OIL,油脂,生重、充分混匀。,3,中,B4 口语化/标点 + B5 非标准词 + C1 冗余口径词（油/粉/补剂）,句尾带句号，与其它文案不统一；自由文本：充分混匀。；这类食材不因加热改变重量，口径词无意义（可安全删除）,去掉句号，统一用「、」分隔；归入受控词表或补进字典；删掉生重/熟重，保留处理步骤
设计器草稿,鸭胸猪里脊鸡蛋青花鱼,玉米油,油脂类,FOOD,OIL,油脂,生重、充分混匀。,3,中,B4 口语化/标点 + B5 非标准词 + C1 冗余口径词（油/粉/补剂）,句尾带句号，与其它文案不统一；自由文本：充分混匀。；这类食材不因加热改变重量，口径词无意义（可安全删除）,去掉句号，统一用「、」分隔；归入受控词表或补进字典；删掉生重/熟重，保留处理步骤
设计器草稿,鸭胸猪里脊鸡蛋青花鱼,玉米油,油脂类,FOOD,OIL,油脂,生重、充分混匀。,3,中,B4 口语化/标点 + B5 非标准词 + C1 冗余口径词（油/粉/补剂）,句尾带句号，与其它文案不统一；自由文本：充分混匀。；这类食材不因加热改变重量，口径词无意义（可安全删除）,去掉句号，统一用「、」分隔；归入受控词表或补进字典；删掉生重/熟重，保留处理步骤
设计器草稿,黄十七 的鲜食食谱 08/10,西兰花,蔬菜类及制品,FOOD,RAW,生,生重、打碎、充分搅拌,1,中,A4 同原料口径不一致,该原料在不同食谱里既写过生重又写过熟重,统一口径
设计器草稿,黄十七 的鲜食食谱 08/10,胡萝卜,蔬菜类及制品,FOOD,RAW,生,去皮、生重、打碎、充分搅拌,1,中,A4 同原料口径不一致,该原料在不同食谱里既写过生重又写过熟重,统一口径
设计器草稿,黑米鳕鱼鸡胸,秋葵,蔬菜类及制品,FOOD,RAW,生,生重、打碎、充分搅拌,1,中,A4 同原料口径不一致,该原料在不同食谱里既写过生重又写过熟重,统一口径
设计器草稿,黑米鳕鱼鸡胸,秋葵,蔬菜类及制品,FOOD,RAW,生,生重、打碎、充分搅拌,1,中,A4 同原料口径不一致,该原料在不同食谱里既写过生重又写过熟重,统一口径
设计器草稿,黑米鳕鱼鸡胸,秋葵,蔬菜类及制品,FOOD,RAW,生,生重、打碎、充分搅拌,1,中,A4 同原料口径不一致,该原料在不同食谱里既写过生重又写过熟重,统一口径
正式食谱,（咖喱定制）创伤恢复+红胡子 (新版本),姜粉,调味品类,FOOD,POWDER,粉,(空),1,低,B3b 补剂/油/粉空文案,补剂/油/粉无生熟概念，按剂量称取即可，空文案影响小,批量套用「直接称取」模板
正式食谱,（咖喱定制）创伤恢复+红胡子 (新版本),姜粉,调味品类,FOOD,POWDER,粉,(空),1,低,B3b 补剂/油/粉空文案,补剂/油/粉无生熟概念，按剂量称取即可，空文案影响小,批量套用「直接称取」模板
正式食谱,（咖喱定制）创伤恢复+红胡子 (新版本),小麦胚芽油,油脂类,FOOD,OIL,油脂,生重、充分搅拌,1,低,C1 冗余口径词（油/粉/补剂）,这类食材不因加热改变重量，口径词无意义（可安全删除）,删掉生重/熟重，保留处理步骤
正式食谱,（咖喱定制）创伤恢复+红胡子 (新版本),小麦胚芽油,油脂类,FOOD,OIL,油脂,生重、充分搅拌,1,低,C1 冗余口径词（油/粉/补剂）,这类食材不因加热改变重量，口径词无意义（可安全删除）,删掉生重/熟重，保留处理步骤
正式食谱,（咖喱定制）创伤恢复+红胡子 (新版本),食用盐,调味品类,FOOD,DRIED,干,生重、充分搅拌,1,低,C1b 干制品口径词不规范,干制品宜用「干重」,口径词统一（需字典补「干重」）
正式食谱,（咖喱定制）创伤恢复+红胡子 (新版本),食用盐,调味品类,FOOD,DRIED,干,生重、充分搅拌,1,低,C1b 干制品口径词不规范,干制品宜用「干重」,口径词统一（需字典补「干重」）
正式食谱,（咖喱定制）创伤恢复+红胡子 (新版本),碳酸钙粉,乳类及制品,SUPPLEMENT,CONCENTRATE,浓缩补剂,生重、充分搅拌,1,低,C1 冗余口径词（油/粉/补剂）,这类食材不因加热改变重量，口径词无意义（可安全删除）,删掉生重/熟重，保留处理步骤
正式食谱,（咖喱定制）创伤恢复+红胡子 (新版本),碳酸钙粉,乳类及制品,SUPPLEMENT,CONCENTRATE,浓缩补剂,生重、充分搅拌,1,低,C1 冗余口径词（油/粉/补剂）,这类食材不因加热改变重量，口径词无意义（可安全删除）,删掉生重/熟重，保留处理步骤
正式食谱,16oz cod,蛋氨酸锌(含铜),,SUPPLEMENT,CONCENTRATE,浓缩补剂,充分搅拌,1,低,E2 原料分类缺失,原料没有分类，前台展示与统计会缺项,补分类
正式食谱,16oz cod,氨基酸螯合铜,,SUPPLEMENT,CONCENTRATE,浓缩补剂,(空),2,低,E2 原料分类缺失 + B3b 补剂/油/粉空文案,原料没有分类，前台展示与统计会缺项；补剂/油/粉无生熟概念，按剂量称取即可，空文案影响小,补分类；批量套用「直接称取」模板
正式食谱,5.25天/21份 副本,柠檬酸钙粉,乳类及制品,SUPPLEMENT,POWDER,粉末,(空),1,低,B3b 补剂/油/粉空文案,补剂/油/粉无生熟概念，按剂量称取即可，空文案影响小,批量套用「直接称取」模板
正式食谱,5.25天/21份 副本,氨基酸螯合铜,,SUPPLEMENT,CONCENTRATE,浓缩补剂,(空),2,低,E2 原料分类缺失 + B3b 补剂/油/粉空文案,原料没有分类，前台展示与统计会缺项；补剂/油/粉无生熟概念，按剂量称取即可，空文案影响小,补分类；批量套用「直接称取」模板
正式食谱,5.75天/23份 猪里脊400,白芝麻,坚果种子类,FOOD,DRIED,干,生重、充分搅拌,1,低,C1b 干制品口径词不规范,干制品宜用「干重」,口径词统一（需字典补「干重」）
正式食谱,5.75天/23份 猪里脊400,柠檬酸钙粉,乳类及制品,SUPPLEMENT,POWDER,粉末,(空),1,低,B3b 补剂/油/粉空文案,补剂/油/粉无生熟概念，按剂量称取即可，空文案影响小,批量套用「直接称取」模板
正式食谱,5.75天/23份 猪里脊400,氨基酸螯合铜,,SUPPLEMENT,CONCENTRATE,浓缩补剂,(空),2,低,E2 原料分类缺失 + B3b 补剂/油/粉空文案,原料没有分类，前台展示与统计会缺项；补剂/油/粉无生熟概念，按剂量称取即可，空文案影响小,补分类；批量套用「直接称取」模板
正式食谱,525 的鲜食食谱 06/16,火麻籽,坚果种子类,FOOD,DRIED,干,生重、打碎、充分搅拌,1,低,C1b 干制品口径词不规范,干制品宜用「干重」,口径词统一（需字典补「干重」）
正式食谱,6.75天/27份 猪里脊420,白芝麻,坚果种子类,FOOD,DRIED,干,生重、充分搅拌,1,低,C1b 干制品口径词不规范,干制品宜用「干重」,口径词统一（需字典补「干重」）
正式食谱,6.75天/27份 猪里脊420,柠檬酸钙粉,乳类及制品,SUPPLEMENT,POWDER,粉末,(空),1,低,B3b 补剂/油/粉空文案,补剂/油/粉无生熟概念，按剂量称取即可，空文案影响小,批量套用「直接称取」模板
正式食谱,6.75天/27份 猪里脊420,氨基酸螯合铜,,SUPPLEMENT,CONCENTRATE,浓缩补剂,(空),2,低,E2 原料分类缺失 + B3b 补剂/油/粉空文案,原料没有分类，前台展示与统计会缺项；补剂/油/粉无生熟概念，按剂量称取即可，空文案影响小,补分类；批量套用「直接称取」模板
正式食谱,6.75天/27份✅鸡猪,白芝麻,坚果种子类,FOOD,DRIED,干,生重、充分搅拌,1,低,C1b 干制品口径词不规范,干制品宜用「干重」,口径词统一（需字典补「干重」）
正式食谱,6.75天/27份✅鸡猪,柠檬酸钙粉,乳类及制品,SUPPLEMENT,POWDER,粉末,(空),1,低,B3b 补剂/油/粉空文案,补剂/油/粉无生熟概念，按剂量称取即可，空文案影响小,批量套用「直接称取」模板
正式食谱,6.75天/27份✅鸡猪,氨基酸螯合铜,,SUPPLEMENT,CONCENTRATE,浓缩补剂,(空),2,低,E2 原料分类缺失 + B3b 补剂/油/粉空文案,原料没有分类，前台展示与统计会缺项；补剂/油/粉无生熟概念，按剂量称取即可，空文案影响小,补分类；批量套用「直接称取」模板
正式食谱,6天/24份 鸡胸300+30kcal/天,柠檬酸钙粉,乳类及制品,SUPPLEMENT,POWDER,粉末,(空),1,低,B3b 补剂/油/粉空文案,补剂/油/粉无生熟概念，按剂量称取即可，空文案影响小,批量套用「直接称取」模板
正式食谱,6天/24份 鸡胸300+30kcal/天,氨基酸螯合铜,,SUPPLEMENT,CONCENTRATE,浓缩补剂,(空),2,低,E2 原料分类缺失 + B3b 补剂/油/粉空文案,原料没有分类，前台展示与统计会缺项；补剂/油/粉无生熟概念，按剂量称取即可，空文案影响小,补分类；批量套用「直接称取」模板
正式食谱,derder 夏季鲜食食谱,橄榄油,油脂类,FOOD,OIL,油脂,生重、充分搅拌,1,低,C1 冗余口径词（油/粉/补剂）,这类食材不因加热改变重量，口径词无意义（可安全删除）,删掉生重/熟重，保留处理步骤
正式食谱,derder 的鲜食食谱 07/21,碳酸钙粉,乳类及制品,SUPPLEMENT,CONCENTRATE,浓缩补剂,生重、充分搅拌,1,低,C1 冗余口径词（油/粉/补剂）,这类食材不因加热改变重量，口径词无意义（可安全删除）,删掉生重/熟重，保留处理步骤
正式食谱,derder 的鲜食食谱 07/21,生葵花籽仁,坚果种子类,FOOD,DRIED,干,生重、打碎、充分搅拌,1,低,C1b 干制品口径词不规范,干制品宜用「干重」,口径词统一（需字典补「干重」）
正式食谱,Dobby 的鲜食食谱 06/15,生葵花籽仁,坚果种子类,FOOD,DRIED,干,生重、打碎、充分搅拌,1,低,C1b 干制品口径词不规范,干制品宜用「干重」,口径词统一（需字典补「干重」）
正式食谱,Dobby 的鲜食食谱 06/15,奇亚籽,坚果种子类,FOOD,DRIED,干,生重、打碎、充分搅拌,1,低,C1b 干制品口径词不规范,干制品宜用「干重」,口径词统一（需字典补「干重」）
正式食谱,Foxy的鸭胸食谱,燕麦,谷类及制品,FOOD,DRIED,干,生重、打碎、充分搅拌,1,低,C1b 干制品口径词不规范,干制品宜用「干重」,口径词统一（需字典补「干重」）
正式食谱,Foxy的鸭胸食谱,生葵花籽仁,坚果种子类,FOOD,DRIED,干,生重、打碎、充分搅拌,1,低,C1b 干制品口径词不规范,干制品宜用「干重」,口径词统一（需字典补「干重」）
正式食谱,harley 的鲜食食谱 08/09,生南瓜籽仁,坚果种子类,FOOD,DRIED,干,生重、打碎、充分搅拌,1,低,C1b 干制品口径词不规范,干制品宜用「干重」,口径词统一（需字典补「干重」）
正式食谱,harley 的鲜食食谱 08/09,白芝麻,坚果种子类,FOOD,DRIED,干,生重、充分搅拌,1,低,C1b 干制品口径词不规范,干制品宜用「干重」,口径词统一（需字典补「干重」）
正式食谱,ID的兔肉定制,小麦胚芽油,油脂类,FOOD,OIL,油脂,生重、充分搅拌,1,低,C1 冗余口径词（油/粉/补剂）,这类食材不因加热改变重量，口径词无意义（可安全删除）,删掉生重/熟重，保留处理步骤
正式食谱,ID的兔肉定制,蛋氨酸锌(含铜),,SUPPLEMENT,CONCENTRATE,浓缩补剂,充分搅拌,1,低,E2 原料分类缺失,原料没有分类，前台展示与统计会缺项,补分类
正式食谱,ID的兔肉定制,氨基酸螯合铜,,SUPPLEMENT,CONCENTRATE,浓缩补剂,打粉、充分搅拌,1,低,E2 原料分类缺失,原料没有分类，前台展示与统计会缺项,补分类
正式食谱,Lucky的最新兔肉食谱,食用盐,调味品类,FOOD,DRIED,干,生重、充分搅拌,1,低,C1b 干制品口径词不规范,干制品宜用「干重」,口径词统一（需字典补「干重」）
正式食谱,Lucky的最新兔肉食谱,碳酸钙粉,乳类及制品,SUPPLEMENT,CONCENTRATE,浓缩补剂,生重、充分搅拌,1,低,C1 冗余口径词（油/粉/补剂）,这类食材不因加热改变重量，口径词无意义（可安全删除）,删掉生重/熟重，保留处理步骤
正式食谱,Lucky的最新兔肉食谱,氨基酸螯合铜,,SUPPLEMENT,CONCENTRATE,浓缩补剂,打粉、充分搅拌,1,低,E2 原料分类缺失,原料没有分类，前台展示与统计会缺项,补分类
正式食谱,Seven 的测试食谱,小麦胚芽油,油脂类,FOOD,OIL,油脂,生重、充分搅拌,1,低,C1 冗余口径词（油/粉/补剂）,这类食材不因加热改变重量，口径词无意义（可安全删除）,删掉生重/熟重，保留处理步骤
正式食谱,Seven 的测试食谱 副本,小麦胚芽油,油脂类,FOOD,OIL,油脂,生重、充分搅拌,1,低,C1 冗余口径词（油/粉/补剂）,这类食材不因加热改变重量，口径词无意义（可安全删除）,删掉生重/熟重，保留处理步骤
正式食谱,TT 的鲜食食谱 07/05,火麻籽,坚果种子类,FOOD,DRIED,干,生重、打碎、充分搅拌,1,低,C1b 干制品口径词不规范,干制品宜用「干重」,口径词统一（需字典补「干重」）
正式食谱,TT 的鲜食食谱 07/05,海带片,乳类及制品,SUPPLEMENT,CONCENTRATE,浓缩补剂,(空),1,低,B3b 补剂/油/粉空文案,补剂/油/粉无生熟概念，按剂量称取即可，空文案影响小,批量套用「直接称取」模板
正式食谱,xz 的鲜食食谱 07/08,柠檬酸钙粉,乳类及制品,SUPPLEMENT,POWDER,粉末,(空),1,低,B3b 补剂/油/粉空文案,补剂/油/粉无生熟概念，按剂量称取即可，空文案影响小,批量套用「直接称取」模板
正式食谱,xz 的鲜食食谱 07/08,氨基酸螯合铜,,SUPPLEMENT,CONCENTRATE,浓缩补剂,打粉、充分搅拌,1,低,E2 原料分类缺失,原料没有分类，前台展示与统计会缺项,补分类
正式食谱,xz 的鲜食食谱 07/08 副本,白芝麻,坚果种子类,FOOD,DRIED,干,生重、充分搅拌,1,低,C1b 干制品口径词不规范,干制品宜用「干重」,口径词统一（需字典补「干重」）
正式食谱,xz 的鲜食食谱 07/08 副本,柠檬酸钙粉,乳类及制品,SUPPLEMENT,POWDER,粉末,(空),1,低,B3b 补剂/油/粉空文案,补剂/油/粉无生熟概念，按剂量称取即可，空文案影响小,批量套用「直接称取」模板
正式食谱,xz 的鲜食食谱 07/08 副本,氨基酸螯合铜,,SUPPLEMENT,CONCENTRATE,浓缩补剂,(空),2,低,E2 原料分类缺失 + B3b 补剂/油/粉空文案,原料没有分类，前台展示与统计会缺项；补剂/油/粉无生熟概念，按剂量称取即可，空文案影响小,补分类；批量套用「直接称取」模板
正式食谱,xz 的鲜食食谱 07/15,白芝麻,坚果种子类,FOOD,DRIED,干,生重、充分搅拌,1,低,C1b 干制品口径词不规范,干制品宜用「干重」,口径词统一（需字典补「干重」）
正式食谱,xz 的鲜食食谱 07/15,柠檬酸钙粉,乳类及制品,SUPPLEMENT,POWDER,粉末,(空),1,低,B3b 补剂/油/粉空文案,补剂/油/粉无生熟概念，按剂量称取即可，空文案影响小,批量套用「直接称取」模板
正式食谱,xz 的鲜食食谱 07/15,氨基酸螯合铜,,SUPPLEMENT,CONCENTRATE,浓缩补剂,(空),2,低,E2 原料分类缺失 + B3b 补剂/油/粉空文案,原料没有分类，前台展示与统计会缺项；补剂/油/粉无生熟概念，按剂量称取即可，空文案影响小,补分类；批量套用「直接称取」模板
正式食谱,xz 的鲜食食谱 猪里脊鳕鱼鸡蛋,氨基酸螯合铜,,SUPPLEMENT,CONCENTRATE,浓缩补剂,打粉、充分搅拌,1,低,E2 原料分类缺失,原料没有分类，前台展示与统计会缺项,补分类
正式食谱,xz 的鲜食食谱 猪里脊鳕鱼鸡蛋,柠檬酸钙粉,乳类及制品,SUPPLEMENT,POWDER,粉末,(空),1,低,B3b 补剂/油/粉空文案,补剂/油/粉无生熟概念，按剂量称取即可，空文案影响小,批量套用「直接称取」模板
正式食谱,乖乖 的鲜食食谱 08/25,食用盐,调味品类,FOOD,DRIED,干,生重、充分搅拌,1,低,C1b 干制品口径词不规范,干制品宜用「干重」,口径词统一（需字典补「干重」）
正式食谱,乖乖 的鲜食食谱 08/25,葵花籽油,油脂类,FOOD,OIL,油脂,(空),1,低,B3b 补剂/油/粉空文案,补剂/油/粉无生熟概念，按剂量称取即可，空文案影响小,批量套用「直接称取」模板
正式食谱,兔肉食谱,小麦胚芽油,油脂类,FOOD,OIL,油脂,生重、充分搅拌,1,低,C1 冗余口径词（油/粉/补剂）,这类食材不因加热改变重量，口径词无意义（可安全删除）,删掉生重/熟重，保留处理步骤
正式食谱,兔肉食谱,生葵花籽仁,坚果种子类,FOOD,DRIED,干,生重、打碎、充分搅拌,1,低,C1b 干制品口径词不规范,干制品宜用「干重」,口径词统一（需字典补「干重」）
正式食谱,兔肉食谱,火麻籽,坚果种子类,FOOD,DRIED,干,生重、打碎、充分搅拌,1,低,C1b 干制品口径词不规范,干制品宜用「干重」,口径词统一（需字典补「干重」）
正式食谱,兔里脊大米土豆(小满),小麦胚芽油,油脂类,FOOD,OIL,油脂,生重、充分搅拌,1,低,C1 冗余口径词（油/粉/补剂）,这类食材不因加热改变重量，口径词无意义（可安全删除）,删掉生重/熟重，保留处理步骤
正式食谱,兔里脊大米土豆(小满),食用盐,调味品类,FOOD,DRIED,干,生重、充分搅拌,1,低,C1b 干制品口径词不规范,干制品宜用「干重」,口径词统一（需字典补「干重」）
正式食谱,兔里脊大米土豆(小满),蛋氨酸锌(含铜),,SUPPLEMENT,CONCENTRATE,浓缩补剂,充分搅拌,1,低,E2 原料分类缺失,原料没有分类，前台展示与统计会缺项,补分类
正式食谱,兔里脊大米土豆(小满),氨基酸螯合铜,,SUPPLEMENT,CONCENTRATE,浓缩补剂,(空),2,低,E2 原料分类缺失 + B3b 补剂/油/粉空文案,原料没有分类，前台展示与统计会缺项；补剂/油/粉无生熟概念，按剂量称取即可，空文案影响小,补分类；批量套用「直接称取」模板
正式食谱,兔里脊大米土豆(小满),B族维生素复合胶囊,,SUPPLEMENT,CONCENTRATE,浓缩补剂,充分搅拌,1,低,E2 原料分类缺失,原料没有分类，前台展示与统计会缺项,补分类
正式食谱,兔里脊鸭胗蛋-lp 副本,柠檬酸钙粉,乳类及制品,SUPPLEMENT,POWDER,粉末,(空),1,低,B3b 补剂/油/粉空文案,补剂/油/粉无生熟概念，按剂量称取即可，空文案影响小,批量套用「直接称取」模板
正式食谱,兔里脊鸭胗蛋-lp 副本,氨基酸螯合铜,,SUPPLEMENT,CONCENTRATE,浓缩补剂,(空),2,低,E2 原料分类缺失 + B3b 补剂/油/粉空文案,原料没有分类，前台展示与统计会缺项；补剂/油/粉无生熟概念，按剂量称取即可，空文案影响小,补分类；批量套用「直接称取」模板
正式食谱,创伤恢复+红胡子(牛肉版),燕麦,谷类及制品,FOOD,DRIED,干,生重、打粉、充分搅拌,1,低,C1b 干制品口径词不规范,干制品宜用「干重」,口径词统一（需字典补「干重」）
正式食谱,十字花科全谷物三文鱼鸡肉,火麻籽,坚果种子类,FOOD,DRIED,干,生重、打碎、充分搅拌,1,低,C1b 干制品口径词不规范,干制品宜用「干重」,口径词统一（需字典补「干重」）
正式食谱,十字花科全谷物三文鱼鸡肉,火麻籽,坚果种子类,FOOD,DRIED,干,生重、打碎、充分搅拌,1,低,C1b 干制品口径词不规范,干制品宜用「干重」,口径词统一（需字典补「干重」）
正式食谱,十字花科全谷物三文鱼鸡肉,火麻籽,坚果种子类,FOOD,DRIED,干,生重、打碎、充分搅拌,1,低,C1b 干制品口径词不规范,干制品宜用「干重」,口径词统一（需字典补「干重」）
正式食谱,十字花科全谷物三文鱼鸡肉,火麻籽,坚果种子类,FOOD,DRIED,干,生重、打碎、充分搅拌,1,低,C1b 干制品口径词不规范,干制品宜用「干重」,口径词统一（需字典补「干重」）
正式食谱,十字花科全谷物三文鱼鸡肉,火麻籽,坚果种子类,FOOD,DRIED,干,生重、打碎、充分搅拌,1,低,C1b 干制品口径词不规范,干制品宜用「干重」,口径词统一（需字典补「干重」）
正式食谱,十字花科全谷物三文鱼鸡肉,火麻籽,坚果种子类,FOOD,DRIED,干,生重、打碎、充分搅拌,1,低,C1b 干制品口径词不规范,干制品宜用「干重」,口径词统一（需字典补「干重」）
正式食谱,十字花科全谷物三文鱼鸡肉,火麻籽,坚果种子类,FOOD,DRIED,干,生重、打碎、充分搅拌,1,低,C1b 干制品口径词不规范,干制品宜用「干重」,口径词统一（需字典补「干重」）
正式食谱,十字花科全谷物三文鱼鸡肉,氨基酸螯合铜,,SUPPLEMENT,CONCENTRATE,浓缩补剂,打粉、充分搅拌,1,低,E2 原料分类缺失,原料没有分类，前台展示与统计会缺项,补分类
正式食谱,十字花科全谷物三文鱼鸡肉,氨基酸螯合铜,,SUPPLEMENT,CONCENTRATE,浓缩补剂,打粉、充分搅拌,1,低,E2 原料分类缺失,原料没有分类，前台展示与统计会缺项,补分类
正式食谱,十字花科全谷物三文鱼鸡肉,氨基酸螯合铜,,SUPPLEMENT,CONCENTRATE,浓缩补剂,打粉、充分搅拌,1,低,E2 原料分类缺失,原料没有分类，前台展示与统计会缺项,补分类
正式食谱,十字花科全谷物三文鱼鸡肉,氨基酸螯合铜,,SUPPLEMENT,CONCENTRATE,浓缩补剂,打粉、充分搅拌,1,低,E2 原料分类缺失,原料没有分类，前台展示与统计会缺项,补分类
正式食谱,十字花科全谷物三文鱼鸡肉,氨基酸螯合铜,,SUPPLEMENT,CONCENTRATE,浓缩补剂,打粉、充分搅拌,1,低,E2 原料分类缺失,原料没有分类，前台展示与统计会缺项,补分类
正式食谱,嗨皮 的鲜食食谱 08/01,奇亚籽,坚果种子类,FOOD,DRIED,干,生重、打碎、充分搅拌,1,低,C1b 干制品口径词不规范,干制品宜用「干重」,口径词统一（需字典补「干重」）
正式食谱,土豆大米兔,生南瓜籽仁,坚果种子类,FOOD,DRIED,干,生重、打碎、充分搅拌,1,低,C1b 干制品口径词不规范,干制品宜用「干重」,口径词统一（需字典补「干重」）
正式食谱,土豆大米兔,蛋氨酸锌(含铜),,SUPPLEMENT,CONCENTRATE,浓缩补剂,充分搅拌,1,低,E2 原料分类缺失,原料没有分类，前台展示与统计会缺项,补分类
正式食谱,土豆大米鳕鱼火鸡胸,生南瓜籽仁,坚果种子类,FOOD,DRIED,干,生重、打碎、充分搅拌,1,低,C1b 干制品口径词不规范,干制品宜用「干重」,口径词统一（需字典补「干重」）
正式食谱,大米燕麦三文鱼兔里脊,火麻籽,坚果种子类,FOOD,DRIED,干,生重、打碎、充分搅拌,1,低,C1b 干制品口径词不规范,干制品宜用「干重」,口径词统一（需字典补「干重」）
正式食谱,大米红薯兔里脊,生南瓜籽仁,坚果种子类,FOOD,DRIED,干,生重、打碎、充分搅拌,1,低,C1b 干制品口径词不规范,干制品宜用「干重」,口径词统一（需字典补「干重」）
正式食谱,大米红薯兔里脊,生南瓜籽仁,坚果种子类,FOOD,DRIED,干,生重、打碎、充分搅拌,1,低,C1b 干制品口径词不规范,干制品宜用「干重」,口径词统一（需字典补「干重」）
正式食谱,好久 的鲜食食谱 09/06,燕麦,谷类及制品,FOOD,DRIED,干,生重、打碎、充分搅拌,1,低,C1b 干制品口径词不规范,干制品宜用「干重」,口径词统一（需字典补「干重」）
正式食谱,好久 的鲜食食谱 09/06,燕麦,谷类及制品,FOOD,DRIED,干,生重、打碎、充分搅拌,1,低,C1b 干制品口径词不规范,干制品宜用「干重」,口径词统一（需字典补「干重」）
正式食谱,好久 的鲜食食谱 09/06,小麦胚芽油,油脂类,FOOD,OIL,油脂,生重、充分搅拌,1,低,C1 冗余口径词（油/粉/补剂）,这类食材不因加热改变重量，口径词无意义（可安全删除）,删掉生重/熟重，保留处理步骤
正式食谱,小瓜 的鲜食食谱 07/02,海带粉胶囊,乳类及制品,SUPPLEMENT,CONCENTRATE,浓缩补剂,(空),1,低,B3b 补剂/油/粉空文案,补剂/油/粉无生熟概念，按剂量称取即可，空文案影响小,批量套用「直接称取」模板
正式食谱,小瓜 的鲜食食谱 07/02,生南瓜籽仁,坚果种子类,FOOD,DRIED,干,生重、打碎、充分搅拌,1,低,C1b 干制品口径词不规范,干制品宜用「干重」,口径词统一（需字典补「干重」）
正式食谱,小瓜 的鲜食食谱 07/02,生葵花籽仁,坚果种子类,FOOD,DRIED,干,生重、打碎、充分搅拌,1,低,C1b 干制品口径词不规范,干制品宜用「干重」,口径词统一（需字典补「干重」）
正式食谱,小瓜 的鲜食食谱 07/15,海带粉胶囊,乳类及制品,SUPPLEMENT,CONCENTRATE,浓缩补剂,(空),1,低,B3b 补剂/油/粉空文案,补剂/油/粉无生熟概念，按剂量称取即可，空文案影响小,批量套用「直接称取」模板
正式食谱,小瓜 的鲜食食谱 07/15,食用盐,调味品类,FOOD,DRIED,干,生重、充分搅拌,1,低,C1b 干制品口径词不规范,干制品宜用「干重」,口径词统一（需字典补「干重」）
正式食谱,小瓜 的鲜食食谱 07/15,葵花籽油,油脂类,FOOD,OIL,油脂,(空),1,低,B3b 补剂/油/粉空文案,补剂/油/粉无生熟概念，按剂量称取即可，空文案影响小,批量套用「直接称取」模板
正式食谱,小米三文鱼猪里脊(幺鸡),火麻籽,坚果种子类,FOOD,DRIED,干,生重、打碎、充分搅拌,1,低,C1b 干制品口径词不规范,干制品宜用「干重」,口径词统一（需字典补「干重」）
正式食谱,小米三文鱼猪里脊(幺鸡),食用盐,调味品类,FOOD,DRIED,干,生重、充分搅拌,1,低,C1b 干制品口径词不规范,干制品宜用「干重」,口径词统一（需字典补「干重」）
正式食谱,小米三文鱼猪里脊(幺鸡),小麦胚芽油,油脂类,FOOD,OIL,油脂,生重、充分搅拌,1,低,C1 冗余口径词（油/粉/补剂）,这类食材不因加热改变重量，口径词无意义（可安全删除）,删掉生重/熟重，保留处理步骤
正式食谱,小米三文鱼猪里脊(幺鸡),蛋氨酸锌(含铜),,SUPPLEMENT,CONCENTRATE,浓缩补剂,充分搅拌,1,低,E2 原料分类缺失,原料没有分类，前台展示与统计会缺项,补分类
正式食谱,小米红豆兔里脊火鸡胸,氨基酸螯合铜,,SUPPLEMENT,CONCENTRATE,浓缩补剂,打粉、充分搅拌,1,低,E2 原料分类缺失,原料没有分类，前台展示与统计会缺项,补分类
正式食谱,小米红豆兔里脊火鸡胸,氨基酸螯合铜,,SUPPLEMENT,CONCENTRATE,浓缩补剂,打粉、充分搅拌,1,低,E2 原料分类缺失,原料没有分类，前台展示与统计会缺项,补分类
正式食谱,小米鳕鱼鸡胸,生葵花籽仁,坚果种子类,FOOD,DRIED,干,生重、打碎、充分搅拌,1,低,C1b 干制品口径词不规范,干制品宜用「干重」,口径词统一（需字典补「干重」）
正式食谱,小米鳕鱼鸡胸,生葵花籽仁,坚果种子类,FOOD,DRIED,干,生重、打碎、充分搅拌,1,低,C1b 干制品口径词不规范,干制品宜用「干重」,口径词统一（需字典补「干重」）
正式食谱,小米鳕鱼鸡胸,生葵花籽仁,坚果种子类,FOOD,DRIED,干,生重、打碎、充分搅拌,1,低,C1b 干制品口径词不规范,干制品宜用「干重」,口径词统一（需字典补「干重」）
正式食谱,小米鳕鱼鸡胸,生葵花籽仁,坚果种子类,FOOD,DRIED,干,生重、打碎、充分搅拌,1,低,C1b 干制品口径词不规范,干制品宜用「干重」,口径词统一（需字典补「干重」）
正式食谱,小米鳕鱼鸡胸,生葵花籽仁,坚果种子类,FOOD,DRIED,干,生重、打碎、充分搅拌,1,低,C1b 干制品口径词不规范,干制品宜用「干重」,口径词统一（需字典补「干重」）
正式食谱,小米鳕鱼鸡胸,奇亚籽,坚果种子类,FOOD,DRIED,干,生重、打碎、充分搅拌,1,低,C1b 干制品口径词不规范,干制品宜用「干重」,口径词统一（需字典补「干重」）
正式食谱,小米鳕鱼鸡胸,奇亚籽,坚果种子类,FOOD,DRIED,干,生重、打碎、充分搅拌,1,低,C1b 干制品口径词不规范,干制品宜用「干重」,口径词统一（需字典补「干重」）
正式食谱,小米鳕鱼鸡胸,奇亚籽,坚果种子类,FOOD,DRIED,干,生重、打碎、充分搅拌,1,低,C1b 干制品口径词不规范,干制品宜用「干重」,口径词统一（需字典补「干重」）
正式食谱,小米鳕鱼鸡胸,奇亚籽,坚果种子类,FOOD,DRIED,干,生重、打碎、充分搅拌,1,低,C1b 干制品口径词不规范,干制品宜用「干重」,口径词统一（需字典补「干重」）
正式食谱,小米鳕鱼鸡胸,奇亚籽,坚果种子类,FOOD,DRIED,干,生重、打碎、充分搅拌,1,低,C1b 干制品口径词不规范,干制品宜用「干重」,口径词统一（需字典补「干重」）
正式食谱,小米鳕鱼鸡胸,丁香粉,调味品类,FOOD,POWDER,粉,(空),1,低,B3b 补剂/油/粉空文案,补剂/油/粉无生熟概念，按剂量称取即可，空文案影响小,批量套用「直接称取」模板
正式食谱,小豆 的鲜食食谱 08/27,火麻籽,坚果种子类,FOOD,DRIED,干,生重、打碎、充分搅拌,1,低,C1b 干制品口径词不规范,干制品宜用「干重」,口径词统一（需字典补「干重」）
正式食谱,小豆 的鲜食食谱 08/29,碳酸钙粉,乳类及制品,SUPPLEMENT,CONCENTRATE,浓缩补剂,生重、充分搅拌,1,低,C1 冗余口径词（油/粉/补剂）,这类食材不因加热改变重量，口径词无意义（可安全删除）,删掉生重/熟重，保留处理步骤
正式食谱,小豆 的鲜食食谱 08/29,食用盐,调味品类,FOOD,DRIED,干,生重、充分搅拌,1,低,C1b 干制品口径词不规范,干制品宜用「干重」,口径词统一（需字典补「干重」）
正式食谱,小豆 的鲜食食谱 08/29,海带片,乳类及制品,SUPPLEMENT,CONCENTRATE,浓缩补剂,(空),1,低,B3b 补剂/油/粉空文案,补剂/油/粉无生熟概念，按剂量称取即可，空文案影响小,批量套用「直接称取」模板
正式食谱,山药 辅食,柠檬酸钙粉,乳类及制品,SUPPLEMENT,POWDER,粉末,(空),1,低,B3b 补剂/油/粉空文案,补剂/油/粉无生熟概念，按剂量称取即可，空文案影响小,批量套用「直接称取」模板
正式食谱,山药 辅食,柠檬酸钾胶囊,乳类及制品,SUPPLEMENT,CONCENTRATE,浓缩补剂,(空),1,低,B3b 补剂/油/粉空文案,补剂/油/粉无生熟概念，按剂量称取即可，空文案影响小,批量套用「直接称取」模板
正式食谱,山药 辅食,氨基酸螯合铜,,SUPPLEMENT,CONCENTRATE,浓缩补剂,(空),2,低,E2 原料分类缺失 + B3b 补剂/油/粉空文案,原料没有分类，前台展示与统计会缺项；补剂/油/粉无生熟概念，按剂量称取即可，空文案影响小,补分类；批量套用「直接称取」模板
正式食谱,布丁定制食谱,姜黄粉,调味品类,FOOD,POWDER,粉,生重、充分搅拌,1,低,C1 冗余口径词（油/粉/补剂）,这类食材不因加热改变重量，口径词无意义（可安全删除）,删掉生重/熟重，保留处理步骤
正式食谱,布丁定制食谱,氨基酸螯合铜,,SUPPLEMENT,CONCENTRATE,浓缩补剂,打粉、充分搅拌,1,低,E2 原料分类缺失,原料没有分类，前台展示与统计会缺项,补分类
正式食谱,当前名称：排敏：鸡肉7.2-7.6,燕麦,谷类及制品,FOOD,DRIED,干,生重、打粉、充分搅拌,1,低,C1b 干制品口径词不规范,干制品宜用「干重」,口径词统一（需字典补「干重」）
正式食谱,当前名称：排敏：鸡肉7.2-7.6,海带粉胶囊,乳类及制品,SUPPLEMENT,CONCENTRATE,浓缩补剂,(空),1,低,B3b 补剂/油/粉空文案,补剂/油/粉无生熟概念，按剂量称取即可，空文案影响小,批量套用「直接称取」模板
正式食谱,当前名称：排敏：鸡肉7.2-7.6,生葵花籽仁,坚果种子类,FOOD,DRIED,干,生重、打碎、充分搅拌,1,低,C1b 干制品口径词不规范,干制品宜用「干重」,口径词统一（需字典补「干重」）
正式食谱,当前名称：排敏：鸡肉7.2-7.6,火麻籽,坚果种子类,FOOD,DRIED,干,生重、打碎、充分搅拌,1,低,C1b 干制品口径词不规范,干制品宜用「干重」,口径词统一（需字典补「干重」）
正式食谱,当前名称：排敏：鸡肉7.2-7.6,生南瓜籽仁,坚果种子类,FOOD,DRIED,干,生重、打碎、充分搅拌,1,低,C1b 干制品口径词不规范,干制品宜用「干重」,口径词统一（需字典补「干重」）
正式食谱,排敏：猪肉7.7-12,燕麦,谷类及制品,FOOD,DRIED,干,生重、打粉、充分搅拌,1,低,C1b 干制品口径词不规范,干制品宜用「干重」,口径词统一（需字典补「干重」）
正式食谱,排敏：猪肉7.7-12,海带粉胶囊,乳类及制品,SUPPLEMENT,CONCENTRATE,浓缩补剂,(空),1,低,B3b 补剂/油/粉空文案,补剂/油/粉无生熟概念，按剂量称取即可，空文案影响小,批量套用「直接称取」模板
正式食谱,排敏：猪肉7.7-12,食用盐,调味品类,FOOD,DRIED,干,生重、充分搅拌,1,低,C1b 干制品口径词不规范,干制品宜用「干重」,口径词统一（需字典补「干重」）
正式食谱,李开心定制食谱（兔+猪）,氨基酸螯合铜,,SUPPLEMENT,CONCENTRATE,浓缩补剂,打粉、充分搅拌,1,低,E2 原料分类缺失,原料没有分类，前台展示与统计会缺项,补分类
正式食谱,李皮皮 的鲜食食谱 07/02,碘钾片,乳类及制品,SUPPLEMENT,CONCENTRATE,浓缩补剂,(空),1,低,B3b 补剂/油/粉空文案,补剂/油/粉无生熟概念，按剂量称取即可，空文案影响小,批量套用「直接称取」模板
正式食谱,杠铃 的鲜食食谱 07/25,燕麦,谷类及制品,FOOD,DRIED,干,生重、打碎、充分搅拌,1,低,C1b 干制品口径词不规范,干制品宜用「干重」,口径词统一（需字典补「干重」）
正式食谱,杠铃 的鲜食食谱 07/25,海带粉胶囊,乳类及制品,SUPPLEMENT,CONCENTRATE,浓缩补剂,(空),1,低,B3b 补剂/油/粉空文案,补剂/油/粉无生熟概念，按剂量称取即可，空文案影响小,批量套用「直接称取」模板
正式食谱,杠铃 的鲜食食谱 07/25,骨粉片,乳类及制品,SUPPLEMENT,CONCENTRATE,浓缩补剂,(空),1,低,B3b 补剂/油/粉空文案,补剂/油/粉无生熟概念，按剂量称取即可，空文案影响小,批量套用「直接称取」模板
正式食谱,来福 的鲜食食谱 08/06,碘钾片,乳类及制品,SUPPLEMENT,CONCENTRATE,浓缩补剂,(空),1,低,B3b 补剂/油/粉空文案,补剂/油/粉无生熟概念，按剂量称取即可，空文案影响小,批量套用「直接称取」模板
正式食谱,来福 的鲜食食谱 08/06,碘钾片,乳类及制品,SUPPLEMENT,CONCENTRATE,浓缩补剂,(空),1,低,B3b 补剂/油/粉空文案,补剂/油/粉无生熟概念，按剂量称取即可，空文案影响小,批量套用「直接称取」模板
正式食谱,柠檬茶 的鲜食食谱 08/05,生南瓜籽仁,坚果种子类,FOOD,DRIED,干,生重、打碎、充分搅拌,1,低,C1b 干制品口径词不规范,干制品宜用「干重」,口径词统一（需字典补「干重」）
正式食谱,柠檬茶 的鲜食食谱 08/05,氨基酸螯合铜,,SUPPLEMENT,CONCENTRATE,浓缩补剂,打粉、充分搅拌,1,低,E2 原料分类缺失,原料没有分类，前台展示与统计会缺项,补分类
正式食谱,柠檬茶 的鲜食食谱 08/05,奇亚籽,坚果种子类,FOOD,DRIED,干,生重、打碎、充分搅拌,1,低,C1b 干制品口径词不规范,干制品宜用「干重」,口径词统一（需字典补「干重」）
正式食谱,柠檬茶 的鲜食食谱 09/06,生葵花籽仁,坚果种子类,FOOD,DRIED,干,生重、打碎、充分搅拌,1,低,C1b 干制品口径词不规范,干制品宜用「干重」,口径词统一（需字典补「干重」）
正式食谱,桑迪 的鲜食食谱 07/25,燕麦,谷类及制品,FOOD,DRIED,干,生重、打碎、充分搅拌,1,低,C1b 干制品口径词不规范,干制品宜用「干重」,口径词统一（需字典补「干重」）
正式食谱,灿灿 的鲜食食谱 08/17,柠檬酸钙粉,乳类及制品,SUPPLEMENT,POWDER,粉末,(空),1,低,B3b 补剂/油/粉空文案,补剂/油/粉无生熟概念，按剂量称取即可，空文案影响小,批量套用「直接称取」模板
正式食谱,灿灿 的鲜食食谱 08/17,碘钾片,乳类及制品,SUPPLEMENT,CONCENTRATE,浓缩补剂,(空),1,低,B3b 补剂/油/粉空文案,补剂/油/粉无生熟概念，按剂量称取即可，空文案影响小,批量套用「直接称取」模板
正式食谱,燕麦米比目鱼鸭肉,生葵花籽仁,坚果种子类,FOOD,DRIED,干,生重、打碎、充分搅拌,1,低,C1b 干制品口径词不规范,干制品宜用「干重」,口径词统一（需字典补「干重」）
正式食谱,燕麦米青花鱼鸭肉,生葵花籽仁,坚果种子类,FOOD,DRIED,干,生重、打碎、充分搅拌,1,低,C1b 干制品口径词不规范,干制品宜用「干重」,口径词统一（需字典补「干重」）
正式食谱,燕麦米青花鱼鸭肉,碘钾片,乳类及制品,SUPPLEMENT,CONCENTRATE,浓缩补剂,(空),1,低,B3b 补剂/油/粉空文案,补剂/油/粉无生熟概念，按剂量称取即可，空文案影响小,批量套用「直接称取」模板
正式食谱,燕麦米青花鱼鸭肉(财宝),碘钾片,乳类及制品,SUPPLEMENT,CONCENTRATE,浓缩补剂,(空),1,低,B3b 补剂/油/粉空文案,补剂/油/粉无生熟概念，按剂量称取即可，空文案影响小,批量套用「直接称取」模板
正式食谱,燕麦鳕鱼猪肉,生葵花籽仁,坚果种子类,FOOD,DRIED,干,生重、打碎、充分搅拌,1,低,C1b 干制品口径词不规范,干制品宜用「干重」,口径词统一（需字典补「干重」）
正式食谱,燕麦鳕鱼猪肉,生葵花籽仁,坚果种子类,FOOD,DRIED,干,生重、打碎、充分搅拌,1,低,C1b 干制品口径词不规范,干制品宜用「干重」,口径词统一（需字典补「干重」）
正式食谱,燕麦鳕鱼猪肉,生葵花籽仁,坚果种子类,FOOD,DRIED,干,生重、打碎、充分搅拌,1,低,C1b 干制品口径词不规范,干制品宜用「干重」,口径词统一（需字典补「干重」）
正式食谱,燕麦鳕鱼猪肉,生葵花籽仁,坚果种子类,FOOD,DRIED,干,生重、打碎、充分搅拌,1,低,C1b 干制品口径词不规范,干制品宜用「干重」,口径词统一（需字典补「干重」）
正式食谱,燕麦鳕鱼猪肉,生葵花籽仁,坚果种子类,FOOD,DRIED,干,生重、打碎、充分搅拌,1,低,C1b 干制品口径词不规范,干制品宜用「干重」,口径词统一（需字典补「干重」）
正式食谱,燕麦鳕鱼猪肉,氨基酸螯合铜,,SUPPLEMENT,CONCENTRATE,浓缩补剂,打粉、充分搅拌,1,低,E2 原料分类缺失,原料没有分类，前台展示与统计会缺项,补分类
正式食谱,燕麦鳕鱼猪肉,氨基酸螯合铜,,SUPPLEMENT,CONCENTRATE,浓缩补剂,打粉、充分搅拌,1,低,E2 原料分类缺失,原料没有分类，前台展示与统计会缺项,补分类
正式食谱,燕麦鳕鱼猪肉,氨基酸螯合铜,,SUPPLEMENT,CONCENTRATE,浓缩补剂,打粉、充分搅拌,1,低,E2 原料分类缺失,原料没有分类，前台展示与统计会缺项,补分类
正式食谱,燕麦鳕鱼猪肉,氨基酸螯合铜,,SUPPLEMENT,CONCENTRATE,浓缩补剂,打粉、充分搅拌,1,低,E2 原料分类缺失,原料没有分类，前台展示与统计会缺项,补分类
正式食谱,燕麦鳕鱼猪肉,氨基酸螯合铜,,SUPPLEMENT,CONCENTRATE,浓缩补剂,打粉、充分搅拌,1,低,E2 原料分类缺失,原料没有分类，前台展示与统计会缺项,补分类
正式食谱,牛牛定制食谱,燕麦,谷类及制品,FOOD,DRIED,干,生重、打粉、充分搅拌,1,低,C1b 干制品口径词不规范,干制品宜用「干重」,口径词统一（需字典补「干重」）
正式食谱,牛牛定制食谱,姜黄粉,调味品类,FOOD,POWDER,粉,生重、充分搅拌,1,低,C1 冗余口径词（油/粉/补剂）,这类食材不因加热改变重量，口径词无意义（可安全删除）,删掉生重/熟重，保留处理步骤
正式食谱,牛牛定制食谱,食用盐,调味品类,FOOD,DRIED,干,生重、充分搅拌,1,低,C1b 干制品口径词不规范,干制品宜用「干重」,口径词统一（需字典补「干重」）
正式食谱,牛牛的定制食谱（兔）20260914,肉桂粉,调味品类,FOOD,POWDER,粉,(空),1,低,B3b 补剂/油/粉空文案,补剂/油/粉无生熟概念，按剂量称取即可，空文案影响小,批量套用「直接称取」模板
正式食谱,牛牛的定制食谱（兔）20260914,氨基酸螯合铜,,SUPPLEMENT,CONCENTRATE,浓缩补剂,打粉、充分搅拌,1,低,E2 原料分类缺失,原料没有分类，前台展示与统计会缺项,补分类
正式食谱,牛牛的定制食谱（兔）20260914,蛋氨酸锌(含铜),,SUPPLEMENT,CONCENTRATE,浓缩补剂,充分搅拌,1,低,E2 原料分类缺失,原料没有分类，前台展示与统计会缺项,补分类
正式食谱,牛牛的定制食谱（牛）20260914,燕麦,谷类及制品,FOOD,DRIED,干,生重、打粉、充分搅拌,1,低,C1b 干制品口径词不规范,干制品宜用「干重」,口径词统一（需字典补「干重」）
正式食谱,牛牛的定制食谱（牛）20260914,蛋氨酸锌(含铜),,SUPPLEMENT,CONCENTRATE,浓缩补剂,充分搅拌,1,低,E2 原料分类缺失,原料没有分类，前台展示与统计会缺项,补分类
正式食谱,牛牛的定制食谱（鸭）20260914,丁香粉,调味品类,FOOD,POWDER,粉,(空),1,低,B3b 补剂/油/粉空文案,补剂/油/粉无生熟概念，按剂量称取即可，空文案影响小,批量套用「直接称取」模板
正式食谱,牛牛的定制食谱（鸭）20260914,蛋氨酸锌(含铜),,SUPPLEMENT,CONCENTRATE,浓缩补剂,充分搅拌,1,低,E2 原料分类缺失,原料没有分类，前台展示与统计会缺项,补分类
正式食谱,牛肉食谱,火麻籽,坚果种子类,FOOD,DRIED,干,生重、打碎、充分搅拌,1,低,C1b 干制品口径词不规范,干制品宜用「干重」,口径词统一（需字典补「干重」）
正式食谱,牛肉食谱,小麦胚芽油,油脂类,FOOD,OIL,油脂,生重、充分搅拌,1,低,C1 冗余口径词（油/粉/补剂）,这类食材不因加热改变重量，口径词无意义（可安全删除）,删掉生重/熟重，保留处理步骤
正式食谱,犇犇 的鲜食食谱 08/03,燕麦,谷类及制品,FOOD,DRIED,干,生重、打碎、充分搅拌,1,低,C1b 干制品口径词不规范,干制品宜用「干重」,口径词统一（需字典补「干重」）
正式食谱,百万 的鲜食食谱 07/28,生南瓜籽仁,坚果种子类,FOOD,DRIED,干,生重、打碎、充分搅拌,1,低,C1b 干制品口径词不规范,干制品宜用「干重」,口径词统一（需字典补「干重」）
正式食谱,百万 的鲜食食谱 07/28,白芝麻,坚果种子类,FOOD,DRIED,干,生重、充分搅拌,1,低,C1b 干制品口径词不规范,干制品宜用「干重」,口径词统一（需字典补「干重」）
正式食谱,百万 的鲜食食谱 07/28,姜粉,调味品类,FOOD,POWDER,粉,(空),1,低,B3b 补剂/油/粉空文案,补剂/油/粉无生熟概念，按剂量称取即可，空文案影响小,批量套用「直接称取」模板
正式食谱,秋菊 的鲜食食谱 06/28,小麦胚芽油,油脂类,FOOD,OIL,油脂,生重、充分搅拌,1,低,C1 冗余口径词（油/粉/补剂）,这类食材不因加热改变重量，口径词无意义（可安全删除）,删掉生重/熟重，保留处理步骤
正式食谱,秋菊 的鲜食食谱 06/28,燕麦,谷类及制品,FOOD,DRIED,干,生重、打碎、充分搅拌,1,低,C1b 干制品口径词不规范,干制品宜用「干重」,口径词统一（需字典补「干重」）
正式食谱,秋菊 的鲜食食谱 06/28,生葵花籽仁,坚果种子类,FOOD,DRIED,干,生重、打碎、充分搅拌,1,低,C1b 干制品口径词不规范,干制品宜用「干重」,口径词统一（需字典补「干重」）
正式食谱,秋菊 的鲜食食谱 06/28,碳酸钙粉,乳类及制品,SUPPLEMENT,CONCENTRATE,浓缩补剂,生重、充分搅拌,1,低,C1 冗余口径词（油/粉/补剂）,这类食材不因加热改变重量，口径词无意义（可安全删除）,删掉生重/熟重，保留处理步骤
正式食谱,秋菊 的鲜食食谱 06/28,火麻籽,坚果种子类,FOOD,DRIED,干,生重、打碎、充分搅拌,1,低,C1b 干制品口径词不规范,干制品宜用「干重」,口径词统一（需字典补「干重」）
正式食谱,秋菊 的鲜食食谱 07/26,小麦胚芽油,油脂类,FOOD,OIL,油脂,生重、充分搅拌,1,低,C1 冗余口径词（油/粉/补剂）,这类食材不因加热改变重量，口径词无意义（可安全删除）,删掉生重/熟重，保留处理步骤
正式食谱,秋菊 的鲜食食谱 07/26,燕麦,谷类及制品,FOOD,DRIED,干,生重、打碎、充分搅拌,1,低,C1b 干制品口径词不规范,干制品宜用「干重」,口径词统一（需字典补「干重」）
正式食谱,秋菊 的鲜食食谱 07/26,生葵花籽仁,坚果种子类,FOOD,DRIED,干,生重、打碎、充分搅拌,1,低,C1b 干制品口径词不规范,干制品宜用「干重」,口径词统一（需字典补「干重」）
正式食谱,秋菊 的鲜食食谱 07/26,火麻籽,坚果种子类,FOOD,DRIED,干,生重、打碎、充分搅拌,1,低,C1b 干制品口径词不规范,干制品宜用「干重」,口径词统一（需字典补「干重」）
正式食谱,秋菊 的鲜食食谱 08/02,燕麦,谷类及制品,FOOD,DRIED,干,生重、打碎、充分搅拌,1,低,C1b 干制品口径词不规范,干制品宜用「干重」,口径词统一（需字典补「干重」）
正式食谱,秋菊 的鲜食食谱 08/02,火麻籽,坚果种子类,FOOD,DRIED,干,生重、打碎、充分搅拌,1,低,C1b 干制品口径词不规范,干制品宜用「干重」,口径词统一（需字典补「干重」）
正式食谱,秋菊 的鲜食食谱 08/02,白芝麻,坚果种子类,FOOD,DRIED,干,生重、充分搅拌,1,低,C1b 干制品口径词不规范,干制品宜用「干重」,口径词统一（需字典补「干重」）
正式食谱,秋菊 的鲜食食谱 08/02,碳酸钙粉,乳类及制品,SUPPLEMENT,CONCENTRATE,浓缩补剂,生重、充分搅拌,1,低,C1 冗余口径词（油/粉/补剂）,这类食材不因加热改变重量，口径词无意义（可安全删除）,删掉生重/熟重，保留处理步骤
正式食谱,秋菊 的鲜食食谱 09/06,生南瓜籽仁,坚果种子类,FOOD,DRIED,干,生重、打碎、充分搅拌,1,低,C1b 干制品口径词不规范,干制品宜用「干重」,口径词统一（需字典补「干重」）
正式食谱,秋菊 的鲜食食谱 09/06,火麻籽,坚果种子类,FOOD,DRIED,干,生重、充分搅拌,1,低,C1b 干制品口径词不规范,干制品宜用「干重」,口径词统一（需字典补「干重」）
正式食谱,秋菊 的鲜食食谱 09/06,燕麦,谷类及制品,FOOD,DRIED,干,生重、打碎、充分搅拌,1,低,C1b 干制品口径词不规范,干制品宜用「干重」,口径词统一（需字典补「干重」）
正式食谱,秋葵藜麦米牛肉鸡胸,生葵花籽仁,坚果种子类,FOOD,DRIED,干,生重、打碎、充分搅拌,1,低,C1b 干制品口径词不规范,干制品宜用「干重」,口径词统一（需字典补「干重」）
正式食谱,秋葵藜麦米牛肉鸡胸,小麦胚芽油,油脂类,FOOD,OIL,油脂,生重、充分搅拌,1,低,C1 冗余口径词（油/粉/补剂）,这类食材不因加热改变重量，口径词无意义（可安全删除）,删掉生重/熟重，保留处理步骤
正式食谱,秋葵藜麦米牛肉鸡胸,食用盐,调味品类,FOOD,DRIED,干,生重、充分搅拌,1,低,C1b 干制品口径词不规范,干制品宜用「干重」,口径词统一（需字典补「干重」）
正式食谱,秋葵藜麦米牛肉鸡胸,蛋氨酸锌(含铜),,SUPPLEMENT,CONCENTRATE,浓缩补剂,充分搅拌,1,低,E2 原料分类缺失,原料没有分类，前台展示与统计会缺项,补分类
正式食谱,秋葵藜麦米牛肉鸡胸,碘钾片,乳类及制品,SUPPLEMENT,CONCENTRATE,浓缩补剂,(空),1,低,B3b 补剂/油/粉空文案,补剂/油/粉无生熟概念，按剂量称取即可，空文案影响小,批量套用「直接称取」模板
正式食谱,糙米三文鱼牛肉（敢敢）,火麻籽,坚果种子类,FOOD,DRIED,干,生重、打碎、充分搅拌,1,低,C1b 干制品口径词不规范,干制品宜用「干重」,口径词统一（需字典补「干重」）
正式食谱,糙米三文鱼猪里脊(烟花),火麻籽,坚果种子类,FOOD,DRIED,干,生重、打碎、充分搅拌,1,低,C1b 干制品口径词不规范,干制品宜用「干重」,口径词统一（需字典补「干重」）
正式食谱,糙米三文鱼猪里脊(烟花),食用盐,调味品类,FOOD,DRIED,干,生重、充分搅拌,1,低,C1b 干制品口径词不规范,干制品宜用「干重」,口径词统一（需字典补「干重」）
正式食谱,糙米三文鱼猪里脊(烟花),小麦胚芽油,油脂类,FOOD,OIL,油脂,生重、充分搅拌,1,低,C1 冗余口径词（油/粉/补剂）,这类食材不因加热改变重量，口径词无意义（可安全删除）,删掉生重/熟重，保留处理步骤
正式食谱,糙米三文鱼猪里脊(烟花),蛋氨酸锌(含铜),,SUPPLEMENT,CONCENTRATE,浓缩补剂,充分搅拌,1,低,E2 原料分类缺失,原料没有分类，前台展示与统计会缺项,补分类
正式食谱,糙米三文鱼鸭胸鹿腿,氨基酸螯合铜,,SUPPLEMENT,CONCENTRATE,浓缩补剂,打粉、充分搅拌,1,低,E2 原料分类缺失,原料没有分类，前台展示与统计会缺项,补分类
正式食谱,糙米三文鱼鸭胸鹿腿,氨基酸螯合铜,,SUPPLEMENT,CONCENTRATE,浓缩补剂,打粉、充分搅拌,1,低,E2 原料分类缺失,原料没有分类，前台展示与统计会缺项,补分类
正式食谱,糙米三文鱼鸭胸鹿腿,氨基酸螯合铜,,SUPPLEMENT,CONCENTRATE,浓缩补剂,打粉、充分搅拌,1,低,E2 原料分类缺失,原料没有分类，前台展示与统计会缺项,补分类
正式食谱,糙米三文鱼鸭胸鹿腿,氨基酸螯合铜,,SUPPLEMENT,CONCENTRATE,浓缩补剂,打粉、充分搅拌,1,低,E2 原料分类缺失,原料没有分类，前台展示与统计会缺项,补分类
正式食谱,糙米三文鱼鸭胸鹿腿,氨基酸螯合铜,,SUPPLEMENT,CONCENTRATE,浓缩补剂,打粉、充分搅拌,1,低,E2 原料分类缺失,原料没有分类，前台展示与统计会缺项,补分类
正式食谱,糙米南瓜鸡胸肉【有机】,生南瓜籽仁,坚果种子类,FOOD,DRIED,干,生重、打碎、充分搅拌,1,低,C1b 干制品口径词不规范,干制品宜用「干重」,口径词统一（需字典补「干重」）
正式食谱,糙米南瓜鸡胸肉【有机】,氨基酸螯合铜,,SUPPLEMENT,CONCENTRATE,浓缩补剂,打粉、充分搅拌,1,低,E2 原料分类缺失,原料没有分类，前台展示与统计会缺项,补分类
正式食谱,糙米南瓜鸡胸肉【有机】,氨基酸螯合铜,,SUPPLEMENT,CONCENTRATE,浓缩补剂,打粉、充分搅拌,1,低,E2 原料分类缺失,原料没有分类，前台展示与统计会缺项,补分类
正式食谱,红薯鳕鱼鸭胸,火麻籽,坚果种子类,FOOD,DRIED,干,生重、打碎、充分搅拌,1,低,C1b 干制品口径词不规范,干制品宜用「干重」,口径词统一（需字典补「干重」）
正式食谱,红薯鳕鱼鸭胸,氨基酸螯合铜,,SUPPLEMENT,CONCENTRATE,浓缩补剂,(空),2,低,E2 原料分类缺失 + B3b 补剂/油/粉空文案,原料没有分类，前台展示与统计会缺项；补剂/油/粉无生熟概念，按剂量称取即可，空文案影响小,补分类；批量套用「直接称取」模板
正式食谱,紫薯黑米猪里脊,生葵花籽仁,坚果种子类,FOOD,DRIED,干,生重、打碎、充分搅拌,1,低,C1b 干制品口径词不规范,干制品宜用「干重」,口径词统一（需字典补「干重」）
正式食谱,花卷 的鲜食食谱 06/27,海带片,乳类及制品,SUPPLEMENT,CONCENTRATE,浓缩补剂,(空),1,低,B3b 补剂/油/粉空文案,补剂/油/粉无生熟概念，按剂量称取即可，空文案影响小,批量套用「直接称取」模板
正式食谱,花椰菜糙米鸭肉,火麻籽,坚果种子类,FOOD,DRIED,干,生重、打碎、充分搅拌,1,低,C1b 干制品口径词不规范,干制品宜用「干重」,口径词统一（需字典补「干重」）
正式食谱,萝卜绿豆鸭胸猪里脊,巴旦木,坚果种子类,FOOD,DRIED,干,生重、打碎、充分搅拌,1,低,C1b 干制品口径词不规范,干制品宜用「干重」,口径词统一（需字典补「干重」）
正式食谱,萝卜绿豆鸭胸猪里脊,白芝麻,坚果种子类,FOOD,DRIED,干,生重、充分搅拌,1,低,C1b 干制品口径词不规范,干制品宜用「干重」,口径词统一（需字典补「干重」）
正式食谱,萝卜绿豆鸭胸猪里脊,鸡蛋壳粉,乳类及制品,SUPPLEMENT,CONCENTRATE,浓缩补剂,(空),1,低,B3b 补剂/油/粉空文案,补剂/油/粉无生熟概念，按剂量称取即可，空文案影响小,批量套用「直接称取」模板
正式食谱,萝卜绿豆鸭胸猪里脊,海藻粉,乳类及制品,SUPPLEMENT,CONCENTRATE,浓缩补剂,(空),1,低,B3b 补剂/油/粉空文案,补剂/油/粉无生熟概念，按剂量称取即可，空文案影响小,批量套用「直接称取」模板
正式食谱,藜麦兔里脊猪肉,氨基酸螯合铜,,SUPPLEMENT,CONCENTRATE,浓缩补剂,打粉、充分搅拌,1,低,E2 原料分类缺失,原料没有分类，前台展示与统计会缺项,补分类
正式食谱,藜麦兔里脊猪肉,氨基酸螯合铜,,SUPPLEMENT,CONCENTRATE,浓缩补剂,打粉、充分搅拌,1,低,E2 原料分类缺失,原料没有分类，前台展示与统计会缺项,补分类
正式食谱,西葫芦大米比目鱼鸡肉,燕麦,谷类及制品,FOOD,DRIED,干,生重、打碎、充分搅拌,1,低,C1b 干制品口径词不规范,干制品宜用「干重」,口径词统一（需字典补「干重」）
正式食谱,西葫芦大米比目鱼鸡肉,小麦胚芽油,油脂类,FOOD,OIL,油脂,生重、充分搅拌,1,低,C1 冗余口径词（油/粉/补剂）,这类食材不因加热改变重量，口径词无意义（可安全删除）,删掉生重/熟重，保留处理步骤
正式食谱,西葫芦大米比目鱼鸡肉,氨基酸螯合铜,,SUPPLEMENT,CONCENTRATE,浓缩补剂,打粉、充分搅拌,1,低,E2 原料分类缺失,原料没有分类，前台展示与统计会缺项,补分类
正式食谱,财宝的定制20260911,生葵花籽仁,坚果种子类,FOOD,DRIED,干,生重、打碎、充分搅拌,1,低,C1b 干制品口径词不规范,干制品宜用「干重」,口径词统一（需字典补「干重」）
正式食谱,财宝的定制20260911,蛋氨酸锌(含铜),,SUPPLEMENT,CONCENTRATE,浓缩补剂,充分搅拌,1,低,E2 原料分类缺失,原料没有分类，前台展示与统计会缺项,补分类
正式食谱,财宝的定制20260911,氨基酸螯合铜,,SUPPLEMENT,CONCENTRATE,浓缩补剂,打粉、充分搅拌,1,低,E2 原料分类缺失,原料没有分类，前台展示与统计会缺项,补分类
正式食谱,青口贝虾仁鸡胸（幺鸡）,生葵花籽仁,坚果种子类,FOOD,DRIED,干,生重、打碎、充分搅拌,1,低,C1b 干制品口径词不规范,干制品宜用「干重」,口径词统一（需字典补「干重」）
正式食谱,青口贝虾仁鸡胸（幺鸡）,食用盐,调味品类,FOOD,DRIED,干,生重、充分搅拌,1,低,C1b 干制品口径词不规范,干制品宜用「干重」,口径词统一（需字典补「干重」）
正式食谱,青口贝虾仁鸡胸（幺鸡）,蛋氨酸锌(含铜),,SUPPLEMENT,CONCENTRATE,浓缩补剂,(空),2,低,E2 原料分类缺失 + B3b 补剂/油/粉空文案,原料没有分类，前台展示与统计会缺项；补剂/油/粉无生熟概念，按剂量称取即可，空文案影响小,补分类；批量套用「直接称取」模板
正式食谱,青口贝虾仁鸡胸（幺鸡）,碘钾片,乳类及制品,SUPPLEMENT,CONCENTRATE,浓缩补剂,(空),1,低,B3b 补剂/油/粉空文案,补剂/油/粉无生熟概念，按剂量称取即可，空文案影响小,批量套用「直接称取」模板
正式食谱,青花鱼对虾牛肉(财宝),小麦胚芽油,油脂类,FOOD,OIL,油脂,生重、充分搅拌,1,低,C1 冗余口径词（油/粉/补剂）,这类食材不因加热改变重量，口径词无意义（可安全删除）,删掉生重/熟重，保留处理步骤
正式食谱,青花鱼对虾牛肉(财宝),食用盐,调味品类,FOOD,DRIED,干,生重、充分搅拌,1,低,C1b 干制品口径词不规范,干制品宜用「干重」,口径词统一（需字典补「干重」）
正式食谱,青花鱼对虾牛肉(财宝),蛋氨酸锌(含铜),,SUPPLEMENT,CONCENTRATE,浓缩补剂,充分搅拌,1,低,E2 原料分类缺失,原料没有分类，前台展示与统计会缺项,补分类
正式食谱,马？,碳酸钙粉,乳类及制品,SUPPLEMENT,CONCENTRATE,浓缩补剂,生重、充分搅拌,1,低,C1 冗余口径词（油/粉/补剂）,这类食材不因加热改变重量，口径词无意义（可安全删除）,删掉生重/熟重，保留处理步骤
正式食谱,马？,碘钾片,乳类及制品,SUPPLEMENT,CONCENTRATE,浓缩补剂,(空),1,低,B3b 补剂/油/粉空文案,补剂/油/粉无生熟概念，按剂量称取即可，空文案影响小,批量套用「直接称取」模板
正式食谱,马肉兔肉白米土豆,橄榄油,油脂类,FOOD,OIL,油脂,生重、充分搅拌,1,低,C1 冗余口径词（油/粉/补剂）,这类食材不因加热改变重量，口径词无意义（可安全删除）,删掉生重/熟重，保留处理步骤
正式食谱,马肉兔肉白米土豆,橄榄油,油脂类,FOOD,OIL,油脂,生重、充分搅拌,1,低,C1 冗余口径词（油/粉/补剂）,这类食材不因加热改变重量，口径词无意义（可安全删除）,删掉生重/熟重，保留处理步骤
正式食谱,马肉兔肉白米土豆,巴西坚果,坚果种子类,FOOD,DRIED,干,生重、打碎、充分搅拌,1,低,C1b 干制品口径词不规范,干制品宜用「干重」,口径词统一（需字典补「干重」）
正式食谱,马肉兔肉白米土豆,巴西坚果,坚果种子类,FOOD,DRIED,干,生重、打碎、充分搅拌,1,低,C1b 干制品口径词不规范,干制品宜用「干重」,口径词统一（需字典补「干重」）
正式食谱,鳕鱼鸡蛋牛肉(路宝),B族维生素复合胶囊,,SUPPLEMENT,CONCENTRATE,浓缩补剂,充分搅拌,1,低,E2 原料分类缺失,原料没有分类，前台展示与统计会缺项,补分类
正式食谱,鸡兔-lp DV,柠檬酸钙粉,乳类及制品,SUPPLEMENT,POWDER,粉末,(空),1,低,B3b 补剂/油/粉空文案,补剂/油/粉无生熟概念，按剂量称取即可，空文案影响小,批量套用「直接称取」模板
正式食谱,鸡兔-lp DV,柠檬酸钾胶囊,乳类及制品,SUPPLEMENT,CONCENTRATE,浓缩补剂,(空),1,低,B3b 补剂/油/粉空文案,补剂/油/粉无生熟概念，按剂量称取即可，空文案影响小,批量套用「直接称取」模板
正式食谱,鸡兔-lp DV,氨基酸螯合铜,,SUPPLEMENT,CONCENTRATE,浓缩补剂,(空),2,低,E2 原料分类缺失 + B3b 补剂/油/粉空文案,原料没有分类，前台展示与统计会缺项；补剂/油/粉无生熟概念，按剂量称取即可，空文案影响小,补分类；批量套用「直接称取」模板
正式食谱,鸡肉食谱,生南瓜籽仁,坚果种子类,FOOD,DRIED,干,生重、打碎、充分搅拌,1,低,C1b 干制品口径词不规范,干制品宜用「干重」,口径词统一（需字典补「干重」）
正式食谱,鸡肉食谱,小麦胚芽油,油脂类,FOOD,OIL,油脂,生重、充分搅拌,1,低,C1 冗余口径词（油/粉/补剂）,这类食材不因加热改变重量，口径词无意义（可安全删除）,删掉生重/熟重，保留处理步骤
正式食谱,鸡肉食谱,火麻籽,坚果种子类,FOOD,DRIED,干,生重、打碎、充分搅拌,1,低,C1b 干制品口径词不规范,干制品宜用「干重」,口径词统一（需字典补「干重」）
正式食谱,鸡胸280-lp DV,柠檬酸钙粉,乳类及制品,SUPPLEMENT,POWDER,粉末,(空),1,低,B3b 补剂/油/粉空文案,补剂/油/粉无生熟概念，按剂量称取即可，空文案影响小,批量套用「直接称取」模板
正式食谱,鸡胸280-lp DV,氨基酸螯合铜,,SUPPLEMENT,CONCENTRATE,浓缩补剂,(空),2,低,E2 原料分类缺失 + B3b 补剂/油/粉空文案,原料没有分类，前台展示与统计会缺项；补剂/油/粉无生熟概念，按剂量称取即可，空文案影响小,补分类；批量套用「直接称取」模板
正式食谱,鸡胸280-lp DV 副本,柠檬酸钙粉,乳类及制品,SUPPLEMENT,POWDER,粉末,(空),1,低,B3b 补剂/油/粉空文案,补剂/油/粉无生熟概念，按剂量称取即可，空文案影响小,批量套用「直接称取」模板
正式食谱,鸡胸280-lp DV 副本,氨基酸螯合铜,,SUPPLEMENT,CONCENTRATE,浓缩补剂,(空),2,低,E2 原料分类缺失 + B3b 补剂/油/粉空文案,原料没有分类，前台展示与统计会缺项；补剂/油/粉无生熟概念，按剂量称取即可，空文案影响小,补分类；批量套用「直接称取」模板
正式食谱,鸡胸半餐-lp DV 副本,柠檬酸钙粉,乳类及制品,SUPPLEMENT,POWDER,粉末,(空),1,低,B3b 补剂/油/粉空文案,补剂/油/粉无生熟概念，按剂量称取即可，空文案影响小,批量套用「直接称取」模板
正式食谱,鸡胸半餐-lp DV 副本,柠檬酸钙粉,乳类及制品,SUPPLEMENT,POWDER,粉末,(空),1,低,B3b 补剂/油/粉空文案,补剂/油/粉无生熟概念，按剂量称取即可，空文案影响小,批量套用「直接称取」模板
正式食谱,鸡胸半餐-lp DV 副本,柠檬酸钾胶囊,乳类及制品,SUPPLEMENT,CONCENTRATE,浓缩补剂,(空),1,低,B3b 补剂/油/粉空文案,补剂/油/粉无生熟概念，按剂量称取即可，空文案影响小,批量套用「直接称取」模板
正式食谱,鸡胸半餐-lp DV 副本,柠檬酸钾胶囊,乳类及制品,SUPPLEMENT,CONCENTRATE,浓缩补剂,(空),1,低,B3b 补剂/油/粉空文案,补剂/油/粉无生熟概念，按剂量称取即可，空文案影响小,批量套用「直接称取」模板
正式食谱,鸡胸半餐-lp DV 副本,氨基酸螯合铜,,SUPPLEMENT,CONCENTRATE,浓缩补剂,(空),2,低,E2 原料分类缺失 + B3b 补剂/油/粉空文案,原料没有分类，前台展示与统计会缺项；补剂/油/粉无生熟概念，按剂量称取即可，空文案影响小,补分类；批量套用「直接称取」模板
正式食谱,鸡胸半餐-lp DV 副本,氨基酸螯合铜,,SUPPLEMENT,CONCENTRATE,浓缩补剂,(空),2,低,E2 原料分类缺失 + B3b 补剂/油/粉空文案,原料没有分类，前台展示与统计会缺项；补剂/油/粉无生熟概念，按剂量称取即可，空文案影响小,补分类；批量套用「直接称取」模板
正式食谱,鸡胸牛肉饭(幺鸡),小麦胚芽油,油脂类,FOOD,OIL,油脂,生重、充分搅拌,1,低,C1 冗余口径词（油/粉/补剂）,这类食材不因加热改变重量，口径词无意义（可安全删除）,删掉生重/熟重，保留处理步骤
正式食谱,鸡胸牛肉饭(幺鸡),火麻籽,坚果种子类,FOOD,DRIED,干,生重、打碎、充分搅拌,1,低,C1b 干制品口径词不规范,干制品宜用「干重」,口径词统一（需字典补「干重」）
正式食谱,鸡胸牛肉饭(幺鸡),丁香粉,调味品类,FOOD,POWDER,粉,(空),1,低,B3b 补剂/油/粉空文案,补剂/油/粉无生熟概念，按剂量称取即可，空文案影响小,批量套用「直接称取」模板
正式食谱,鸡胸牛肉饭(幺鸡),蛋氨酸锌(含铜),,SUPPLEMENT,CONCENTRATE,浓缩补剂,充分搅拌,1,低,E2 原料分类缺失,原料没有分类，前台展示与统计会缺项,补分类
正式食谱,鸡胸牛肉饭(幺鸡),氨基酸螯合铜,,SUPPLEMENT,CONCENTRATE,浓缩补剂,(空),2,低,E2 原料分类缺失 + B3b 补剂/油/粉空文案,原料没有分类，前台展示与统计会缺项；补剂/油/粉无生熟概念，按剂量称取即可，空文案影响小,补分类；批量套用「直接称取」模板
正式食谱,鸡胸牛肉饭(幺鸡),B族维生素复合胶囊,,SUPPLEMENT,CONCENTRATE,浓缩补剂,充分搅拌,1,低,E2 原料分类缺失,原料没有分类，前台展示与统计会缺项,补分类
正式食谱,鸡胸牛里脊三文鱼,小麦胚芽油,油脂类,FOOD,OIL,油脂,生重、充分搅拌,1,低,C1 冗余口径词（油/粉/补剂）,这类食材不因加热改变重量，口径词无意义（可安全删除）,删掉生重/熟重，保留处理步骤
正式食谱,鸡胸荞麦-lp,柠檬酸钙粉,乳类及制品,SUPPLEMENT,POWDER,粉末,(空),1,低,B3b 补剂/油/粉空文案,补剂/油/粉无生熟概念，按剂量称取即可，空文案影响小,批量套用「直接称取」模板
正式食谱,鸡胸荞麦-lp,柠檬酸钾胶囊,乳类及制品,SUPPLEMENT,CONCENTRATE,浓缩补剂,(空),1,低,B3b 补剂/油/粉空文案,补剂/油/粉无生熟概念，按剂量称取即可，空文案影响小,批量套用「直接称取」模板
正式食谱,鸡胸荞麦-lp,氨基酸螯合铜,,SUPPLEMENT,CONCENTRATE,浓缩补剂,(空),2,低,E2 原料分类缺失 + B3b 补剂/油/粉空文案,原料没有分类，前台展示与统计会缺项；补剂/油/粉无生熟概念，按剂量称取即可，空文案影响小,补分类；批量套用「直接称取」模板
正式食谱,鸡胸鳕鱼,白芝麻,坚果种子类,FOOD,DRIED,干,生重、充分搅拌,1,低,C1b 干制品口径词不规范,干制品宜用「干重」,口径词统一（需字典补「干重」）
正式食谱,鸡胸鳕鱼,氨基酸螯合铜,,SUPPLEMENT,CONCENTRATE,浓缩补剂,打粉、充分搅拌,1,低,E2 原料分类缺失,原料没有分类，前台展示与统计会缺项,补分类
正式食谱,鸡胸鳕鱼,柠檬酸钙粉,乳类及制品,SUPPLEMENT,POWDER,粉末,(空),1,低,B3b 补剂/油/粉空文案,补剂/油/粉无生熟概念，按剂量称取即可，空文案影响小,批量套用「直接称取」模板
正式食谱,鸡胸鸭胗蛋-lp,柠檬酸钙粉,乳类及制品,SUPPLEMENT,POWDER,粉末,(空),1,低,B3b 补剂/油/粉空文案,补剂/油/粉无生熟概念，按剂量称取即可，空文案影响小,批量套用「直接称取」模板
正式食谱,鸡胸鸭胗蛋-lp,柠檬酸钾胶囊,乳类及制品,SUPPLEMENT,CONCENTRATE,浓缩补剂,(空),1,低,B3b 补剂/油/粉空文案,补剂/油/粉无生熟概念，按剂量称取即可，空文案影响小,批量套用「直接称取」模板
正式食谱,鸡胸鸭胗蛋-lp,氨基酸螯合铜,,SUPPLEMENT,CONCENTRATE,浓缩补剂,(空),2,低,E2 原料分类缺失 + B3b 补剂/油/粉空文案,原料没有分类，前台展示与统计会缺项；补剂/油/粉无生熟概念，按剂量称取即可，空文案影响小,补分类；批量套用「直接称取」模板
正式食谱,鸡蛋鱼虾鸭胸(路宝),火麻籽,坚果种子类,FOOD,DRIED,干,生重、打碎、充分搅拌,1,低,C1b 干制品口径词不规范,干制品宜用「干重」,口径词统一（需字典补「干重」）
正式食谱,鸡蛋鱼虾鸭胸(路宝),蛋氨酸锌(含铜),,SUPPLEMENT,CONCENTRATE,浓缩补剂,充分搅拌,1,低,E2 原料分类缺失,原料没有分类，前台展示与统计会缺项,补分类
正式食谱,鸭,柠檬酸钙粉,乳类及制品,SUPPLEMENT,POWDER,粉末,(空),1,低,B3b 补剂/油/粉空文案,补剂/油/粉无生熟概念，按剂量称取即可，空文案影响小,批量套用「直接称取」模板
正式食谱,鸭,氨基酸螯合铜,,SUPPLEMENT,CONCENTRATE,浓缩补剂,(空),2,低,E2 原料分类缺失 + B3b 补剂/油/粉空文案,原料没有分类，前台展示与统计会缺项；补剂/油/粉无生熟概念，按剂量称取即可，空文案影响小,补分类；批量套用「直接称取」模板
正式食谱,鸭肉梨,生葵花籽仁,坚果种子类,FOOD,DRIED,干,生重、打碎、充分搅拌,1,低,C1b 干制品口径词不规范,干制品宜用「干重」,口径词统一（需字典补「干重」）
正式食谱,鸭肉梨,蛋氨酸锌(含铜),,SUPPLEMENT,CONCENTRATE,浓缩补剂,充分搅拌,1,低,E2 原料分类缺失,原料没有分类，前台展示与统计会缺项,补分类
正式食谱,鸭肉食谱,小麦胚芽油,油脂类,FOOD,OIL,油脂,生重、充分搅拌,1,低,C1 冗余口径词（油/粉/补剂）,这类食材不因加热改变重量，口径词无意义（可安全删除）,删掉生重/熟重，保留处理步骤
正式食谱,鸭肉食谱,火麻籽,坚果种子类,FOOD,DRIED,干,生重、打碎、充分搅拌,1,低,C1b 干制品口径词不规范,干制品宜用「干重」,口径词统一（需字典补「干重」）
正式食谱,鸭胸猪里脊鸡蛋青花鱼,氨基酸螯合铜,,SUPPLEMENT,CONCENTRATE,浓缩补剂,打粉、充分搅拌,1,低,E2 原料分类缺失,原料没有分类，前台展示与统计会缺项,补分类
正式食谱,鸭胸猪里脊鸡蛋青花鱼,氨基酸螯合铜,,SUPPLEMENT,CONCENTRATE,浓缩补剂,打粉、充分搅拌,1,低,E2 原料分类缺失,原料没有分类，前台展示与统计会缺项,补分类
正式食谱,鸭胸猪里脊鸡蛋青花鱼,氨基酸螯合铜,,SUPPLEMENT,CONCENTRATE,浓缩补剂,打粉、充分搅拌,1,低,E2 原料分类缺失,原料没有分类，前台展示与统计会缺项,补分类
正式食谱,鸭胸猪里脊鸡蛋青花鱼,氨基酸螯合铜,,SUPPLEMENT,CONCENTRATE,浓缩补剂,打粉、充分搅拌,1,低,E2 原料分类缺失,原料没有分类，前台展示与统计会缺项,补分类
正式食谱,黑米鳕鱼鸡胸,生葵花籽仁,坚果种子类,FOOD,DRIED,干,生重、打碎、充分搅拌,1,低,C1b 干制品口径词不规范,干制品宜用「干重」,口径词统一（需字典补「干重」）
正式食谱,黑米鳕鱼鸡胸,奇亚籽,坚果种子类,FOOD,DRIED,干,生重、打碎、充分搅拌,1,低,C1b 干制品口径词不规范,干制品宜用「干重」,口径词统一（需字典补「干重」）
设计器草稿,（咖喱定制）创伤恢复+红胡子 (新版本),姜粉,调味品类,FOOD,POWDER,粉,(空),1,低,B3b 补剂/油/粉空文案,补剂/油/粉无生熟概念，按剂量称取即可，空文案影响小,批量套用「直接称取」模板
设计器草稿,（咖喱定制）创伤恢复+红胡子 (新版本),姜粉,调味品类,FOOD,POWDER,粉,(空),1,低,B3b 补剂/油/粉空文案,补剂/油/粉无生熟概念，按剂量称取即可，空文案影响小,批量套用「直接称取」模板
设计器草稿,（咖喱定制）创伤恢复+红胡子 (新版本),小麦胚芽油,油脂类,FOOD,OIL,油脂,生重、充分搅拌,1,低,C1 冗余口径词（油/粉/补剂）,这类食材不因加热改变重量，口径词无意义（可安全删除）,删掉生重/熟重，保留处理步骤
设计器草稿,（咖喱定制）创伤恢复+红胡子 (新版本),小麦胚芽油,油脂类,FOOD,OIL,油脂,生重、充分搅拌,1,低,C1 冗余口径词（油/粉/补剂）,这类食材不因加热改变重量，口径词无意义（可安全删除）,删掉生重/熟重，保留处理步骤
设计器草稿,（咖喱定制）创伤恢复+红胡子 (新版本),食用盐,调味品类,FOOD,DRIED,干,生重、充分搅拌,1,低,C1b 干制品口径词不规范,干制品宜用「干重」,口径词统一（需字典补「干重」）
设计器草稿,（咖喱定制）创伤恢复+红胡子 (新版本),食用盐,调味品类,FOOD,DRIED,干,生重、充分搅拌,1,低,C1b 干制品口径词不规范,干制品宜用「干重」,口径词统一（需字典补「干重」）
设计器草稿,（咖喱定制）创伤恢复+红胡子 (新版本),碳酸钙粉,乳类及制品,SUPPLEMENT,CONCENTRATE,浓缩补剂,生重、充分搅拌,1,低,C1 冗余口径词（油/粉/补剂）,这类食材不因加热改变重量，口径词无意义（可安全删除）,删掉生重/熟重，保留处理步骤
设计器草稿,（咖喱定制）创伤恢复+红胡子 (新版本),碳酸钙粉,乳类及制品,SUPPLEMENT,CONCENTRATE,浓缩补剂,生重、充分搅拌,1,低,C1 冗余口径词（油/粉/补剂）,这类食材不因加热改变重量，口径词无意义（可安全删除）,删掉生重/熟重，保留处理步骤
设计器草稿,16oz cod,蛋氨酸锌(含铜),,SUPPLEMENT,CONCENTRATE,浓缩补剂,充分搅拌,1,低,E2 原料分类缺失,原料没有分类，前台展示与统计会缺项,补分类
设计器草稿,3天/12份 兔,柠檬酸钙粉,乳类及制品,SUPPLEMENT,POWDER,粉末,(空),1,低,B3b 补剂/油/粉空文案,补剂/油/粉无生熟概念，按剂量称取即可，空文案影响小,批量套用「直接称取」模板
设计器草稿,3天/12份 兔,柠檬酸钾胶囊,乳类及制品,SUPPLEMENT,CONCENTRATE,浓缩补剂,(空),1,低,B3b 补剂/油/粉空文案,补剂/油/粉无生熟概念，按剂量称取即可，空文案影响小,批量套用「直接称取」模板
设计器草稿,3天/12份 兔,氨基酸螯合铜,,SUPPLEMENT,CONCENTRATE,浓缩补剂,(空),2,低,E2 原料分类缺失 + B3b 补剂/油/粉空文案,原料没有分类，前台展示与统计会缺项；补剂/油/粉无生熟概念，按剂量称取即可，空文案影响小,补分类；批量套用「直接称取」模板
设计器草稿,3天/12份 兔,白芝麻,坚果种子类,FOOD,DRIED,干,生重、充分搅拌,1,低,C1b 干制品口径词不规范,干制品宜用「干重」,口径词统一（需字典补「干重」）
设计器草稿,3天/12份 鸡,柠檬酸钙粉,乳类及制品,SUPPLEMENT,POWDER,粉末,(空),1,低,B3b 补剂/油/粉空文案,补剂/油/粉无生熟概念，按剂量称取即可，空文案影响小,批量套用「直接称取」模板
设计器草稿,3天/12份 鸡,柠檬酸钾胶囊,乳类及制品,SUPPLEMENT,CONCENTRATE,浓缩补剂,(空),1,低,B3b 补剂/油/粉空文案,补剂/油/粉无生熟概念，按剂量称取即可，空文案影响小,批量套用「直接称取」模板
设计器草稿,3天/12份 鸡,氨基酸螯合铜,,SUPPLEMENT,CONCENTRATE,浓缩补剂,(空),2,低,E2 原料分类缺失 + B3b 补剂/油/粉空文案,原料没有分类，前台展示与统计会缺项；补剂/油/粉无生熟概念，按剂量称取即可，空文案影响小,补分类；批量套用「直接称取」模板
设计器草稿,3天/12份 鸡,白芝麻,坚果种子类,FOOD,DRIED,干,生重、充分搅拌,1,低,C1b 干制品口径词不规范,干制品宜用「干重」,口径词统一（需字典补「干重」）
设计器草稿,525 的鲜食食谱 06/16,火麻籽,坚果种子类,FOOD,DRIED,干,生重、打碎、充分搅拌,1,低,C1b 干制品口径词不规范,干制品宜用「干重」,口径词统一（需字典补「干重」）
设计器草稿,5天/20份 鸡猪-lp,白芝麻,坚果种子类,FOOD,DRIED,干,生重、充分搅拌,1,低,C1b 干制品口径词不规范,干制品宜用「干重」,口径词统一（需字典补「干重」）
设计器草稿,5天/20份 鸡猪-lp,柠檬酸钙粉,乳类及制品,SUPPLEMENT,POWDER,粉末,(空),1,低,B3b 补剂/油/粉空文案,补剂/油/粉无生熟概念，按剂量称取即可，空文案影响小,批量套用「直接称取」模板
设计器草稿,5天/20份 鸡猪-lp,氨基酸螯合铜,,SUPPLEMENT,CONCENTRATE,浓缩补剂,(空),2,低,E2 原料分类缺失 + B3b 补剂/油/粉空文案,原料没有分类，前台展示与统计会缺项；补剂/油/粉无生熟概念，按剂量称取即可，空文案影响小,补分类；批量套用「直接称取」模板
设计器草稿,5天/20份 鸡猪-lp,蛋氨酸锌(含铜),,SUPPLEMENT,CONCENTRATE,浓缩补剂,充分搅拌,1,低,E2 原料分类缺失,原料没有分类，前台展示与统计会缺项,补分类
设计器草稿,Dobby 的鲜食食谱 06/15,生葵花籽仁,坚果种子类,FOOD,DRIED,干,生重、打碎、充分搅拌,1,低,C1b 干制品口径词不规范,干制品宜用「干重」,口径词统一（需字典补「干重」）
设计器草稿,Dobby 的鲜食食谱 06/15,奇亚籽,坚果种子类,FOOD,DRIED,干,生重、打碎、充分搅拌,1,低,C1b 干制品口径词不规范,干制品宜用「干重」,口径词统一（需字典补「干重」）
设计器草稿,Foxy的鸭胸食谱,燕麦,谷类及制品,FOOD,DRIED,干,生重、打碎、充分搅拌,1,低,C1b 干制品口径词不规范,干制品宜用「干重」,口径词统一（需字典补「干重」）
设计器草稿,Foxy的鸭胸食谱,生葵花籽仁,坚果种子类,FOOD,DRIED,干,生重、打碎、充分搅拌,1,低,C1b 干制品口径词不规范,干制品宜用「干重」,口径词统一（需字典补「干重」）
设计器草稿,harley 的鲜食食谱 08/09,生南瓜籽仁,坚果种子类,FOOD,DRIED,干,生重、打碎、充分搅拌,1,低,C1b 干制品口径词不规范,干制品宜用「干重」,口径词统一（需字典补「干重」）
设计器草稿,harley 的鲜食食谱 08/09,白芝麻,坚果种子类,FOOD,DRIED,干,生重、充分搅拌,1,低,C1b 干制品口径词不规范,干制品宜用「干重」,口径词统一（需字典补「干重」）
设计器草稿,idol 的鲜食食谱 07/22,小麦胚芽油,油脂类,FOOD,OIL,油脂,生重、充分搅拌,1,低,C1 冗余口径词（油/粉/补剂）,这类食材不因加热改变重量，口径词无意义（可安全删除）,删掉生重/熟重，保留处理步骤
设计器草稿,idol 的鲜食食谱 07/22,奇亚籽,坚果种子类,FOOD,DRIED,干,生重、打碎、充分搅拌,1,低,C1b 干制品口径词不规范,干制品宜用「干重」,口径词统一（需字典补「干重」）
设计器草稿,idol 的鲜食食谱 07/22,肉桂粉,调味品类,FOOD,POWDER,粉,(空),1,低,B3b 补剂/油/粉空文案,补剂/油/粉无生熟概念，按剂量称取即可，空文案影响小,批量套用「直接称取」模板
设计器草稿,ID的兔肉定制,小麦胚芽油,油脂类,FOOD,OIL,油脂,生重、充分搅拌,1,低,C1 冗余口径词（油/粉/补剂）,这类食材不因加热改变重量，口径词无意义（可安全删除）,删掉生重/熟重，保留处理步骤
设计器草稿,ID的兔肉定制,小麦胚芽油,油脂类,FOOD,OIL,油脂,生重、充分搅拌,1,低,C1 冗余口径词（油/粉/补剂）,这类食材不因加热改变重量，口径词无意义（可安全删除）,删掉生重/熟重，保留处理步骤
设计器草稿,ID的兔肉定制,小麦胚芽油,油脂类,FOOD,OIL,油脂,生重、充分搅拌,1,低,C1 冗余口径词（油/粉/补剂）,这类食材不因加热改变重量，口径词无意义（可安全删除）,删掉生重/熟重，保留处理步骤
设计器草稿,ID的兔肉定制,蛋氨酸锌(含铜),,SUPPLEMENT,CONCENTRATE,浓缩补剂,充分搅拌,1,低,E2 原料分类缺失,原料没有分类，前台展示与统计会缺项,补分类
设计器草稿,ID的兔肉定制,蛋氨酸锌(含铜),,SUPPLEMENT,CONCENTRATE,浓缩补剂,充分搅拌,1,低,E2 原料分类缺失,原料没有分类，前台展示与统计会缺项,补分类
设计器草稿,ID的兔肉定制,氨基酸螯合铜,,SUPPLEMENT,CONCENTRATE,浓缩补剂,(空),2,低,E2 原料分类缺失 + B3b 补剂/油/粉空文案,原料没有分类，前台展示与统计会缺项；补剂/油/粉无生熟概念，按剂量称取即可，空文案影响小,补分类；批量套用「直接称取」模板
设计器草稿,ID的兔肉定制,氨基酸螯合铜,,SUPPLEMENT,CONCENTRATE,浓缩补剂,(空),2,低,E2 原料分类缺失 + B3b 补剂/油/粉空文案,原料没有分类，前台展示与统计会缺项；补剂/油/粉无生熟概念，按剂量称取即可，空文案影响小,补分类；批量套用「直接称取」模板
设计器草稿,Lucky的最新兔肉食谱,食用盐,调味品类,FOOD,DRIED,干,生重、充分搅拌,1,低,C1b 干制品口径词不规范,干制品宜用「干重」,口径词统一（需字典补「干重」）
设计器草稿,Lucky的最新兔肉食谱,食用盐,调味品类,FOOD,DRIED,干,生重、充分搅拌,1,低,C1b 干制品口径词不规范,干制品宜用「干重」,口径词统一（需字典补「干重」）
设计器草稿,Lucky的最新兔肉食谱,食用盐,调味品类,FOOD,DRIED,干,生重、充分搅拌,1,低,C1b 干制品口径词不规范,干制品宜用「干重」,口径词统一（需字典补「干重」）
设计器草稿,Lucky的最新兔肉食谱,碳酸钙粉,乳类及制品,SUPPLEMENT,CONCENTRATE,浓缩补剂,生重、充分搅拌,1,低,C1 冗余口径词（油/粉/补剂）,这类食材不因加热改变重量，口径词无意义（可安全删除）,删掉生重/熟重，保留处理步骤
设计器草稿,Lucky的最新兔肉食谱,食用盐,调味品类,FOOD,DRIED,干,生重、充分搅拌,1,低,C1b 干制品口径词不规范,干制品宜用「干重」,口径词统一（需字典补「干重」）
设计器草稿,Lucky的最新兔肉食谱,食用盐,调味品类,FOOD,DRIED,干,生重、充分搅拌,1,低,C1b 干制品口径词不规范,干制品宜用「干重」,口径词统一（需字典补「干重」）
设计器草稿,Lucky的最新兔肉食谱,食用盐,调味品类,FOOD,DRIED,干,生重、充分搅拌,1,低,C1b 干制品口径词不规范,干制品宜用「干重」,口径词统一（需字典补「干重」）
设计器草稿,Lucky的最新兔肉食谱,碳酸钙粉,乳类及制品,SUPPLEMENT,CONCENTRATE,浓缩补剂,生重、充分搅拌,1,低,C1 冗余口径词（油/粉/补剂）,这类食材不因加热改变重量，口径词无意义（可安全删除）,删掉生重/熟重，保留处理步骤
设计器草稿,Lucky的最新兔肉食谱,碳酸钙粉,乳类及制品,SUPPLEMENT,CONCENTRATE,浓缩补剂,生重、充分搅拌,1,低,C1 冗余口径词（油/粉/补剂）,这类食材不因加热改变重量，口径词无意义（可安全删除）,删掉生重/熟重，保留处理步骤
设计器草稿,Lucky的最新兔肉食谱,碳酸钙粉,乳类及制品,SUPPLEMENT,CONCENTRATE,浓缩补剂,生重、充分搅拌,1,低,C1 冗余口径词（油/粉/补剂）,这类食材不因加热改变重量，口径词无意义（可安全删除）,删掉生重/熟重，保留处理步骤
设计器草稿,Lucky的最新兔肉食谱,碳酸钙粉,乳类及制品,SUPPLEMENT,CONCENTRATE,浓缩补剂,生重、充分搅拌,1,低,C1 冗余口径词（油/粉/补剂）,这类食材不因加热改变重量，口径词无意义（可安全删除）,删掉生重/熟重，保留处理步骤
设计器草稿,Lucky的最新兔肉食谱,碳酸钙粉,乳类及制品,SUPPLEMENT,CONCENTRATE,浓缩补剂,生重、充分搅拌,1,低,C1 冗余口径词（油/粉/补剂）,这类食材不因加热改变重量，口径词无意义（可安全删除）,删掉生重/熟重，保留处理步骤
设计器草稿,Lumi 的鲜食食谱 08/01,生南瓜籽仁,坚果种子类,FOOD,DRIED,干,生重、打碎、充分搅拌,1,低,C1b 干制品口径词不规范,干制品宜用「干重」,口径词统一（需字典补「干重」）
设计器草稿,Lumi 的鲜食食谱 08/01,碘钾片,乳类及制品,SUPPLEMENT,CONCENTRATE,浓缩补剂,(空),1,低,B3b 补剂/油/粉空文案,补剂/油/粉无生熟概念，按剂量称取即可，空文案影响小,批量套用「直接称取」模板
设计器草稿,Mallow 的鲜食食谱 07/02,火麻籽,坚果种子类,FOOD,DRIED,干,生重、打碎、充分搅拌,1,低,C1b 干制品口径词不规范,干制品宜用「干重」,口径词统一（需字典补「干重」）
设计器草稿,Seven 的测试食谱,小麦胚芽油,油脂类,FOOD,OIL,油脂,生重、充分搅拌,1,低,C1 冗余口径词（油/粉/补剂）,这类食材不因加热改变重量，口径词无意义（可安全删除）,删掉生重/熟重，保留处理步骤
设计器草稿,Seven 的测试食谱,小麦胚芽油,油脂类,FOOD,OIL,油脂,生重、充分搅拌,1,低,C1 冗余口径词（油/粉/补剂）,这类食材不因加热改变重量，口径词无意义（可安全删除）,删掉生重/熟重，保留处理步骤
设计器草稿,Seven 的测试食谱 副本,小麦胚芽油,油脂类,FOOD,OIL,油脂,生重、充分搅拌,1,低,C1 冗余口径词（油/粉/补剂）,这类食材不因加热改变重量，口径词无意义（可安全删除）,删掉生重/熟重，保留处理步骤
设计器草稿,TT 的鲜食食谱 06/28,火麻籽,坚果种子类,FOOD,DRIED,干,生重、打碎、充分搅拌,1,低,C1b 干制品口径词不规范,干制品宜用「干重」,口径词统一（需字典补「干重」）
设计器草稿,TT 的鲜食食谱 06/28,骨粉片,乳类及制品,SUPPLEMENT,CONCENTRATE,浓缩补剂,(空),1,低,B3b 补剂/油/粉空文案,补剂/油/粉无生熟概念，按剂量称取即可，空文案影响小,批量套用「直接称取」模板
设计器草稿,TT 的鲜食食谱 06/28,姜粉,调味品类,FOOD,POWDER,粉,(空),1,低,B3b 补剂/油/粉空文案,补剂/油/粉无生熟概念，按剂量称取即可，空文案影响小,批量套用「直接称取」模板
设计器草稿,TT 的鲜食食谱 06/28,柠檬酸钙粉,乳类及制品,SUPPLEMENT,POWDER,粉末,(空),1,低,B3b 补剂/油/粉空文案,补剂/油/粉无生熟概念，按剂量称取即可，空文案影响小,批量套用「直接称取」模板
设计器草稿,TT 的鲜食食谱 07/05,火麻籽,坚果种子类,FOOD,DRIED,干,生重、打碎、充分搅拌,1,低,C1b 干制品口径词不规范,干制品宜用「干重」,口径词统一（需字典补「干重」）
设计器草稿,TT 的鲜食食谱 07/05,海带片,乳类及制品,SUPPLEMENT,CONCENTRATE,浓缩补剂,(空),1,低,B3b 补剂/油/粉空文案,补剂/油/粉无生熟概念，按剂量称取即可，空文案影响小,批量套用「直接称取」模板
设计器草稿,乖乖 的鲜食食谱 08/25,食用盐,调味品类,FOOD,DRIED,干,生重、充分搅拌,1,低,C1b 干制品口径词不规范,干制品宜用「干重」,口径词统一（需字典补「干重」）
设计器草稿,乖乖 的鲜食食谱 08/25,葵花籽油,油脂类,FOOD,OIL,油脂,(空),1,低,B3b 补剂/油/粉空文案,补剂/油/粉无生熟概念，按剂量称取即可，空文案影响小,批量套用「直接称取」模板
设计器草稿,兔300-lp DV,白芝麻,坚果种子类,FOOD,DRIED,干,生重、充分搅拌,1,低,C1b 干制品口径词不规范,干制品宜用「干重」,口径词统一（需字典补「干重」）
设计器草稿,兔300-lp DV,柠檬酸钙粉,乳类及制品,SUPPLEMENT,POWDER,粉末,(空),1,低,B3b 补剂/油/粉空文案,补剂/油/粉无生熟概念，按剂量称取即可，空文案影响小,批量套用「直接称取」模板
设计器草稿,兔300-lp DV,柠檬酸钾胶囊,乳类及制品,SUPPLEMENT,CONCENTRATE,浓缩补剂,(空),1,低,B3b 补剂/油/粉空文案,补剂/油/粉无生熟概念，按剂量称取即可，空文案影响小,批量套用「直接称取」模板
设计器草稿,兔300-lp DV,氨基酸螯合铜,,SUPPLEMENT,CONCENTRATE,浓缩补剂,(空),2,低,E2 原料分类缺失 + B3b 补剂/油/粉空文案,原料没有分类，前台展示与统计会缺项；补剂/油/粉无生熟概念，按剂量称取即可，空文案影响小,补分类；批量套用「直接称取」模板
设计器草稿,兔300-lp DV,蛋氨酸锌(含铜),,SUPPLEMENT,CONCENTRATE,浓缩补剂,充分搅拌,1,低,E2 原料分类缺失,原料没有分类，前台展示与统计会缺项,补分类
设计器草稿,兔肉食谱,小麦胚芽油,油脂类,FOOD,OIL,油脂,生重、充分搅拌,1,低,C1 冗余口径词（油/粉/补剂）,这类食材不因加热改变重量，口径词无意义（可安全删除）,删掉生重/熟重，保留处理步骤
设计器草稿,兔肉食谱,生葵花籽仁,坚果种子类,FOOD,DRIED,干,生重、打碎、充分搅拌,1,低,C1b 干制品口径词不规范,干制品宜用「干重」,口径词统一（需字典补「干重」）
设计器草稿,兔肉食谱,火麻籽,坚果种子类,FOOD,DRIED,干,生重、打碎、充分搅拌,1,低,C1b 干制品口径词不规范,干制品宜用「干重」,口径词统一（需字典补「干重」）
设计器草稿,兔里脊大米土豆,小麦胚芽油,油脂类,FOOD,OIL,油脂,生重、充分搅拌,1,低,C1 冗余口径词（油/粉/补剂）,这类食材不因加热改变重量，口径词无意义（可安全删除）,删掉生重/熟重，保留处理步骤
设计器草稿,兔里脊大米土豆,小麦胚芽油,油脂类,FOOD,OIL,油脂,生重、充分搅拌,1,低,C1 冗余口径词（油/粉/补剂）,这类食材不因加热改变重量，口径词无意义（可安全删除）,删掉生重/熟重，保留处理步骤
设计器草稿,兔里脊大米土豆,小麦胚芽油,油脂类,FOOD,OIL,油脂,生重、充分搅拌,1,低,C1 冗余口径词（油/粉/补剂）,这类食材不因加热改变重量，口径词无意义（可安全删除）,删掉生重/熟重，保留处理步骤
设计器草稿,兔里脊大米土豆,小麦胚芽油,油脂类,FOOD,OIL,油脂,生重、充分搅拌,1,低,C1 冗余口径词（油/粉/补剂）,这类食材不因加热改变重量，口径词无意义（可安全删除）,删掉生重/熟重，保留处理步骤
设计器草稿,兔里脊大米土豆,小麦胚芽油,油脂类,FOOD,OIL,油脂,生重、充分搅拌,1,低,C1 冗余口径词（油/粉/补剂）,这类食材不因加热改变重量，口径词无意义（可安全删除）,删掉生重/熟重，保留处理步骤
设计器草稿,兔里脊大米土豆,小麦胚芽油,油脂类,FOOD,OIL,油脂,生重、充分搅拌,1,低,C1 冗余口径词（油/粉/补剂）,这类食材不因加热改变重量，口径词无意义（可安全删除）,删掉生重/熟重，保留处理步骤
设计器草稿,兔里脊大米土豆,食用盐,调味品类,FOOD,DRIED,干,生重、充分搅拌,1,低,C1b 干制品口径词不规范,干制品宜用「干重」,口径词统一（需字典补「干重」）
设计器草稿,兔里脊大米土豆,食用盐,调味品类,FOOD,DRIED,干,生重、充分搅拌,1,低,C1b 干制品口径词不规范,干制品宜用「干重」,口径词统一（需字典补「干重」）
设计器草稿,兔里脊大米土豆,食用盐,调味品类,FOOD,DRIED,干,生重、充分搅拌,1,低,C1b 干制品口径词不规范,干制品宜用「干重」,口径词统一（需字典补「干重」）
设计器草稿,兔里脊大米土豆,食用盐,调味品类,FOOD,DRIED,干,生重、充分搅拌,1,低,C1b 干制品口径词不规范,干制品宜用「干重」,口径词统一（需字典补「干重」）
设计器草稿,兔里脊大米土豆,食用盐,调味品类,FOOD,DRIED,干,生重、充分搅拌,1,低,C1b 干制品口径词不规范,干制品宜用「干重」,口径词统一（需字典补「干重」）
设计器草稿,兔里脊大米土豆,食用盐,调味品类,FOOD,DRIED,干,生重、充分搅拌,1,低,C1b 干制品口径词不规范,干制品宜用「干重」,口径词统一（需字典补「干重」）
设计器草稿,兔里脊大米土豆,碳酸钙粉,乳类及制品,SUPPLEMENT,CONCENTRATE,浓缩补剂,生重、充分搅拌,1,低,C1 冗余口径词（油/粉/补剂）,这类食材不因加热改变重量，口径词无意义（可安全删除）,删掉生重/熟重，保留处理步骤
设计器草稿,兔里脊大米土豆,碳酸钙粉,乳类及制品,SUPPLEMENT,CONCENTRATE,浓缩补剂,生重、充分搅拌,1,低,C1 冗余口径词（油/粉/补剂）,这类食材不因加热改变重量，口径词无意义（可安全删除）,删掉生重/熟重，保留处理步骤
设计器草稿,兔里脊大米土豆,碳酸钙粉,乳类及制品,SUPPLEMENT,CONCENTRATE,浓缩补剂,生重、充分搅拌,1,低,C1 冗余口径词（油/粉/补剂）,这类食材不因加热改变重量，口径词无意义（可安全删除）,删掉生重/熟重，保留处理步骤
设计器草稿,兔里脊大米土豆,碳酸钙粉,乳类及制品,SUPPLEMENT,CONCENTRATE,浓缩补剂,生重、充分搅拌,1,低,C1 冗余口径词（油/粉/补剂）,这类食材不因加热改变重量，口径词无意义（可安全删除）,删掉生重/熟重，保留处理步骤
设计器草稿,兔里脊大米土豆,碳酸钙粉,乳类及制品,SUPPLEMENT,CONCENTRATE,浓缩补剂,生重、充分搅拌,1,低,C1 冗余口径词（油/粉/补剂）,这类食材不因加热改变重量，口径词无意义（可安全删除）,删掉生重/熟重，保留处理步骤
设计器草稿,兔里脊大米土豆,碳酸钙粉,乳类及制品,SUPPLEMENT,CONCENTRATE,浓缩补剂,生重、充分搅拌,1,低,C1 冗余口径词（油/粉/补剂）,这类食材不因加热改变重量，口径词无意义（可安全删除）,删掉生重/熟重，保留处理步骤
设计器草稿,兔里脊大米土豆(小满),小麦胚芽油,油脂类,FOOD,OIL,油脂,生重、充分搅拌,1,低,C1 冗余口径词（油/粉/补剂）,这类食材不因加热改变重量，口径词无意义（可安全删除）,删掉生重/熟重，保留处理步骤
设计器草稿,兔里脊大米土豆(小满),小麦胚芽油,油脂类,FOOD,OIL,油脂,生重、充分搅拌,1,低,C1 冗余口径词（油/粉/补剂）,这类食材不因加热改变重量，口径词无意义（可安全删除）,删掉生重/熟重，保留处理步骤
设计器草稿,兔里脊大米土豆(小满),小麦胚芽油,油脂类,FOOD,OIL,油脂,生重、充分搅拌,1,低,C1 冗余口径词（油/粉/补剂）,这类食材不因加热改变重量，口径词无意义（可安全删除）,删掉生重/熟重，保留处理步骤
设计器草稿,兔里脊大米土豆(小满),食用盐,调味品类,FOOD,DRIED,干,生重、充分搅拌,1,低,C1b 干制品口径词不规范,干制品宜用「干重」,口径词统一（需字典补「干重」）
设计器草稿,兔里脊大米土豆(小满),食用盐,调味品类,FOOD,DRIED,干,生重、充分搅拌,1,低,C1b 干制品口径词不规范,干制品宜用「干重」,口径词统一（需字典补「干重」）
设计器草稿,兔里脊大米土豆(小满),食用盐,调味品类,FOOD,DRIED,干,生重、充分搅拌,1,低,C1b 干制品口径词不规范,干制品宜用「干重」,口径词统一（需字典补「干重」）
设计器草稿,兔里脊大米土豆(小满),蛋氨酸锌(含铜),,SUPPLEMENT,CONCENTRATE,浓缩补剂,充分搅拌,1,低,E2 原料分类缺失,原料没有分类，前台展示与统计会缺项,补分类
设计器草稿,兔里脊大米土豆(小满),蛋氨酸锌(含铜),,SUPPLEMENT,CONCENTRATE,浓缩补剂,充分搅拌,1,低,E2 原料分类缺失,原料没有分类，前台展示与统计会缺项,补分类
设计器草稿,兔里脊大米土豆(小满),蛋氨酸锌(含铜),,SUPPLEMENT,CONCENTRATE,浓缩补剂,充分搅拌,1,低,E2 原料分类缺失,原料没有分类，前台展示与统计会缺项,补分类
设计器草稿,兔里脊大米土豆(小满),氨基酸螯合铜,,SUPPLEMENT,CONCENTRATE,浓缩补剂,(空),2,低,E2 原料分类缺失 + B3b 补剂/油/粉空文案,原料没有分类，前台展示与统计会缺项；补剂/油/粉无生熟概念，按剂量称取即可，空文案影响小,补分类；批量套用「直接称取」模板
设计器草稿,兔里脊大米土豆(小满),氨基酸螯合铜,,SUPPLEMENT,CONCENTRATE,浓缩补剂,(空),2,低,E2 原料分类缺失 + B3b 补剂/油/粉空文案,原料没有分类，前台展示与统计会缺项；补剂/油/粉无生熟概念，按剂量称取即可，空文案影响小,补分类；批量套用「直接称取」模板
设计器草稿,兔里脊大米土豆(小满),氨基酸螯合铜,,SUPPLEMENT,CONCENTRATE,浓缩补剂,(空),2,低,E2 原料分类缺失 + B3b 补剂/油/粉空文案,原料没有分类，前台展示与统计会缺项；补剂/油/粉无生熟概念，按剂量称取即可，空文案影响小,补分类；批量套用「直接称取」模板
设计器草稿,兔里脊大米土豆(小满),B族维生素复合胶囊,,SUPPLEMENT,CONCENTRATE,浓缩补剂,充分搅拌,1,低,E2 原料分类缺失,原料没有分类，前台展示与统计会缺项,补分类
设计器草稿,兔里脊大米土豆(小满),B族维生素复合胶囊,,SUPPLEMENT,CONCENTRATE,浓缩补剂,充分搅拌,1,低,E2 原料分类缺失,原料没有分类，前台展示与统计会缺项,补分类
设计器草稿,兔里脊大米土豆(小满),B族维生素复合胶囊,,SUPPLEMENT,CONCENTRATE,浓缩补剂,充分搅拌,1,低,E2 原料分类缺失,原料没有分类，前台展示与统计会缺项,补分类
设计器草稿,六六 的鲜食食谱 08/25,生葵花籽仁,坚果种子类,FOOD,DRIED,干,生重、打碎、充分搅拌,1,低,C1b 干制品口径词不规范,干制品宜用「干重」,口径词统一（需字典补「干重」）
设计器草稿,六六 的鲜食食谱 08/25,巴西坚果,坚果种子类,FOOD,DRIED,干,生重、打碎、充分搅拌,1,低,C1b 干制品口径词不规范,干制品宜用「干重」,口径词统一（需字典补「干重」）
设计器草稿,六六 的鲜食食谱 08/25,小麦胚芽油,油脂类,FOOD,OIL,油脂,生重、充分搅拌,1,低,C1 冗余口径词（油/粉/补剂）,这类食材不因加热改变重量，口径词无意义（可安全删除）,删掉生重/熟重，保留处理步骤
设计器草稿,初一 的鲜食食谱 07/24,海带片,乳类及制品,SUPPLEMENT,CONCENTRATE,浓缩补剂,(空),1,低,B3b 补剂/油/粉空文案,补剂/油/粉无生熟概念，按剂量称取即可，空文案影响小,批量套用「直接称取」模板
设计器草稿,十字花科全谷物三文鱼鸡肉,火麻籽,坚果种子类,FOOD,DRIED,干,生重、打碎、充分搅拌,1,低,C1b 干制品口径词不规范,干制品宜用「干重」,口径词统一（需字典补「干重」）
设计器草稿,十字花科全谷物三文鱼鸡肉,火麻籽,坚果种子类,FOOD,DRIED,干,生重、打碎、充分搅拌,1,低,C1b 干制品口径词不规范,干制品宜用「干重」,口径词统一（需字典补「干重」）
设计器草稿,十字花科全谷物三文鱼鸡肉,火麻籽,坚果种子类,FOOD,DRIED,干,生重、打碎、充分搅拌,1,低,C1b 干制品口径词不规范,干制品宜用「干重」,口径词统一（需字典补「干重」）
设计器草稿,十字花科全谷物三文鱼鸡肉,火麻籽,坚果种子类,FOOD,DRIED,干,生重、打碎、充分搅拌,1,低,C1b 干制品口径词不规范,干制品宜用「干重」,口径词统一（需字典补「干重」）
设计器草稿,十字花科全谷物三文鱼鸡肉,火麻籽,坚果种子类,FOOD,DRIED,干,生重、打碎、充分搅拌,1,低,C1b 干制品口径词不规范,干制品宜用「干重」,口径词统一（需字典补「干重」）
设计器草稿,十字花科全谷物三文鱼鸡肉,火麻籽,坚果种子类,FOOD,DRIED,干,生重、打碎、充分搅拌,1,低,C1b 干制品口径词不规范,干制品宜用「干重」,口径词统一（需字典补「干重」）
设计器草稿,十字花科全谷物三文鱼鸡肉,火麻籽,坚果种子类,FOOD,DRIED,干,生重、打碎、充分搅拌,1,低,C1b 干制品口径词不规范,干制品宜用「干重」,口径词统一（需字典补「干重」）
设计器草稿,十字花科全谷物三文鱼鸡肉,火麻籽,坚果种子类,FOOD,DRIED,干,生重、打碎、充分搅拌,1,低,C1b 干制品口径词不规范,干制品宜用「干重」,口径词统一（需字典补「干重」）
设计器草稿,十字花科全谷物三文鱼鸡肉,火麻籽,坚果种子类,FOOD,DRIED,干,生重、打碎、充分搅拌,1,低,C1b 干制品口径词不规范,干制品宜用「干重」,口径词统一（需字典补「干重」）
设计器草稿,十字花科全谷物三文鱼鸡肉,火麻籽,坚果种子类,FOOD,DRIED,干,生重、打碎、充分搅拌,1,低,C1b 干制品口径词不规范,干制品宜用「干重」,口径词统一（需字典补「干重」）
设计器草稿,十字花科全谷物三文鱼鸡肉,火麻籽,坚果种子类,FOOD,DRIED,干,生重、打碎、充分搅拌,1,低,C1b 干制品口径词不规范,干制品宜用「干重」,口径词统一（需字典补「干重」）
设计器草稿,十字花科全谷物三文鱼鸡肉,火麻籽,坚果种子类,FOOD,DRIED,干,生重、打碎、充分搅拌,1,低,C1b 干制品口径词不规范,干制品宜用「干重」,口径词统一（需字典补「干重」）
设计器草稿,十字花科全谷物三文鱼鸡肉,火麻籽,坚果种子类,FOOD,DRIED,干,生重、打碎、充分搅拌,1,低,C1b 干制品口径词不规范,干制品宜用「干重」,口径词统一（需字典补「干重」）
设计器草稿,十字花科全谷物三文鱼鸡肉,火麻籽,坚果种子类,FOOD,DRIED,干,生重、打碎、充分搅拌,1,低,C1b 干制品口径词不规范,干制品宜用「干重」,口径词统一（需字典补「干重」）
设计器草稿,十字花科全谷物三文鱼鸡肉,火麻籽,坚果种子类,FOOD,DRIED,干,生重、打碎、充分搅拌,1,低,C1b 干制品口径词不规范,干制品宜用「干重」,口径词统一（需字典补「干重」）
设计器草稿,十字花科全谷物三文鱼鸡肉 修订,火麻籽,坚果种子类,FOOD,DRIED,干,生重、打碎、充分搅拌,1,低,C1b 干制品口径词不规范,干制品宜用「干重」,口径词统一（需字典补「干重」）
设计器草稿,嗨皮 的鲜食食谱 08/01,奇亚籽,坚果种子类,FOOD,DRIED,干,生重、打碎、充分搅拌,1,低,C1b 干制品口径词不规范,干制品宜用「干重」,口径词统一（需字典补「干重」）
设计器草稿,土豆大米兔,生南瓜籽仁,坚果种子类,FOOD,DRIED,干,生重、打碎、充分搅拌,1,低,C1b 干制品口径词不规范,干制品宜用「干重」,口径词统一（需字典补「干重」）
设计器草稿,土豆大米兔,蛋氨酸锌(含铜),,SUPPLEMENT,CONCENTRATE,浓缩补剂,充分搅拌,1,低,E2 原料分类缺失,原料没有分类，前台展示与统计会缺项,补分类
设计器草稿,夏洛克 的鲜食食谱 07/31,B族维生素复合胶囊,,SUPPLEMENT,CONCENTRATE,浓缩补剂,(空),2,低,E2 原料分类缺失 + B3b 补剂/油/粉空文案,原料没有分类，前台展示与统计会缺项；补剂/油/粉无生熟概念，按剂量称取即可，空文案影响小,补分类；批量套用「直接称取」模板
设计器草稿,夏洛克 的鲜食食谱 07/31,白芝麻,坚果种子类,FOOD,DRIED,干,生重、充分搅拌,1,低,C1b 干制品口径词不规范,干制品宜用「干重」,口径词统一（需字典补「干重」）
设计器草稿,大米南瓜鸡胸兔里脊,生葵花籽仁,坚果种子类,FOOD,DRIED,干,生重、打碎、充分搅拌,1,低,C1b 干制品口径词不规范,干制品宜用「干重」,口径词统一（需字典补「干重」）
设计器草稿,大米南瓜鸡胸兔里脊,生葵花籽仁,坚果种子类,FOOD,DRIED,干,生重、打碎、充分搅拌,1,低,C1b 干制品口径词不规范,干制品宜用「干重」,口径词统一（需字典补「干重」）
设计器草稿,大米南瓜鸡胸兔里脊,生葵花籽仁,坚果种子类,FOOD,DRIED,干,生重、打碎、充分搅拌,1,低,C1b 干制品口径词不规范,干制品宜用「干重」,口径词统一（需字典补「干重」）
设计器草稿,大米南瓜鸡胸兔里脊,生葵花籽仁,坚果种子类,FOOD,DRIED,干,生重、打碎、充分搅拌,1,低,C1b 干制品口径词不规范,干制品宜用「干重」,口径词统一（需字典补「干重」）
设计器草稿,大米南瓜鸡胸兔里脊,生葵花籽仁,坚果种子类,FOOD,DRIED,干,生重、打碎、充分搅拌,1,低,C1b 干制品口径词不规范,干制品宜用「干重」,口径词统一（需字典补「干重」）
设计器草稿,大米燕麦三文鱼兔里脊,火麻籽,坚果种子类,FOOD,DRIED,干,生重、打碎、充分搅拌,1,低,C1b 干制品口径词不规范,干制品宜用「干重」,口径词统一（需字典补「干重」）
设计器草稿,大米燕麦三文鱼兔里脊,火麻籽,坚果种子类,FOOD,DRIED,干,生重、打碎、充分搅拌,1,低,C1b 干制品口径词不规范,干制品宜用「干重」,口径词统一（需字典补「干重」）
设计器草稿,大米燕麦三文鱼兔里脊,火麻籽,坚果种子类,FOOD,DRIED,干,生重、打碎、充分搅拌,1,低,C1b 干制品口径词不规范,干制品宜用「干重」,口径词统一（需字典补「干重」）
设计器草稿,大米燕麦三文鱼兔里脊,火麻籽,坚果种子类,FOOD,DRIED,干,生重、打碎、充分搅拌,1,低,C1b 干制品口径词不规范,干制品宜用「干重」,口径词统一（需字典补「干重」）
设计器草稿,大米红薯兔里脊,生南瓜籽仁,坚果种子类,FOOD,DRIED,干,生重、打碎、充分搅拌,1,低,C1b 干制品口径词不规范,干制品宜用「干重」,口径词统一（需字典补「干重」）
设计器草稿,大米红薯兔里脊,生南瓜籽仁,坚果种子类,FOOD,DRIED,干,生重、打碎、充分搅拌,1,低,C1b 干制品口径词不规范,干制品宜用「干重」,口径词统一（需字典补「干重」）
设计器草稿,大米红薯兔里脊,生南瓜籽仁,坚果种子类,FOOD,DRIED,干,生重、打碎、充分搅拌,1,低,C1b 干制品口径词不规范,干制品宜用「干重」,口径词统一（需字典补「干重」）
设计器草稿,太阳 的鲜食食谱 06/17,橄榄油,油脂类,FOOD,OIL,油脂,生重、充分搅拌,1,低,C1 冗余口径词（油/粉/补剂）,这类食材不因加热改变重量，口径词无意义（可安全删除）,删掉生重/熟重，保留处理步骤
设计器草稿,好久 的鲜食食谱 09/06,燕麦,谷类及制品,FOOD,DRIED,干,生重、打碎、充分搅拌,1,低,C1b 干制品口径词不规范,干制品宜用「干重」,口径词统一（需字典补「干重」）
设计器草稿,好久 的鲜食食谱 09/06,燕麦,谷类及制品,FOOD,DRIED,干,生重、打碎、充分搅拌,1,低,C1b 干制品口径词不规范,干制品宜用「干重」,口径词统一（需字典补「干重」）
设计器草稿,好久 的鲜食食谱 09/06,小麦胚芽油,油脂类,FOOD,OIL,油脂,生重、充分搅拌,1,低,C1 冗余口径词（油/粉/补剂）,这类食材不因加热改变重量，口径词无意义（可安全删除）,删掉生重/熟重，保留处理步骤
设计器草稿,宾宾 的鲜食食谱 09/15,燕麦,谷类及制品,FOOD,DRIED,干,生重、打碎、充分搅拌,1,低,C1b 干制品口径词不规范,干制品宜用「干重」,口径词统一（需字典补「干重」）
设计器草稿,小年 的鲜食食谱 08/25,小麦胚芽油,油脂类,FOOD,OIL,油脂,生重、充分搅拌,1,低,C1 冗余口径词（油/粉/补剂）,这类食材不因加热改变重量，口径词无意义（可安全删除）,删掉生重/熟重，保留处理步骤
设计器草稿,小年 的鲜食食谱 08/25,食用盐,调味品类,FOOD,DRIED,干,生重、充分搅拌,1,低,C1b 干制品口径词不规范,干制品宜用「干重」,口径词统一（需字典补「干重」）
设计器草稿,小年 的鲜食食谱 08/25,碳酸钙粉,乳类及制品,SUPPLEMENT,CONCENTRATE,浓缩补剂,生重、充分搅拌,1,低,C1 冗余口径词（油/粉/补剂）,这类食材不因加热改变重量，口径词无意义（可安全删除）,删掉生重/熟重，保留处理步骤
设计器草稿,小瓜 的鲜食食谱 07/02,海带粉胶囊,乳类及制品,SUPPLEMENT,CONCENTRATE,浓缩补剂,(空),1,低,B3b 补剂/油/粉空文案,补剂/油/粉无生熟概念，按剂量称取即可，空文案影响小,批量套用「直接称取」模板
设计器草稿,小瓜 的鲜食食谱 07/02,生南瓜籽仁,坚果种子类,FOOD,DRIED,干,生重、打碎、充分搅拌,1,低,C1b 干制品口径词不规范,干制品宜用「干重」,口径词统一（需字典补「干重」）
设计器草稿,小瓜 的鲜食食谱 07/02,生葵花籽仁,坚果种子类,FOOD,DRIED,干,生重、打碎、充分搅拌,1,低,C1b 干制品口径词不规范,干制品宜用「干重」,口径词统一（需字典补「干重」）
设计器草稿,小瓜 的鲜食食谱 07/15,海带粉胶囊,乳类及制品,SUPPLEMENT,CONCENTRATE,浓缩补剂,(空),1,低,B3b 补剂/油/粉空文案,补剂/油/粉无生熟概念，按剂量称取即可，空文案影响小,批量套用「直接称取」模板
设计器草稿,小瓜 的鲜食食谱 07/15,食用盐,调味品类,FOOD,DRIED,干,生重、充分搅拌,1,低,C1b 干制品口径词不规范,干制品宜用「干重」,口径词统一（需字典补「干重」）
设计器草稿,小瓜 的鲜食食谱 07/15,葵花籽油,油脂类,FOOD,OIL,油脂,(空),1,低,B3b 补剂/油/粉空文案,补剂/油/粉无生熟概念，按剂量称取即可，空文案影响小,批量套用「直接称取」模板
设计器草稿,小米三文鱼猪里脊(幺鸡),火麻籽,坚果种子类,FOOD,DRIED,干,生重、打碎、充分搅拌,1,低,C1b 干制品口径词不规范,干制品宜用「干重」,口径词统一（需字典补「干重」）
设计器草稿,小米三文鱼猪里脊(幺鸡),火麻籽,坚果种子类,FOOD,DRIED,干,生重、打碎、充分搅拌,1,低,C1b 干制品口径词不规范,干制品宜用「干重」,口径词统一（需字典补「干重」）
设计器草稿,小米三文鱼猪里脊(幺鸡),火麻籽,坚果种子类,FOOD,DRIED,干,生重、打碎、充分搅拌,1,低,C1b 干制品口径词不规范,干制品宜用「干重」,口径词统一（需字典补「干重」）
设计器草稿,小米三文鱼猪里脊(幺鸡),食用盐,调味品类,FOOD,DRIED,干,生重、充分搅拌,1,低,C1b 干制品口径词不规范,干制品宜用「干重」,口径词统一（需字典补「干重」）
设计器草稿,小米三文鱼猪里脊(幺鸡),食用盐,调味品类,FOOD,DRIED,干,生重、充分搅拌,1,低,C1b 干制品口径词不规范,干制品宜用「干重」,口径词统一（需字典补「干重」）
设计器草稿,小米三文鱼猪里脊(幺鸡),食用盐,调味品类,FOOD,DRIED,干,生重、充分搅拌,1,低,C1b 干制品口径词不规范,干制品宜用「干重」,口径词统一（需字典补「干重」）
设计器草稿,小米三文鱼猪里脊(幺鸡),小麦胚芽油,油脂类,FOOD,OIL,油脂,生重、充分搅拌,1,低,C1 冗余口径词（油/粉/补剂）,这类食材不因加热改变重量，口径词无意义（可安全删除）,删掉生重/熟重，保留处理步骤
设计器草稿,小米三文鱼猪里脊(幺鸡),小麦胚芽油,油脂类,FOOD,OIL,油脂,生重、充分搅拌,1,低,C1 冗余口径词（油/粉/补剂）,这类食材不因加热改变重量，口径词无意义（可安全删除）,删掉生重/熟重，保留处理步骤
设计器草稿,小米三文鱼猪里脊(幺鸡),小麦胚芽油,油脂类,FOOD,OIL,油脂,生重、充分搅拌,1,低,C1 冗余口径词（油/粉/补剂）,这类食材不因加热改变重量，口径词无意义（可安全删除）,删掉生重/熟重，保留处理步骤
设计器草稿,小米三文鱼猪里脊(幺鸡),蛋氨酸锌(含铜),,SUPPLEMENT,CONCENTRATE,浓缩补剂,充分搅拌,1,低,E2 原料分类缺失,原料没有分类，前台展示与统计会缺项,补分类
设计器草稿,小米三文鱼猪里脊(幺鸡),蛋氨酸锌(含铜),,SUPPLEMENT,CONCENTRATE,浓缩补剂,充分搅拌,1,低,E2 原料分类缺失,原料没有分类，前台展示与统计会缺项,补分类
设计器草稿,小米三文鱼猪里脊(幺鸡),蛋氨酸锌(含铜),,SUPPLEMENT,CONCENTRATE,浓缩补剂,充分搅拌,1,低,E2 原料分类缺失,原料没有分类，前台展示与统计会缺项,补分类
设计器草稿,小米三文鱼猪里脊(幺鸡) 低能量需求成年犬（95ME）副本,火麻籽,坚果种子类,FOOD,DRIED,干,生重、打碎、充分搅拌,1,低,C1b 干制品口径词不规范,干制品宜用「干重」,口径词统一（需字典补「干重」）
设计器草稿,小米三文鱼猪里脊(幺鸡) 低能量需求成年犬（95ME）副本,食用盐,调味品类,FOOD,DRIED,干,生重、充分搅拌,1,低,C1b 干制品口径词不规范,干制品宜用「干重」,口径词统一（需字典补「干重」）
设计器草稿,小米三文鱼猪里脊(幺鸡) 低能量需求成年犬（95ME）副本,小麦胚芽油,油脂类,FOOD,OIL,油脂,生重、充分搅拌,1,低,C1 冗余口径词（油/粉/补剂）,这类食材不因加热改变重量，口径词无意义（可安全删除）,删掉生重/熟重，保留处理步骤
设计器草稿,小米三文鱼猪里脊(幺鸡) 低能量需求成年犬（95ME）副本,蛋氨酸锌(含铜),,SUPPLEMENT,CONCENTRATE,浓缩补剂,充分搅拌,1,低,E2 原料分类缺失,原料没有分类，前台展示与统计会缺项,补分类
设计器草稿,小米红豆兔里脊火鸡胸,生南瓜籽仁,坚果种子类,FOOD,DRIED,干,生重、打碎、充分搅拌,1,低,C1b 干制品口径词不规范,干制品宜用「干重」,口径词统一（需字典补「干重」）
设计器草稿,小米红豆兔里脊火鸡胸,生南瓜籽仁,坚果种子类,FOOD,DRIED,干,生重、打碎、充分搅拌,1,低,C1b 干制品口径词不规范,干制品宜用「干重」,口径词统一（需字典补「干重」）
设计器草稿,小米红豆兔里脊火鸡胸,生南瓜籽仁,坚果种子类,FOOD,DRIED,干,生重、打碎、充分搅拌,1,低,C1b 干制品口径词不规范,干制品宜用「干重」,口径词统一（需字典补「干重」）
设计器草稿,小米红豆兔里脊火鸡胸,生南瓜籽仁,坚果种子类,FOOD,DRIED,干,生重、打碎、充分搅拌,1,低,C1b 干制品口径词不规范,干制品宜用「干重」,口径词统一（需字典补「干重」）
设计器草稿,小米红豆兔里脊火鸡胸,生南瓜籽仁,坚果种子类,FOOD,DRIED,干,生重、打碎、充分搅拌,1,低,C1b 干制品口径词不规范,干制品宜用「干重」,口径词统一（需字典补「干重」）
设计器草稿,小米红豆兔里脊火鸡胸,维生素D3胶囊,乳类及制品,SUPPLEMENT,CONCENTRATE,浓缩补剂,(空),1,低,B3b 补剂/油/粉空文案,补剂/油/粉无生熟概念，按剂量称取即可，空文案影响小,批量套用「直接称取」模板
设计器草稿,小米红豆兔里脊火鸡胸,维生素D3胶囊,乳类及制品,SUPPLEMENT,CONCENTRATE,浓缩补剂,(空),1,低,B3b 补剂/油/粉空文案,补剂/油/粉无生熟概念，按剂量称取即可，空文案影响小,批量套用「直接称取」模板
设计器草稿,小米红豆兔里脊火鸡胸,维生素D3胶囊,乳类及制品,SUPPLEMENT,CONCENTRATE,浓缩补剂,(空),1,低,B3b 补剂/油/粉空文案,补剂/油/粉无生熟概念，按剂量称取即可，空文案影响小,批量套用「直接称取」模板
设计器草稿,小米红豆兔里脊火鸡胸,维生素D3胶囊,乳类及制品,SUPPLEMENT,CONCENTRATE,浓缩补剂,(空),1,低,B3b 补剂/油/粉空文案,补剂/油/粉无生熟概念，按剂量称取即可，空文案影响小,批量套用「直接称取」模板
设计器草稿,小米红豆兔里脊火鸡胸,维生素D3胶囊,乳类及制品,SUPPLEMENT,CONCENTRATE,浓缩补剂,(空),1,低,B3b 补剂/油/粉空文案,补剂/油/粉无生熟概念，按剂量称取即可，空文案影响小,批量套用「直接称取」模板
设计器草稿,小米红豆兔里脊火鸡胸,维生素E胶囊 ,乳类及制品,SUPPLEMENT,CONCENTRATE,浓缩补剂,(空),1,低,B3b 补剂/油/粉空文案,补剂/油/粉无生熟概念，按剂量称取即可，空文案影响小,批量套用「直接称取」模板
设计器草稿,小米红豆兔里脊火鸡胸,维生素E胶囊 ,乳类及制品,SUPPLEMENT,CONCENTRATE,浓缩补剂,(空),1,低,B3b 补剂/油/粉空文案,补剂/油/粉无生熟概念，按剂量称取即可，空文案影响小,批量套用「直接称取」模板
设计器草稿,小米红豆兔里脊火鸡胸,维生素E胶囊 ,乳类及制品,SUPPLEMENT,CONCENTRATE,浓缩补剂,(空),1,低,B3b 补剂/油/粉空文案,补剂/油/粉无生熟概念，按剂量称取即可，空文案影响小,批量套用「直接称取」模板
设计器草稿,小米红豆兔里脊火鸡胸,维生素E胶囊 ,乳类及制品,SUPPLEMENT,CONCENTRATE,浓缩补剂,(空),1,低,B3b 补剂/油/粉空文案,补剂/油/粉无生熟概念，按剂量称取即可，空文案影响小,批量套用「直接称取」模板
设计器草稿,小米红豆兔里脊火鸡胸,维生素E胶囊 ,乳类及制品,SUPPLEMENT,CONCENTRATE,浓缩补剂,(空),1,低,B3b 补剂/油/粉空文案,补剂/油/粉无生熟概念，按剂量称取即可，空文案影响小,批量套用「直接称取」模板
设计器草稿,小米鳕鱼鸡胸,生葵花籽仁,坚果种子类,FOOD,DRIED,干,生重、打碎、充分搅拌,1,低,C1b 干制品口径词不规范,干制品宜用「干重」,口径词统一（需字典补「干重」）
设计器草稿,小米鳕鱼鸡胸,生葵花籽仁,坚果种子类,FOOD,DRIED,干,生重、打碎、充分搅拌,1,低,C1b 干制品口径词不规范,干制品宜用「干重」,口径词统一（需字典补「干重」）
设计器草稿,小米鳕鱼鸡胸,生葵花籽仁,坚果种子类,FOOD,DRIED,干,生重、打碎、充分搅拌,1,低,C1b 干制品口径词不规范,干制品宜用「干重」,口径词统一（需字典补「干重」）
设计器草稿,小米鳕鱼鸡胸,生葵花籽仁,坚果种子类,FOOD,DRIED,干,生重、打碎、充分搅拌,1,低,C1b 干制品口径词不规范,干制品宜用「干重」,口径词统一（需字典补「干重」）
设计器草稿,小米鳕鱼鸡胸,生葵花籽仁,坚果种子类,FOOD,DRIED,干,生重、打碎、充分搅拌,1,低,C1b 干制品口径词不规范,干制品宜用「干重」,口径词统一（需字典补「干重」）
设计器草稿,小米鳕鱼鸡胸,生葵花籽仁,坚果种子类,FOOD,DRIED,干,生重、打碎、充分搅拌,1,低,C1b 干制品口径词不规范,干制品宜用「干重」,口径词统一（需字典补「干重」）
设计器草稿,小米鳕鱼鸡胸,生葵花籽仁,坚果种子类,FOOD,DRIED,干,生重、打碎、充分搅拌,1,低,C1b 干制品口径词不规范,干制品宜用「干重」,口径词统一（需字典补「干重」）
设计器草稿,小米鳕鱼鸡胸,生葵花籽仁,坚果种子类,FOOD,DRIED,干,生重、打碎、充分搅拌,1,低,C1b 干制品口径词不规范,干制品宜用「干重」,口径词统一（需字典补「干重」）
设计器草稿,小米鳕鱼鸡胸,生葵花籽仁,坚果种子类,FOOD,DRIED,干,生重、打碎、充分搅拌,1,低,C1b 干制品口径词不规范,干制品宜用「干重」,口径词统一（需字典补「干重」）
设计器草稿,小米鳕鱼鸡胸,生葵花籽仁,坚果种子类,FOOD,DRIED,干,生重、打碎、充分搅拌,1,低,C1b 干制品口径词不规范,干制品宜用「干重」,口径词统一（需字典补「干重」）
设计器草稿,小米鳕鱼鸡胸,生葵花籽仁,坚果种子类,FOOD,DRIED,干,生重、打碎、充分搅拌,1,低,C1b 干制品口径词不规范,干制品宜用「干重」,口径词统一（需字典补「干重」）
设计器草稿,小米鳕鱼鸡胸,生葵花籽仁,坚果种子类,FOOD,DRIED,干,生重、打碎、充分搅拌,1,低,C1b 干制品口径词不规范,干制品宜用「干重」,口径词统一（需字典补「干重」）
设计器草稿,小米鳕鱼鸡胸,奇亚籽,坚果种子类,FOOD,DRIED,干,生重、打碎、充分搅拌,1,低,C1b 干制品口径词不规范,干制品宜用「干重」,口径词统一（需字典补「干重」）
设计器草稿,小米鳕鱼鸡胸,奇亚籽,坚果种子类,FOOD,DRIED,干,生重、打碎、充分搅拌,1,低,C1b 干制品口径词不规范,干制品宜用「干重」,口径词统一（需字典补「干重」）
设计器草稿,小米鳕鱼鸡胸,奇亚籽,坚果种子类,FOOD,DRIED,干,生重、打碎、充分搅拌,1,低,C1b 干制品口径词不规范,干制品宜用「干重」,口径词统一（需字典补「干重」）
设计器草稿,小米鳕鱼鸡胸,奇亚籽,坚果种子类,FOOD,DRIED,干,生重、打碎、充分搅拌,1,低,C1b 干制品口径词不规范,干制品宜用「干重」,口径词统一（需字典补「干重」）
设计器草稿,小米鳕鱼鸡胸,奇亚籽,坚果种子类,FOOD,DRIED,干,生重、打碎、充分搅拌,1,低,C1b 干制品口径词不规范,干制品宜用「干重」,口径词统一（需字典补「干重」）
设计器草稿,小米鳕鱼鸡胸,奇亚籽,坚果种子类,FOOD,DRIED,干,生重、打碎、充分搅拌,1,低,C1b 干制品口径词不规范,干制品宜用「干重」,口径词统一（需字典补「干重」）
设计器草稿,小米鳕鱼鸡胸,奇亚籽,坚果种子类,FOOD,DRIED,干,生重、打碎、充分搅拌,1,低,C1b 干制品口径词不规范,干制品宜用「干重」,口径词统一（需字典补「干重」）
设计器草稿,小米鳕鱼鸡胸,奇亚籽,坚果种子类,FOOD,DRIED,干,生重、打碎、充分搅拌,1,低,C1b 干制品口径词不规范,干制品宜用「干重」,口径词统一（需字典补「干重」）
设计器草稿,小米鳕鱼鸡胸,奇亚籽,坚果种子类,FOOD,DRIED,干,生重、打碎、充分搅拌,1,低,C1b 干制品口径词不规范,干制品宜用「干重」,口径词统一（需字典补「干重」）
设计器草稿,小米鳕鱼鸡胸,奇亚籽,坚果种子类,FOOD,DRIED,干,生重、打碎、充分搅拌,1,低,C1b 干制品口径词不规范,干制品宜用「干重」,口径词统一（需字典补「干重」）
设计器草稿,小米鳕鱼鸡胸,奇亚籽,坚果种子类,FOOD,DRIED,干,生重、打碎、充分搅拌,1,低,C1b 干制品口径词不规范,干制品宜用「干重」,口径词统一（需字典补「干重」）
设计器草稿,小米鳕鱼鸡胸,奇亚籽,坚果种子类,FOOD,DRIED,干,生重、打碎、充分搅拌,1,低,C1b 干制品口径词不规范,干制品宜用「干重」,口径词统一（需字典补「干重」）
设计器草稿,小米鳕鱼鸡胸,丁香粉,调味品类,FOOD,POWDER,粉,(空),1,低,B3b 补剂/油/粉空文案,补剂/油/粉无生熟概念，按剂量称取即可，空文案影响小,批量套用「直接称取」模板
设计器草稿,小米鳕鱼鸡胸,丁香粉,调味品类,FOOD,POWDER,粉,(空),1,低,B3b 补剂/油/粉空文案,补剂/油/粉无生熟概念，按剂量称取即可，空文案影响小,批量套用「直接称取」模板
设计器草稿,小豆 的鲜食食谱 08/27,生葵花籽仁,坚果种子类,FOOD,DRIED,干,生重、打碎、充分搅拌,1,低,C1b 干制品口径词不规范,干制品宜用「干重」,口径词统一（需字典补「干重」）
设计器草稿,小豆 的鲜食食谱 08/27,火麻籽,坚果种子类,FOOD,DRIED,干,生重、打碎、充分搅拌,1,低,C1b 干制品口径词不规范,干制品宜用「干重」,口径词统一（需字典补「干重」）
设计器草稿,小豆 的鲜食食谱 08/29,碳酸钙粉,乳类及制品,SUPPLEMENT,CONCENTRATE,浓缩补剂,生重、充分搅拌,1,低,C1 冗余口径词（油/粉/补剂）,这类食材不因加热改变重量，口径词无意义（可安全删除）,删掉生重/熟重，保留处理步骤
设计器草稿,小豆 的鲜食食谱 08/29,食用盐,调味品类,FOOD,DRIED,干,生重、充分搅拌,1,低,C1b 干制品口径词不规范,干制品宜用「干重」,口径词统一（需字典补「干重」）
设计器草稿,小豆 的鲜食食谱 08/29,海带片,乳类及制品,SUPPLEMENT,CONCENTRATE,浓缩补剂,(空),1,低,B3b 补剂/油/粉空文案,补剂/油/粉无生熟概念，按剂量称取即可，空文案影响小,批量套用「直接称取」模板
设计器草稿,小豆 的鲜食食谱 08/29,碳酸钙粉,乳类及制品,SUPPLEMENT,CONCENTRATE,浓缩补剂,生重、充分搅拌,1,低,C1 冗余口径词（油/粉/补剂）,这类食材不因加热改变重量，口径词无意义（可安全删除）,删掉生重/熟重，保留处理步骤
设计器草稿,小豆 的鲜食食谱 08/29,骨粉片,乳类及制品,SUPPLEMENT,CONCENTRATE,浓缩补剂,(空),1,低,B3b 补剂/油/粉空文案,补剂/油/粉无生熟概念，按剂量称取即可，空文案影响小,批量套用「直接称取」模板
设计器草稿,小豆 的鲜食食谱 08/29,小麦胚芽油,油脂类,FOOD,OIL,油脂,生重、充分搅拌,1,低,C1 冗余口径词（油/粉/补剂）,这类食材不因加热改变重量，口径词无意义（可安全删除）,删掉生重/熟重，保留处理步骤
设计器草稿,小豆 的鲜食食谱 08/29,B族维生素复合胶囊,,SUPPLEMENT,CONCENTRATE,浓缩补剂,充分搅拌,1,低,E2 原料分类缺失,原料没有分类，前台展示与统计会缺项,补分类
设计器草稿,山药 辅食,白芝麻,坚果种子类,FOOD,DRIED,干,生重、充分搅拌,1,低,C1b 干制品口径词不规范,干制品宜用「干重」,口径词统一（需字典补「干重」）
设计器草稿,山药 辅食,柠檬酸钙粉,乳类及制品,SUPPLEMENT,POWDER,粉末,(空),1,低,B3b 补剂/油/粉空文案,补剂/油/粉无生熟概念，按剂量称取即可，空文案影响小,批量套用「直接称取」模板
设计器草稿,山药 辅食,柠檬酸钾胶囊,乳类及制品,SUPPLEMENT,CONCENTRATE,浓缩补剂,(空),1,低,B3b 补剂/油/粉空文案,补剂/油/粉无生熟概念，按剂量称取即可，空文案影响小,批量套用「直接称取」模板
设计器草稿,山药 辅食,氨基酸螯合铜,,SUPPLEMENT,CONCENTRATE,浓缩补剂,(空),2,低,E2 原料分类缺失 + B3b 补剂/油/粉空文案,原料没有分类，前台展示与统计会缺项；补剂/油/粉无生熟概念，按剂量称取即可，空文案影响小,补分类；批量套用「直接称取」模板
设计器草稿,布丁定制食谱,姜黄粉,调味品类,FOOD,POWDER,粉,生重、充分搅拌,1,低,C1 冗余口径词（油/粉/补剂）,这类食材不因加热改变重量，口径词无意义（可安全删除）,删掉生重/熟重，保留处理步骤
设计器草稿,布丁定制食谱,姜黄粉,调味品类,FOOD,POWDER,粉,生重、充分搅拌,1,低,C1 冗余口径词（油/粉/补剂）,这类食材不因加热改变重量，口径词无意义（可安全删除）,删掉生重/熟重，保留处理步骤
设计器草稿,布丁定制食谱,姜黄粉,调味品类,FOOD,POWDER,粉,生重、充分搅拌,1,低,C1 冗余口径词（油/粉/补剂）,这类食材不因加热改变重量，口径词无意义（可安全删除）,删掉生重/熟重，保留处理步骤
设计器草稿,布丁定制食谱,姜黄粉,调味品类,FOOD,POWDER,粉,生重、充分搅拌,1,低,C1 冗余口径词（油/粉/补剂）,这类食材不因加热改变重量，口径词无意义（可安全删除）,删掉生重/熟重，保留处理步骤
设计器草稿,布丁定制食谱,姜黄粉,调味品类,FOOD,POWDER,粉,生重、充分搅拌,1,低,C1 冗余口径词（油/粉/补剂）,这类食材不因加热改变重量，口径词无意义（可安全删除）,删掉生重/熟重，保留处理步骤
设计器草稿,布丁定制食谱,食用盐,调味品类,FOOD,DRIED,干,生重、充分搅拌,1,低,C1b 干制品口径词不规范,干制品宜用「干重」,口径词统一（需字典补「干重」）
设计器草稿,排敏：猪肉7.7-12,燕麦,谷类及制品,FOOD,DRIED,干,生重、打粉、充分搅拌,1,低,C1b 干制品口径词不规范,干制品宜用「干重」,口径词统一（需字典补「干重」）
设计器草稿,排敏：猪肉7.7-12,海带粉胶囊,乳类及制品,SUPPLEMENT,CONCENTRATE,浓缩补剂,(空),1,低,B3b 补剂/油/粉空文案,补剂/油/粉无生熟概念，按剂量称取即可，空文案影响小,批量套用「直接称取」模板
设计器草稿,排敏：猪肉7.7-12,食用盐,调味品类,FOOD,DRIED,干,生重、充分搅拌,1,低,C1b 干制品口径词不规范,干制品宜用「干重」,口径词统一（需字典补「干重」）
设计器草稿,排敏：鸡肉7.2-7.6,燕麦,谷类及制品,FOOD,DRIED,干,生重、打粉、充分搅拌,1,低,C1b 干制品口径词不规范,干制品宜用「干重」,口径词统一（需字典补「干重」）
设计器草稿,排敏：鸡肉7.2-7.6,海带粉胶囊,乳类及制品,SUPPLEMENT,CONCENTRATE,浓缩补剂,(空),1,低,B3b 补剂/油/粉空文案,补剂/油/粉无生熟概念，按剂量称取即可，空文案影响小,批量套用「直接称取」模板
设计器草稿,排敏：鸡肉7.2-7.6,生葵花籽仁,坚果种子类,FOOD,DRIED,干,生重、打碎、充分搅拌,1,低,C1b 干制品口径词不规范,干制品宜用「干重」,口径词统一（需字典补「干重」）
设计器草稿,排敏：鸡肉7.2-7.6,火麻籽,坚果种子类,FOOD,DRIED,干,生重、打碎、充分搅拌,1,低,C1b 干制品口径词不规范,干制品宜用「干重」,口径词统一（需字典补「干重」）
设计器草稿,排敏：鸡肉7.2-7.6,生南瓜籽仁,坚果种子类,FOOD,DRIED,干,生重、打碎、充分搅拌,1,低,C1b 干制品口径词不规范,干制品宜用「干重」,口径词统一（需字典补「干重」）
设计器草稿,杂粮三文鱼猪肉,生葵花籽仁,坚果种子类,FOOD,DRIED,干,生重、打碎、充分搅拌,1,低,C1b 干制品口径词不规范,干制品宜用「干重」,口径词统一（需字典补「干重」）
设计器草稿,杂粮三文鱼猪肉,生葵花籽仁,坚果种子类,FOOD,DRIED,干,生重、打碎、充分搅拌,1,低,C1b 干制品口径词不规范,干制品宜用「干重」,口径词统一（需字典补「干重」）
设计器草稿,杂粮三文鱼猪肉,生葵花籽仁,坚果种子类,FOOD,DRIED,干,生重、打碎、充分搅拌,1,低,C1b 干制品口径词不规范,干制品宜用「干重」,口径词统一（需字典补「干重」）
设计器草稿,杂粮三文鱼猪肉,生葵花籽仁,坚果种子类,FOOD,DRIED,干,生重、打碎、充分搅拌,1,低,C1b 干制品口径词不规范,干制品宜用「干重」,口径词统一（需字典补「干重」）
设计器草稿,杂粮三文鱼猪肉,生葵花籽仁,坚果种子类,FOOD,DRIED,干,生重、打碎、充分搅拌,1,低,C1b 干制品口径词不规范,干制品宜用「干重」,口径词统一（需字典补「干重」）
设计器草稿,杂粮三文鱼猪肉,生葵花籽仁,坚果种子类,FOOD,DRIED,干,生重、打碎、充分搅拌,1,低,C1b 干制品口径词不规范,干制品宜用「干重」,口径词统一（需字典补「干重」）
设计器草稿,李开心定制食谱（兔+猪）,小麦胚芽油,油脂类,FOOD,OIL,油脂,生重、充分搅拌,1,低,C1 冗余口径词（油/粉/补剂）,这类食材不因加热改变重量，口径词无意义（可安全删除）,删掉生重/熟重，保留处理步骤
设计器草稿,李开心定制食谱（兔+猪）,小麦胚芽油,油脂类,FOOD,OIL,油脂,生重、充分搅拌,1,低,C1 冗余口径词（油/粉/补剂）,这类食材不因加热改变重量，口径词无意义（可安全删除）,删掉生重/熟重，保留处理步骤
设计器草稿,李皮皮 的鲜食食谱 07/02,碘钾片,乳类及制品,SUPPLEMENT,CONCENTRATE,浓缩补剂,(空),1,低,B3b 补剂/油/粉空文案,补剂/油/粉无生熟概念，按剂量称取即可，空文案影响小,批量套用「直接称取」模板
设计器草稿,杠铃 的鲜食食谱 07/25,燕麦,谷类及制品,FOOD,DRIED,干,生重、打碎、充分搅拌,1,低,C1b 干制品口径词不规范,干制品宜用「干重」,口径词统一（需字典补「干重」）
设计器草稿,杠铃 的鲜食食谱 07/25,海带粉胶囊,乳类及制品,SUPPLEMENT,CONCENTRATE,浓缩补剂,(空),1,低,B3b 补剂/油/粉空文案,补剂/油/粉无生熟概念，按剂量称取即可，空文案影响小,批量套用「直接称取」模板
设计器草稿,杠铃 的鲜食食谱 07/25,骨粉片,乳类及制品,SUPPLEMENT,CONCENTRATE,浓缩补剂,(空),1,低,B3b 补剂/油/粉空文案,补剂/油/粉无生熟概念，按剂量称取即可，空文案影响小,批量套用「直接称取」模板
设计器草稿,来福 的鲜食食谱 08/06,碘钾片,乳类及制品,SUPPLEMENT,CONCENTRATE,浓缩补剂,(空),1,低,B3b 补剂/油/粉空文案,补剂/油/粉无生熟概念，按剂量称取即可，空文案影响小,批量套用「直接称取」模板
设计器草稿,来福 的鲜食食谱 08/06,碘钾片,乳类及制品,SUPPLEMENT,CONCENTRATE,浓缩补剂,(空),1,低,B3b 补剂/油/粉空文案,补剂/油/粉无生熟概念，按剂量称取即可，空文案影响小,批量套用「直接称取」模板
设计器草稿,柠檬茶 的鲜食食谱 09/06,生葵花籽仁,坚果种子类,FOOD,DRIED,干,生重、打碎、充分搅拌,1,低,C1b 干制品口径词不规范,干制品宜用「干重」,口径词统一（需字典补「干重」）
设计器草稿,柠檬茶 的鲜食食谱 09/09,生葵花籽仁,坚果种子类,FOOD,DRIED,干,生重、打碎、充分搅拌,1,低,C1b 干制品口径词不规范,干制品宜用「干重」,口径词统一（需字典补「干重」）
设计器草稿,桑迪 的鲜食食谱 07/25,燕麦,谷类及制品,FOOD,DRIED,干,生重、打碎、充分搅拌,1,低,C1b 干制品口径词不规范,干制品宜用「干重」,口径词统一（需字典补「干重」）
设计器草稿,灿灿 的鲜食食谱 08/17,柠檬酸钙粉,乳类及制品,SUPPLEMENT,POWDER,粉末,(空),1,低,B3b 补剂/油/粉空文案,补剂/油/粉无生熟概念，按剂量称取即可，空文案影响小,批量套用「直接称取」模板
设计器草稿,灿灿 的鲜食食谱 08/17,碘钾片,乳类及制品,SUPPLEMENT,CONCENTRATE,浓缩补剂,(空),1,低,B3b 补剂/油/粉空文案,补剂/油/粉无生熟概念，按剂量称取即可，空文案影响小,批量套用「直接称取」模板
设计器草稿,燕麦三文鱼猪肉,生葵花籽仁,坚果种子类,FOOD,DRIED,干,生重、打碎、充分搅拌,1,低,C1b 干制品口径词不规范,干制品宜用「干重」,口径词统一（需字典补「干重」）
设计器草稿,燕麦三文鱼猪肉,生葵花籽仁,坚果种子类,FOOD,DRIED,干,生重、打碎、充分搅拌,1,低,C1b 干制品口径词不规范,干制品宜用「干重」,口径词统一（需字典补「干重」）
设计器草稿,燕麦三文鱼猪肉,橄榄油,油脂类,FOOD,OIL,油脂,生重、充分搅拌,1,低,C1 冗余口径词（油/粉/补剂）,这类食材不因加热改变重量，口径词无意义（可安全删除）,删掉生重/熟重，保留处理步骤
设计器草稿,燕麦三文鱼猪肉,生葵花籽仁,坚果种子类,FOOD,DRIED,干,生重、打碎、充分搅拌,1,低,C1b 干制品口径词不规范,干制品宜用「干重」,口径词统一（需字典补「干重」）
设计器草稿,燕麦三文鱼猪肉,生葵花籽仁,坚果种子类,FOOD,DRIED,干,生重、打碎、充分搅拌,1,低,C1b 干制品口径词不规范,干制品宜用「干重」,口径词统一（需字典补「干重」）
设计器草稿,燕麦三文鱼猪肉,橄榄油,油脂类,FOOD,OIL,油脂,生重、充分搅拌,1,低,C1 冗余口径词（油/粉/补剂）,这类食材不因加热改变重量，口径词无意义（可安全删除）,删掉生重/熟重，保留处理步骤
设计器草稿,燕麦三文鱼猪肉,生葵花籽仁,坚果种子类,FOOD,DRIED,干,生重、打碎、充分搅拌,1,低,C1b 干制品口径词不规范,干制品宜用「干重」,口径词统一（需字典补「干重」）
设计器草稿,燕麦三文鱼猪肉,白芝麻,坚果种子类,FOOD,DRIED,干,生重、充分搅拌,1,低,C1b 干制品口径词不规范,干制品宜用「干重」,口径词统一（需字典补「干重」）
设计器草稿,燕麦三文鱼猪肉,白芝麻,坚果种子类,FOOD,DRIED,干,生重、充分搅拌,1,低,C1b 干制品口径词不规范,干制品宜用「干重」,口径词统一（需字典补「干重」）
设计器草稿,燕麦三文鱼猪肉,白芝麻,坚果种子类,FOOD,DRIED,干,生重、充分搅拌,1,低,C1b 干制品口径词不规范,干制品宜用「干重」,口径词统一（需字典补「干重」）
设计器草稿,燕麦三文鱼猪肉,橄榄油,油脂类,FOOD,OIL,油脂,生重、充分搅拌,1,低,C1 冗余口径词（油/粉/补剂）,这类食材不因加热改变重量，口径词无意义（可安全删除）,删掉生重/熟重，保留处理步骤
设计器草稿,燕麦三文鱼猪肉,橄榄油,油脂类,FOOD,OIL,油脂,生重、充分搅拌,1,低,C1 冗余口径词（油/粉/补剂）,这类食材不因加热改变重量，口径词无意义（可安全删除）,删掉生重/熟重，保留处理步骤
设计器草稿,燕麦三文鱼猪肉,橄榄油,油脂类,FOOD,OIL,油脂,生重、充分搅拌,1,低,C1 冗余口径词（油/粉/补剂）,这类食材不因加热改变重量，口径词无意义（可安全删除）,删掉生重/熟重，保留处理步骤
设计器草稿,燕麦山药牛肉饭,燕麦,谷类及制品,FOOD,DRIED,干,生重、打碎、充分搅拌,1,低,C1b 干制品口径词不规范,干制品宜用「干重」,口径词统一（需字典补「干重」）
设计器草稿,燕麦山药牛肉饭,燕麦,谷类及制品,FOOD,DRIED,干,生重、打碎、充分搅拌,1,低,C1b 干制品口径词不规范,干制品宜用「干重」,口径词统一（需字典补「干重」）
设计器草稿,燕麦山药牛肉饭,燕麦,谷类及制品,FOOD,DRIED,干,生重、打碎、充分搅拌,1,低,C1b 干制品口径词不规范,干制品宜用「干重」,口径词统一（需字典补「干重」）
设计器草稿,燕麦山药牛肉饭,燕麦,谷类及制品,FOOD,DRIED,干,生重、打碎、充分搅拌,1,低,C1b 干制品口径词不规范,干制品宜用「干重」,口径词统一（需字典补「干重」）
设计器草稿,燕麦山药牛肉饭,燕麦,谷类及制品,FOOD,DRIED,干,生重、打碎、充分搅拌,1,低,C1b 干制品口径词不规范,干制品宜用「干重」,口径词统一（需字典补「干重」）
设计器草稿,燕麦山药牛肉饭,生葵花籽仁,坚果种子类,FOOD,DRIED,干,生重、打碎、充分搅拌,1,低,C1b 干制品口径词不规范,干制品宜用「干重」,口径词统一（需字典补「干重」）
设计器草稿,燕麦山药牛肉饭,生葵花籽仁,坚果种子类,FOOD,DRIED,干,生重、打碎、充分搅拌,1,低,C1b 干制品口径词不规范,干制品宜用「干重」,口径词统一（需字典补「干重」）
设计器草稿,燕麦山药牛肉饭,生葵花籽仁,坚果种子类,FOOD,DRIED,干,生重、打碎、充分搅拌,1,低,C1b 干制品口径词不规范,干制品宜用「干重」,口径词统一（需字典补「干重」）
设计器草稿,燕麦山药牛肉饭,生葵花籽仁,坚果种子类,FOOD,DRIED,干,生重、打碎、充分搅拌,1,低,C1b 干制品口径词不规范,干制品宜用「干重」,口径词统一（需字典补「干重」）
设计器草稿,燕麦山药牛肉饭,生葵花籽仁,坚果种子类,FOOD,DRIED,干,生重、打碎、充分搅拌,1,低,C1b 干制品口径词不规范,干制品宜用「干重」,口径词统一（需字典补「干重」）
设计器草稿,燕麦米比目鱼鸭肉,生葵花籽仁,坚果种子类,FOOD,DRIED,干,生重、打碎、充分搅拌,1,低,C1b 干制品口径词不规范,干制品宜用「干重」,口径词统一（需字典补「干重」）
设计器草稿,燕麦米青花鱼鸭肉,生葵花籽仁,坚果种子类,FOOD,DRIED,干,生重、打碎、充分搅拌,1,低,C1b 干制品口径词不规范,干制品宜用「干重」,口径词统一（需字典补「干重」）
设计器草稿,燕麦米青花鱼鸭肉,生葵花籽仁,坚果种子类,FOOD,DRIED,干,生重、打碎、充分搅拌,1,低,C1b 干制品口径词不规范,干制品宜用「干重」,口径词统一（需字典补「干重」）
设计器草稿,燕麦米青花鱼鸭肉,生葵花籽仁,坚果种子类,FOOD,DRIED,干,生重、打碎、充分搅拌,1,低,C1b 干制品口径词不规范,干制品宜用「干重」,口径词统一（需字典补「干重」）
设计器草稿,燕麦米青花鱼鸭肉,碘钾片,乳类及制品,SUPPLEMENT,CONCENTRATE,浓缩补剂,(空),1,低,B3b 补剂/油/粉空文案,补剂/油/粉无生熟概念，按剂量称取即可，空文案影响小,批量套用「直接称取」模板
设计器草稿,燕麦米青花鱼鸭肉,碘钾片,乳类及制品,SUPPLEMENT,CONCENTRATE,浓缩补剂,(空),1,低,B3b 补剂/油/粉空文案,补剂/油/粉无生熟概念，按剂量称取即可，空文案影响小,批量套用「直接称取」模板
设计器草稿,燕麦米青花鱼鸭肉,碘钾片,乳类及制品,SUPPLEMENT,CONCENTRATE,浓缩补剂,(空),1,低,B3b 补剂/油/粉空文案,补剂/油/粉无生熟概念，按剂量称取即可，空文案影响小,批量套用「直接称取」模板
设计器草稿,燕麦米青花鱼鸭肉(财宝),碘钾片,乳类及制品,SUPPLEMENT,CONCENTRATE,浓缩补剂,(空),1,低,B3b 补剂/油/粉空文案,补剂/油/粉无生熟概念，按剂量称取即可，空文案影响小,批量套用「直接称取」模板
设计器草稿,燕麦米青花鱼鸭肉(财宝),碘钾片,乳类及制品,SUPPLEMENT,CONCENTRATE,浓缩补剂,(空),1,低,B3b 补剂/油/粉空文案,补剂/油/粉无生熟概念，按剂量称取即可，空文案影响小,批量套用「直接称取」模板
设计器草稿,燕麦鳕鱼猪肉,生葵花籽仁,坚果种子类,FOOD,DRIED,干,生重、打碎、充分搅拌,1,低,C1b 干制品口径词不规范,干制品宜用「干重」,口径词统一（需字典补「干重」）
设计器草稿,燕麦鳕鱼猪肉,生葵花籽仁,坚果种子类,FOOD,DRIED,干,生重、打碎、充分搅拌,1,低,C1b 干制品口径词不规范,干制品宜用「干重」,口径词统一（需字典补「干重」）
设计器草稿,燕麦鳕鱼猪肉,生葵花籽仁,坚果种子类,FOOD,DRIED,干,生重、打碎、充分搅拌,1,低,C1b 干制品口径词不规范,干制品宜用「干重」,口径词统一（需字典补「干重」）
设计器草稿,燕麦鳕鱼猪肉,生葵花籽仁,坚果种子类,FOOD,DRIED,干,生重、打碎、充分搅拌,1,低,C1b 干制品口径词不规范,干制品宜用「干重」,口径词统一（需字典补「干重」）
设计器草稿,燕麦鳕鱼猪肉,生葵花籽仁,坚果种子类,FOOD,DRIED,干,生重、打碎、充分搅拌,1,低,C1b 干制品口径词不规范,干制品宜用「干重」,口径词统一（需字典补「干重」）
设计器草稿,燕麦鳕鱼猪肉,生葵花籽仁,坚果种子类,FOOD,DRIED,干,生重、打碎、充分搅拌,1,低,C1b 干制品口径词不规范,干制品宜用「干重」,口径词统一（需字典补「干重」）
设计器草稿,燕麦鳕鱼猪肉,生葵花籽仁,坚果种子类,FOOD,DRIED,干,生重、打碎、充分搅拌,1,低,C1b 干制品口径词不规范,干制品宜用「干重」,口径词统一（需字典补「干重」）
设计器草稿,燕麦鳕鱼猪肉,生葵花籽仁,坚果种子类,FOOD,DRIED,干,生重、打碎、充分搅拌,1,低,C1b 干制品口径词不规范,干制品宜用「干重」,口径词统一（需字典补「干重」）
设计器草稿,燕麦鳕鱼猪肉,生葵花籽仁,坚果种子类,FOOD,DRIED,干,生重、打碎、充分搅拌,1,低,C1b 干制品口径词不规范,干制品宜用「干重」,口径词统一（需字典补「干重」）
设计器草稿,燕麦鳕鱼猪肉,生葵花籽仁,坚果种子类,FOOD,DRIED,干,生重、打碎、充分搅拌,1,低,C1b 干制品口径词不规范,干制品宜用「干重」,口径词统一（需字典补「干重」）
设计器草稿,燕麦鳕鱼猪肉,生葵花籽仁,坚果种子类,FOOD,DRIED,干,生重、打碎、充分搅拌,1,低,C1b 干制品口径词不规范,干制品宜用「干重」,口径词统一（需字典补「干重」）
设计器草稿,燕麦鳕鱼猪肉,生葵花籽仁,坚果种子类,FOOD,DRIED,干,生重、打碎、充分搅拌,1,低,C1b 干制品口径词不规范,干制品宜用「干重」,口径词统一（需字典补「干重」）
设计器草稿,牛牛定制食谱,燕麦,谷类及制品,FOOD,DRIED,干,生重、打粉、充分搅拌,1,低,C1b 干制品口径词不规范,干制品宜用「干重」,口径词统一（需字典补「干重」）
设计器草稿,牛牛定制食谱,姜黄粉,调味品类,FOOD,POWDER,粉,生重、充分搅拌,1,低,C1 冗余口径词（油/粉/补剂）,这类食材不因加热改变重量，口径词无意义（可安全删除）,删掉生重/熟重，保留处理步骤
设计器草稿,牛牛定制食谱,姜黄粉,调味品类,FOOD,POWDER,粉,生重、充分搅拌,1,低,C1 冗余口径词（油/粉/补剂）,这类食材不因加热改变重量，口径词无意义（可安全删除）,删掉生重/熟重，保留处理步骤
设计器草稿,牛牛定制食谱,姜黄粉,调味品类,FOOD,POWDER,粉,生重、充分搅拌,1,低,C1 冗余口径词（油/粉/补剂）,这类食材不因加热改变重量，口径词无意义（可安全删除）,删掉生重/熟重，保留处理步骤
设计器草稿,牛牛定制食谱,食用盐,调味品类,FOOD,DRIED,干,生重、充分搅拌,1,低,C1b 干制品口径词不规范,干制品宜用「干重」,口径词统一（需字典补「干重」）
设计器草稿,牛牛定制食谱,食用盐,调味品类,FOOD,DRIED,干,生重、充分搅拌,1,低,C1b 干制品口径词不规范,干制品宜用「干重」,口径词统一（需字典补「干重」）
设计器草稿,牛牛定制食谱,食用盐,调味品类,FOOD,DRIED,干,生重、充分搅拌,1,低,C1b 干制品口径词不规范,干制品宜用「干重」,口径词统一（需字典补「干重」）
设计器草稿,牛牛定制食谱,燕麦,谷类及制品,FOOD,DRIED,干,生重、打粉、充分搅拌,1,低,C1b 干制品口径词不规范,干制品宜用「干重」,口径词统一（需字典补「干重」）
设计器草稿,牛牛的定制食谱（兔）20260914,肉桂粉,调味品类,FOOD,POWDER,粉,(空),1,低,B3b 补剂/油/粉空文案,补剂/油/粉无生熟概念，按剂量称取即可，空文案影响小,批量套用「直接称取」模板
设计器草稿,牛牛的定制食谱（兔）20260914,肉桂粉,调味品类,FOOD,POWDER,粉,(空),1,低,B3b 补剂/油/粉空文案,补剂/油/粉无生熟概念，按剂量称取即可，空文案影响小,批量套用「直接称取」模板
设计器草稿,牛牛的定制食谱（兔）20260914,氨基酸螯合铜,,SUPPLEMENT,CONCENTRATE,浓缩补剂,打粉、充分搅拌,1,低,E2 原料分类缺失,原料没有分类，前台展示与统计会缺项,补分类
设计器草稿,牛牛的定制食谱（兔）20260914,氨基酸螯合铜,,SUPPLEMENT,CONCENTRATE,浓缩补剂,打粉、充分搅拌,1,低,E2 原料分类缺失,原料没有分类，前台展示与统计会缺项,补分类
设计器草稿,牛牛的定制食谱（兔）20260914,蛋氨酸锌(含铜),,SUPPLEMENT,CONCENTRATE,浓缩补剂,充分搅拌,1,低,E2 原料分类缺失,原料没有分类，前台展示与统计会缺项,补分类
设计器草稿,牛牛的定制食谱（兔）20260914,蛋氨酸锌(含铜),,SUPPLEMENT,CONCENTRATE,浓缩补剂,充分搅拌,1,低,E2 原料分类缺失,原料没有分类，前台展示与统计会缺项,补分类
设计器草稿,牛牛的定制食谱（牛）20260914,燕麦,谷类及制品,FOOD,DRIED,干,生重、打粉、充分搅拌,1,低,C1b 干制品口径词不规范,干制品宜用「干重」,口径词统一（需字典补「干重」）
设计器草稿,牛牛的定制食谱（牛）20260914,燕麦,谷类及制品,FOOD,DRIED,干,生重、打粉、充分搅拌,1,低,C1b 干制品口径词不规范,干制品宜用「干重」,口径词统一（需字典补「干重」）
设计器草稿,牛牛的定制食谱（牛）20260914,蛋氨酸锌(含铜),,SUPPLEMENT,CONCENTRATE,浓缩补剂,充分搅拌,1,低,E2 原料分类缺失,原料没有分类，前台展示与统计会缺项,补分类
设计器草稿,牛牛的定制食谱（牛）20260914,蛋氨酸锌(含铜),,SUPPLEMENT,CONCENTRATE,浓缩补剂,充分搅拌,1,低,E2 原料分类缺失,原料没有分类，前台展示与统计会缺项,补分类
设计器草稿,牛牛的定制食谱（鸭）20260914,丁香粉,调味品类,FOOD,POWDER,粉,(空),1,低,B3b 补剂/油/粉空文案,补剂/油/粉无生熟概念，按剂量称取即可，空文案影响小,批量套用「直接称取」模板
设计器草稿,牛牛的定制食谱（鸭）20260914,丁香粉,调味品类,FOOD,POWDER,粉,(空),1,低,B3b 补剂/油/粉空文案,补剂/油/粉无生熟概念，按剂量称取即可，空文案影响小,批量套用「直接称取」模板
设计器草稿,牛牛的定制食谱（鸭）20260914,蛋氨酸锌(含铜),,SUPPLEMENT,CONCENTRATE,浓缩补剂,充分搅拌,1,低,E2 原料分类缺失,原料没有分类，前台展示与统计会缺项,补分类
设计器草稿,牛牛的定制食谱（鸭）20260914,蛋氨酸锌(含铜),,SUPPLEMENT,CONCENTRATE,浓缩补剂,充分搅拌,1,低,E2 原料分类缺失,原料没有分类，前台展示与统计会缺项,补分类
设计器草稿,牛肉食谱,火麻籽,坚果种子类,FOOD,DRIED,干,生重、打碎、充分搅拌,1,低,C1b 干制品口径词不规范,干制品宜用「干重」,口径词统一（需字典补「干重」）
设计器草稿,牛肉食谱,小麦胚芽油,油脂类,FOOD,OIL,油脂,生重、充分搅拌,1,低,C1 冗余口径词（油/粉/补剂）,这类食材不因加热改变重量，口径词无意义（可安全删除）,删掉生重/熟重，保留处理步骤
设计器草稿,犇犇 的鲜食食谱 08/03,燕麦,谷类及制品,FOOD,DRIED,干,生重、打碎、充分搅拌,1,低,C1b 干制品口径词不规范,干制品宜用「干重」,口径词统一（需字典补「干重」）
设计器草稿,百万 的鲜食食谱 07/28,生南瓜籽仁,坚果种子类,FOOD,DRIED,干,生重、打碎、充分搅拌,1,低,C1b 干制品口径词不规范,干制品宜用「干重」,口径词统一（需字典补「干重」）
设计器草稿,百万 的鲜食食谱 07/28,白芝麻,坚果种子类,FOOD,DRIED,干,生重、充分搅拌,1,低,C1b 干制品口径词不规范,干制品宜用「干重」,口径词统一（需字典补「干重」）
设计器草稿,百万 的鲜食食谱 07/28,姜粉,调味品类,FOOD,POWDER,粉,(空),1,低,B3b 补剂/油/粉空文案,补剂/油/粉无生熟概念，按剂量称取即可，空文案影响小,批量套用「直接称取」模板
设计器草稿,百万 的鲜食食谱 07/28,橄榄油,油脂类,FOOD,OIL,油脂,生重、充分搅拌,1,低,C1 冗余口径词（油/粉/补剂）,这类食材不因加热改变重量，口径词无意义（可安全删除）,删掉生重/熟重，保留处理步骤
设计器草稿,秋菊 的鲜食食谱 06/28,小麦胚芽油,油脂类,FOOD,OIL,油脂,生重、充分搅拌,1,低,C1 冗余口径词（油/粉/补剂）,这类食材不因加热改变重量，口径词无意义（可安全删除）,删掉生重/熟重，保留处理步骤
设计器草稿,秋菊 的鲜食食谱 06/28,燕麦,谷类及制品,FOOD,DRIED,干,生重、打碎、充分搅拌,1,低,C1b 干制品口径词不规范,干制品宜用「干重」,口径词统一（需字典补「干重」）
设计器草稿,秋菊 的鲜食食谱 06/28,生葵花籽仁,坚果种子类,FOOD,DRIED,干,生重、打碎、充分搅拌,1,低,C1b 干制品口径词不规范,干制品宜用「干重」,口径词统一（需字典补「干重」）
设计器草稿,秋菊 的鲜食食谱 06/28,碳酸钙粉,乳类及制品,SUPPLEMENT,CONCENTRATE,浓缩补剂,生重、充分搅拌,1,低,C1 冗余口径词（油/粉/补剂）,这类食材不因加热改变重量，口径词无意义（可安全删除）,删掉生重/熟重，保留处理步骤
设计器草稿,秋菊 的鲜食食谱 06/28,火麻籽,坚果种子类,FOOD,DRIED,干,生重、打碎、充分搅拌,1,低,C1b 干制品口径词不规范,干制品宜用「干重」,口径词统一（需字典补「干重」）
设计器草稿,秋菊 的鲜食食谱 07/26,小麦胚芽油,油脂类,FOOD,OIL,油脂,生重、充分搅拌,1,低,C1 冗余口径词（油/粉/补剂）,这类食材不因加热改变重量，口径词无意义（可安全删除）,删掉生重/熟重，保留处理步骤
设计器草稿,秋菊 的鲜食食谱 07/26,燕麦,谷类及制品,FOOD,DRIED,干,生重、打碎、充分搅拌,1,低,C1b 干制品口径词不规范,干制品宜用「干重」,口径词统一（需字典补「干重」）
设计器草稿,秋菊 的鲜食食谱 07/26,生葵花籽仁,坚果种子类,FOOD,DRIED,干,生重、打碎、充分搅拌,1,低,C1b 干制品口径词不规范,干制品宜用「干重」,口径词统一（需字典补「干重」）
设计器草稿,秋菊 的鲜食食谱 07/26,火麻籽,坚果种子类,FOOD,DRIED,干,生重、打碎、充分搅拌,1,低,C1b 干制品口径词不规范,干制品宜用「干重」,口径词统一（需字典补「干重」）
设计器草稿,秋菊 的鲜食食谱 08/02,燕麦,谷类及制品,FOOD,DRIED,干,生重、打碎、充分搅拌,1,低,C1b 干制品口径词不规范,干制品宜用「干重」,口径词统一（需字典补「干重」）
设计器草稿,秋菊 的鲜食食谱 08/02,火麻籽,坚果种子类,FOOD,DRIED,干,生重、打碎、充分搅拌,1,低,C1b 干制品口径词不规范,干制品宜用「干重」,口径词统一（需字典补「干重」）
设计器草稿,秋菊 的鲜食食谱 08/02,白芝麻,坚果种子类,FOOD,DRIED,干,生重、充分搅拌,1,低,C1b 干制品口径词不规范,干制品宜用「干重」,口径词统一（需字典补「干重」）
设计器草稿,秋菊 的鲜食食谱 08/02,碳酸钙粉,乳类及制品,SUPPLEMENT,CONCENTRATE,浓缩补剂,生重、充分搅拌,1,低,C1 冗余口径词（油/粉/补剂）,这类食材不因加热改变重量，口径词无意义（可安全删除）,删掉生重/熟重，保留处理步骤
设计器草稿,秋菊 的鲜食食谱 09/06,生南瓜籽仁,坚果种子类,FOOD,DRIED,干,生重、打碎、充分搅拌,1,低,C1b 干制品口径词不规范,干制品宜用「干重」,口径词统一（需字典补「干重」）
设计器草稿,秋菊 的鲜食食谱 09/06,火麻籽,坚果种子类,FOOD,DRIED,干,生重、充分搅拌,1,低,C1b 干制品口径词不规范,干制品宜用「干重」,口径词统一（需字典补「干重」）
设计器草稿,秋菊 的鲜食食谱 09/06,燕麦,谷类及制品,FOOD,DRIED,干,生重、打碎、充分搅拌,1,低,C1b 干制品口径词不规范,干制品宜用「干重」,口径词统一（需字典补「干重」）
设计器草稿,秋葵藜麦米牛肉鸡胸,生葵花籽仁,坚果种子类,FOOD,DRIED,干,生重、打碎、充分搅拌,1,低,C1b 干制品口径词不规范,干制品宜用「干重」,口径词统一（需字典补「干重」）
设计器草稿,秋葵藜麦米牛肉鸡胸,生葵花籽仁,坚果种子类,FOOD,DRIED,干,生重、打碎、充分搅拌,1,低,C1b 干制品口径词不规范,干制品宜用「干重」,口径词统一（需字典补「干重」）
设计器草稿,秋葵藜麦米牛肉鸡胸,小麦胚芽油,油脂类,FOOD,OIL,油脂,生重、充分搅拌,1,低,C1 冗余口径词（油/粉/补剂）,这类食材不因加热改变重量，口径词无意义（可安全删除）,删掉生重/熟重，保留处理步骤
设计器草稿,秋葵藜麦米牛肉鸡胸,小麦胚芽油,油脂类,FOOD,OIL,油脂,生重、充分搅拌,1,低,C1 冗余口径词（油/粉/补剂）,这类食材不因加热改变重量，口径词无意义（可安全删除）,删掉生重/熟重，保留处理步骤
设计器草稿,秋葵藜麦米牛肉鸡胸,食用盐,调味品类,FOOD,DRIED,干,生重、充分搅拌,1,低,C1b 干制品口径词不规范,干制品宜用「干重」,口径词统一（需字典补「干重」）
设计器草稿,秋葵藜麦米牛肉鸡胸,食用盐,调味品类,FOOD,DRIED,干,生重、充分搅拌,1,低,C1b 干制品口径词不规范,干制品宜用「干重」,口径词统一（需字典补「干重」）
设计器草稿,秋葵藜麦米牛肉鸡胸,蛋氨酸锌(含铜),,SUPPLEMENT,CONCENTRATE,浓缩补剂,充分搅拌,1,低,E2 原料分类缺失,原料没有分类，前台展示与统计会缺项,补分类
设计器草稿,秋葵藜麦米牛肉鸡胸,蛋氨酸锌(含铜),,SUPPLEMENT,CONCENTRATE,浓缩补剂,充分搅拌,1,低,E2 原料分类缺失,原料没有分类，前台展示与统计会缺项,补分类
设计器草稿,秋葵藜麦米牛肉鸡胸,碘钾片,乳类及制品,SUPPLEMENT,CONCENTRATE,浓缩补剂,(空),1,低,B3b 补剂/油/粉空文案,补剂/油/粉无生熟概念，按剂量称取即可，空文案影响小,批量套用「直接称取」模板
设计器草稿,秋葵藜麦米牛肉鸡胸,碘钾片,乳类及制品,SUPPLEMENT,CONCENTRATE,浓缩补剂,(空),1,低,B3b 补剂/油/粉空文案,补剂/油/粉无生熟概念，按剂量称取即可，空文案影响小,批量套用「直接称取」模板
设计器草稿,糙米三文鱼牛肉（敢敢）,火麻籽,坚果种子类,FOOD,DRIED,干,生重、打碎、充分搅拌,1,低,C1b 干制品口径词不规范,干制品宜用「干重」,口径词统一（需字典补「干重」）
设计器草稿,糙米三文鱼牛肉（敢敢）,火麻籽,坚果种子类,FOOD,DRIED,干,生重、打碎、充分搅拌,1,低,C1b 干制品口径词不规范,干制品宜用「干重」,口径词统一（需字典补「干重」）
设计器草稿,糙米三文鱼牛肉（敢敢）,火麻籽,坚果种子类,FOOD,DRIED,干,生重、打碎、充分搅拌,1,低,C1b 干制品口径词不规范,干制品宜用「干重」,口径词统一（需字典补「干重」）
设计器草稿,糙米三文鱼牛肉（敢敢）,火麻籽,坚果种子类,FOOD,DRIED,干,生重、打碎、充分搅拌,1,低,C1b 干制品口径词不规范,干制品宜用「干重」,口径词统一（需字典补「干重」）
设计器草稿,糙米三文鱼牛肉（敢敢）,火麻籽,坚果种子类,FOOD,DRIED,干,生重、打碎、充分搅拌,1,低,C1b 干制品口径词不规范,干制品宜用「干重」,口径词统一（需字典补「干重」）
设计器草稿,糙米三文鱼牛肉（敢敢）,火麻籽,坚果种子类,FOOD,DRIED,干,生重、打碎、充分搅拌,1,低,C1b 干制品口径词不规范,干制品宜用「干重」,口径词统一（需字典补「干重」）
设计器草稿,糙米三文鱼猪里脊(烟花),火麻籽,坚果种子类,FOOD,DRIED,干,生重、打碎、充分搅拌,1,低,C1b 干制品口径词不规范,干制品宜用「干重」,口径词统一（需字典补「干重」）
设计器草稿,糙米三文鱼猪里脊(烟花),火麻籽,坚果种子类,FOOD,DRIED,干,生重、打碎、充分搅拌,1,低,C1b 干制品口径词不规范,干制品宜用「干重」,口径词统一（需字典补「干重」）
设计器草稿,糙米三文鱼猪里脊(烟花),火麻籽,坚果种子类,FOOD,DRIED,干,生重、打碎、充分搅拌,1,低,C1b 干制品口径词不规范,干制品宜用「干重」,口径词统一（需字典补「干重」）
设计器草稿,糙米三文鱼猪里脊(烟花),火麻籽,坚果种子类,FOOD,DRIED,干,生重、打碎、充分搅拌,1,低,C1b 干制品口径词不规范,干制品宜用「干重」,口径词统一（需字典补「干重」）
设计器草稿,糙米三文鱼猪里脊(烟花),食用盐,调味品类,FOOD,DRIED,干,生重、充分搅拌,1,低,C1b 干制品口径词不规范,干制品宜用「干重」,口径词统一（需字典补「干重」）
设计器草稿,糙米三文鱼猪里脊(烟花),食用盐,调味品类,FOOD,DRIED,干,生重、充分搅拌,1,低,C1b 干制品口径词不规范,干制品宜用「干重」,口径词统一（需字典补「干重」）
设计器草稿,糙米三文鱼猪里脊(烟花),食用盐,调味品类,FOOD,DRIED,干,生重、充分搅拌,1,低,C1b 干制品口径词不规范,干制品宜用「干重」,口径词统一（需字典补「干重」）
设计器草稿,糙米三文鱼猪里脊(烟花),食用盐,调味品类,FOOD,DRIED,干,生重、充分搅拌,1,低,C1b 干制品口径词不规范,干制品宜用「干重」,口径词统一（需字典补「干重」）
设计器草稿,糙米三文鱼猪里脊(烟花),小麦胚芽油,油脂类,FOOD,OIL,油脂,生重、充分搅拌,1,低,C1 冗余口径词（油/粉/补剂）,这类食材不因加热改变重量，口径词无意义（可安全删除）,删掉生重/熟重，保留处理步骤
设计器草稿,糙米三文鱼猪里脊(烟花),小麦胚芽油,油脂类,FOOD,OIL,油脂,生重、充分搅拌,1,低,C1 冗余口径词（油/粉/补剂）,这类食材不因加热改变重量，口径词无意义（可安全删除）,删掉生重/熟重，保留处理步骤
设计器草稿,糙米三文鱼猪里脊(烟花),小麦胚芽油,油脂类,FOOD,OIL,油脂,生重、充分搅拌,1,低,C1 冗余口径词（油/粉/补剂）,这类食材不因加热改变重量，口径词无意义（可安全删除）,删掉生重/熟重，保留处理步骤
设计器草稿,糙米三文鱼猪里脊(烟花),小麦胚芽油,油脂类,FOOD,OIL,油脂,生重、充分搅拌,1,低,C1 冗余口径词（油/粉/补剂）,这类食材不因加热改变重量，口径词无意义（可安全删除）,删掉生重/熟重，保留处理步骤
设计器草稿,糙米三文鱼猪里脊(烟花),蛋氨酸锌(含铜),,SUPPLEMENT,CONCENTRATE,浓缩补剂,充分搅拌,1,低,E2 原料分类缺失,原料没有分类，前台展示与统计会缺项,补分类
设计器草稿,糙米三文鱼猪里脊(烟花),蛋氨酸锌(含铜),,SUPPLEMENT,CONCENTRATE,浓缩补剂,充分搅拌,1,低,E2 原料分类缺失,原料没有分类，前台展示与统计会缺项,补分类
设计器草稿,糙米三文鱼猪里脊(烟花),蛋氨酸锌(含铜),,SUPPLEMENT,CONCENTRATE,浓缩补剂,充分搅拌,1,低,E2 原料分类缺失,原料没有分类，前台展示与统计会缺项,补分类
设计器草稿,糙米三文鱼猪里脊(烟花),蛋氨酸锌(含铜),,SUPPLEMENT,CONCENTRATE,浓缩补剂,充分搅拌,1,低,E2 原料分类缺失,原料没有分类，前台展示与统计会缺项,补分类
设计器草稿,糙米三文鱼鸭肉,小麦胚芽油,油脂类,FOOD,OIL,油脂,生重、充分搅拌,1,低,C1 冗余口径词（油/粉/补剂）,这类食材不因加热改变重量，口径词无意义（可安全删除）,删掉生重/熟重，保留处理步骤
设计器草稿,糙米南瓜牛肉,生葵花籽仁,坚果种子类,FOOD,DRIED,干,生重、打碎、充分搅拌,1,低,C1b 干制品口径词不规范,干制品宜用「干重」,口径词统一（需字典补「干重」）
设计器草稿,糙米南瓜牛肉,生葵花籽仁,坚果种子类,FOOD,DRIED,干,生重、打碎、充分搅拌,1,低,C1b 干制品口径词不规范,干制品宜用「干重」,口径词统一（需字典补「干重」）
设计器草稿,糙米南瓜牛肉,生葵花籽仁,坚果种子类,FOOD,DRIED,干,生重、打碎、充分搅拌,1,低,C1b 干制品口径词不规范,干制品宜用「干重」,口径词统一（需字典补「干重」）
设计器草稿,糙米南瓜牛肉,生葵花籽仁,坚果种子类,FOOD,DRIED,干,生重、打碎、充分搅拌,1,低,C1b 干制品口径词不规范,干制品宜用「干重」,口径词统一（需字典补「干重」）
设计器草稿,糙米南瓜牛肉,生葵花籽仁,坚果种子类,FOOD,DRIED,干,生重、打碎、充分搅拌,1,低,C1b 干制品口径词不规范,干制品宜用「干重」,口径词统一（需字典补「干重」）
设计器草稿,糙米红薯青花鱼牛肉,生南瓜籽仁,坚果种子类,FOOD,DRIED,干,生重、打碎、充分搅拌,1,低,C1b 干制品口径词不规范,干制品宜用「干重」,口径词统一（需字典补「干重」）
设计器草稿,糙米红薯青花鱼牛肉,生南瓜籽仁,坚果种子类,FOOD,DRIED,干,生重、打碎、充分搅拌,1,低,C1b 干制品口径词不规范,干制品宜用「干重」,口径词统一（需字典补「干重」）
设计器草稿,糙米红薯青花鱼牛肉,生南瓜籽仁,坚果种子类,FOOD,DRIED,干,生重、打碎、充分搅拌,1,低,C1b 干制品口径词不规范,干制品宜用「干重」,口径词统一（需字典补「干重」）
设计器草稿,糙米红薯青花鱼牛肉,生南瓜籽仁,坚果种子类,FOOD,DRIED,干,生重、打碎、充分搅拌,1,低,C1b 干制品口径词不规范,干制品宜用「干重」,口径词统一（需字典补「干重」）
设计器草稿,糙米红薯青花鱼牛肉,生南瓜籽仁,坚果种子类,FOOD,DRIED,干,生重、打碎、充分搅拌,1,低,C1b 干制品口径词不规范,干制品宜用「干重」,口径词统一（需字典补「干重」）
设计器草稿,糙米西葫芦牛肉,燕麦,谷类及制品,FOOD,DRIED,干,生重、打粉、充分搅拌,1,低,C1b 干制品口径词不规范,干制品宜用「干重」,口径词统一（需字典补「干重」）
设计器草稿,糙米西葫芦牛肉,燕麦,谷类及制品,FOOD,DRIED,干,生重、打粉、充分搅拌,1,低,C1b 干制品口径词不规范,干制品宜用「干重」,口径词统一（需字典补「干重」）
设计器草稿,糙米西葫芦牛肉,燕麦,谷类及制品,FOOD,DRIED,干,生重、打粉、充分搅拌,1,低,C1b 干制品口径词不规范,干制品宜用「干重」,口径词统一（需字典补「干重」）
设计器草稿,糙米西葫芦牛肉,燕麦,谷类及制品,FOOD,DRIED,干,生重、打粉、充分搅拌,1,低,C1b 干制品口径词不规范,干制品宜用「干重」,口径词统一（需字典补「干重」）
设计器草稿,糙米西葫芦牛肉,燕麦,谷类及制品,FOOD,DRIED,干,生重、打粉、充分搅拌,1,低,C1b 干制品口径词不规范,干制品宜用「干重」,口径词统一（需字典补「干重」）
设计器草稿,糙米西葫芦牛肉,巴西坚果,坚果种子类,FOOD,DRIED,干,生重、打碎、充分搅拌,1,低,C1b 干制品口径词不规范,干制品宜用「干重」,口径词统一（需字典补「干重」）
设计器草稿,糙米西葫芦牛肉,巴西坚果,坚果种子类,FOOD,DRIED,干,生重、打碎、充分搅拌,1,低,C1b 干制品口径词不规范,干制品宜用「干重」,口径词统一（需字典补「干重」）
设计器草稿,糙米西葫芦牛肉,巴西坚果,坚果种子类,FOOD,DRIED,干,生重、打碎、充分搅拌,1,低,C1b 干制品口径词不规范,干制品宜用「干重」,口径词统一（需字典补「干重」）
设计器草稿,糙米西葫芦牛肉,巴西坚果,坚果种子类,FOOD,DRIED,干,生重、打碎、充分搅拌,1,低,C1b 干制品口径词不规范,干制品宜用「干重」,口径词统一（需字典补「干重」）
设计器草稿,糙米西葫芦牛肉,巴西坚果,坚果种子类,FOOD,DRIED,干,生重、打碎、充分搅拌,1,低,C1b 干制品口径词不规范,干制品宜用「干重」,口径词统一（需字典补「干重」）
设计器草稿,糙米西葫芦牛肉,小麦胚芽油,油脂类,FOOD,OIL,油脂,生重、充分搅拌,1,低,C1 冗余口径词（油/粉/补剂）,这类食材不因加热改变重量，口径词无意义（可安全删除）,删掉生重/熟重，保留处理步骤
设计器草稿,糙米西葫芦牛肉,小麦胚芽油,油脂类,FOOD,OIL,油脂,生重、充分搅拌,1,低,C1 冗余口径词（油/粉/补剂）,这类食材不因加热改变重量，口径词无意义（可安全删除）,删掉生重/熟重，保留处理步骤
设计器草稿,糙米西葫芦牛肉,小麦胚芽油,油脂类,FOOD,OIL,油脂,生重、充分搅拌,1,低,C1 冗余口径词（油/粉/补剂）,这类食材不因加热改变重量，口径词无意义（可安全删除）,删掉生重/熟重，保留处理步骤
设计器草稿,糙米西葫芦牛肉,小麦胚芽油,油脂类,FOOD,OIL,油脂,生重、充分搅拌,1,低,C1 冗余口径词（油/粉/补剂）,这类食材不因加热改变重量，口径词无意义（可安全删除）,删掉生重/熟重，保留处理步骤
设计器草稿,糙米西葫芦牛肉,小麦胚芽油,油脂类,FOOD,OIL,油脂,生重、充分搅拌,1,低,C1 冗余口径词（油/粉/补剂）,这类食材不因加热改变重量，口径词无意义（可安全删除）,删掉生重/熟重，保留处理步骤
设计器草稿,糙米西葫芦牛肉,食用盐,调味品类,FOOD,DRIED,干,生重、充分搅拌,1,低,C1b 干制品口径词不规范,干制品宜用「干重」,口径词统一（需字典补「干重」）
设计器草稿,糙米西葫芦牛肉,食用盐,调味品类,FOOD,DRIED,干,生重、充分搅拌,1,低,C1b 干制品口径词不规范,干制品宜用「干重」,口径词统一（需字典补「干重」）
设计器草稿,糙米西葫芦牛肉,食用盐,调味品类,FOOD,DRIED,干,生重、充分搅拌,1,低,C1b 干制品口径词不规范,干制品宜用「干重」,口径词统一（需字典补「干重」）
设计器草稿,糙米西葫芦牛肉,食用盐,调味品类,FOOD,DRIED,干,生重、充分搅拌,1,低,C1b 干制品口径词不规范,干制品宜用「干重」,口径词统一（需字典补「干重」）
设计器草稿,糙米西葫芦牛肉,食用盐,调味品类,FOOD,DRIED,干,生重、充分搅拌,1,低,C1b 干制品口径词不规范,干制品宜用「干重」,口径词统一（需字典补「干重」）
设计器草稿,糙米西葫芦牛肉,碳酸钙粉,乳类及制品,SUPPLEMENT,CONCENTRATE,浓缩补剂,生重、充分搅拌,1,低,C1 冗余口径词（油/粉/补剂）,这类食材不因加热改变重量，口径词无意义（可安全删除）,删掉生重/熟重，保留处理步骤
设计器草稿,糙米西葫芦牛肉,碳酸钙粉,乳类及制品,SUPPLEMENT,CONCENTRATE,浓缩补剂,生重、充分搅拌,1,低,C1 冗余口径词（油/粉/补剂）,这类食材不因加热改变重量，口径词无意义（可安全删除）,删掉生重/熟重，保留处理步骤
设计器草稿,糙米西葫芦牛肉,碳酸钙粉,乳类及制品,SUPPLEMENT,CONCENTRATE,浓缩补剂,生重、充分搅拌,1,低,C1 冗余口径词（油/粉/补剂）,这类食材不因加热改变重量，口径词无意义（可安全删除）,删掉生重/熟重，保留处理步骤
设计器草稿,糙米西葫芦牛肉,碳酸钙粉,乳类及制品,SUPPLEMENT,CONCENTRATE,浓缩补剂,生重、充分搅拌,1,低,C1 冗余口径词（油/粉/补剂）,这类食材不因加热改变重量，口径词无意义（可安全删除）,删掉生重/熟重，保留处理步骤
设计器草稿,糙米西葫芦牛肉,碳酸钙粉,乳类及制品,SUPPLEMENT,CONCENTRATE,浓缩补剂,生重、充分搅拌,1,低,C1 冗余口径词（油/粉/补剂）,这类食材不因加热改变重量，口径词无意义（可安全删除）,删掉生重/熟重，保留处理步骤
设计器草稿,糙米青口贝青花鱼牛肉,生南瓜籽仁,坚果种子类,FOOD,DRIED,干,生重、打碎、充分搅拌,1,低,C1b 干制品口径词不规范,干制品宜用「干重」,口径词统一（需字典补「干重」）
设计器草稿,糙米青口贝青花鱼牛肉,生南瓜籽仁,坚果种子类,FOOD,DRIED,干,生重、打碎、充分搅拌,1,低,C1b 干制品口径词不规范,干制品宜用「干重」,口径词统一（需字典补「干重」）
设计器草稿,糙米青口贝青花鱼牛肉,生南瓜籽仁,坚果种子类,FOOD,DRIED,干,生重、打碎、充分搅拌,1,低,C1b 干制品口径词不规范,干制品宜用「干重」,口径词统一（需字典补「干重」）
设计器草稿,糙米青口贝青花鱼牛肉,生南瓜籽仁,坚果种子类,FOOD,DRIED,干,生重、打碎、充分搅拌,1,低,C1b 干制品口径词不规范,干制品宜用「干重」,口径词统一（需字典补「干重」）
设计器草稿,糙米青口贝青花鱼牛肉,生南瓜籽仁,坚果种子类,FOOD,DRIED,干,生重、打碎、充分搅拌,1,低,C1b 干制品口径词不规范,干制品宜用「干重」,口径词统一（需字典补「干重」）
设计器草稿,糙米鸡蛋牛肉,生南瓜籽仁,坚果种子类,FOOD,DRIED,干,生重、打碎、充分搅拌,1,低,C1b 干制品口径词不规范,干制品宜用「干重」,口径词统一（需字典补「干重」）
设计器草稿,糙米鸡蛋牛肉,生南瓜籽仁,坚果种子类,FOOD,DRIED,干,生重、打碎、充分搅拌,1,低,C1b 干制品口径词不规范,干制品宜用「干重」,口径词统一（需字典补「干重」）
设计器草稿,糙米鸡蛋牛肉,生南瓜籽仁,坚果种子类,FOOD,DRIED,干,生重、打碎、充分搅拌,1,低,C1b 干制品口径词不规范,干制品宜用「干重」,口径词统一（需字典补「干重」）
设计器草稿,糙米鸡蛋牛肉,生南瓜籽仁,坚果种子类,FOOD,DRIED,干,生重、打碎、充分搅拌,1,低,C1b 干制品口径词不规范,干制品宜用「干重」,口径词统一（需字典补「干重」）
设计器草稿,糙米鸡蛋牛肉,生南瓜籽仁,坚果种子类,FOOD,DRIED,干,生重、打碎、充分搅拌,1,低,C1b 干制品口径词不规范,干制品宜用「干重」,口径词统一（需字典补「干重」）
设计器草稿,糙米鸡蛋牛肉,生南瓜籽仁,坚果种子类,FOOD,DRIED,干,生重、打碎、充分搅拌,1,低,C1b 干制品口径词不规范,干制品宜用「干重」,口径词统一（需字典补「干重」）
设计器草稿,红薯三文鱼鸡胸,燕麦,谷类及制品,FOOD,DRIED,干,生重、打碎、充分搅拌,1,低,C1b 干制品口径词不规范,干制品宜用「干重」,口径词统一（需字典补「干重」）
设计器草稿,红薯三文鱼鸡胸,燕麦,谷类及制品,FOOD,DRIED,干,生重、打碎、充分搅拌,1,低,C1b 干制品口径词不规范,干制品宜用「干重」,口径词统一（需字典补「干重」）
设计器草稿,红薯三文鱼鸡胸,燕麦,谷类及制品,FOOD,DRIED,干,生重、打碎、充分搅拌,1,低,C1b 干制品口径词不规范,干制品宜用「干重」,口径词统一（需字典补「干重」）
设计器草稿,红薯三文鱼鸡胸,燕麦,谷类及制品,FOOD,DRIED,干,生重、打碎、充分搅拌,1,低,C1b 干制品口径词不规范,干制品宜用「干重」,口径词统一（需字典补「干重」）
设计器草稿,红薯三文鱼鸡胸,燕麦,谷类及制品,FOOD,DRIED,干,生重、打碎、充分搅拌,1,低,C1b 干制品口径词不规范,干制品宜用「干重」,口径词统一（需字典补「干重」）
设计器草稿,红薯三文鱼鸡胸,小麦胚芽油,油脂类,FOOD,OIL,油脂,生重、充分搅拌,1,低,C1 冗余口径词（油/粉/补剂）,这类食材不因加热改变重量，口径词无意义（可安全删除）,删掉生重/熟重，保留处理步骤
设计器草稿,红薯三文鱼鸡胸,小麦胚芽油,油脂类,FOOD,OIL,油脂,生重、充分搅拌,1,低,C1 冗余口径词（油/粉/补剂）,这类食材不因加热改变重量，口径词无意义（可安全删除）,删掉生重/熟重，保留处理步骤
设计器草稿,红薯三文鱼鸡胸,小麦胚芽油,油脂类,FOOD,OIL,油脂,生重、充分搅拌,1,低,C1 冗余口径词（油/粉/补剂）,这类食材不因加热改变重量，口径词无意义（可安全删除）,删掉生重/熟重，保留处理步骤
设计器草稿,红薯三文鱼鸡胸,小麦胚芽油,油脂类,FOOD,OIL,油脂,生重、充分搅拌,1,低,C1 冗余口径词（油/粉/补剂）,这类食材不因加热改变重量，口径词无意义（可安全删除）,删掉生重/熟重，保留处理步骤
设计器草稿,红薯三文鱼鸡胸,小麦胚芽油,油脂类,FOOD,OIL,油脂,生重、充分搅拌,1,低,C1 冗余口径词（油/粉/补剂）,这类食材不因加热改变重量，口径词无意义（可安全删除）,删掉生重/熟重，保留处理步骤
设计器草稿,红薯三文鱼鸡胸 修订,燕麦,谷类及制品,FOOD,DRIED,干,生重、打碎、充分搅拌,1,低,C1b 干制品口径词不规范,干制品宜用「干重」,口径词统一（需字典补「干重」）
设计器草稿,红薯三文鱼鸡胸 修订,小麦胚芽油,油脂类,FOOD,OIL,油脂,生重、充分搅拌,1,低,C1 冗余口径词（油/粉/补剂）,这类食材不因加热改变重量，口径词无意义（可安全删除）,删掉生重/熟重，保留处理步骤
设计器草稿,红薯鳕鱼鸭胸,火麻籽,坚果种子类,FOOD,DRIED,干,生重、打碎、充分搅拌,1,低,C1b 干制品口径词不规范,干制品宜用「干重」,口径词统一（需字典补「干重」）
设计器草稿,红薯鳕鱼鸭胸,火麻籽,坚果种子类,FOOD,DRIED,干,生重、打碎、充分搅拌,1,低,C1b 干制品口径词不规范,干制品宜用「干重」,口径词统一（需字典补「干重」）
设计器草稿,红薯鳕鱼鸭胸,氨基酸螯合铜,,SUPPLEMENT,CONCENTRATE,浓缩补剂,(空),2,低,E2 原料分类缺失 + B3b 补剂/油/粉空文案,原料没有分类，前台展示与统计会缺项；补剂/油/粉无生熟概念，按剂量称取即可，空文案影响小,补分类；批量套用「直接称取」模板
设计器草稿,红薯鳕鱼鸭胸,氨基酸螯合铜,,SUPPLEMENT,CONCENTRATE,浓缩补剂,(空),2,低,E2 原料分类缺失 + B3b 补剂/油/粉空文案,原料没有分类，前台展示与统计会缺项；补剂/油/粉无生熟概念，按剂量称取即可，空文案影响小,补分类；批量套用「直接称取」模板
设计器草稿,紫薯 辅食,白芝麻,坚果种子类,FOOD,DRIED,干,生重、充分搅拌,1,低,C1b 干制品口径词不规范,干制品宜用「干重」,口径词统一（需字典补「干重」）
设计器草稿,紫薯 辅食,柠檬酸钙粉,乳类及制品,SUPPLEMENT,POWDER,粉末,(空),1,低,B3b 补剂/油/粉空文案,补剂/油/粉无生熟概念，按剂量称取即可，空文案影响小,批量套用「直接称取」模板
设计器草稿,紫薯 辅食,氨基酸螯合铜,,SUPPLEMENT,CONCENTRATE,浓缩补剂,(空),2,低,E2 原料分类缺失 + B3b 补剂/油/粉空文案,原料没有分类，前台展示与统计会缺项；补剂/油/粉无生熟概念，按剂量称取即可，空文案影响小,补分类；批量套用「直接称取」模板
设计器草稿,紫薯黑米猪里脊,生葵花籽仁,坚果种子类,FOOD,DRIED,干,生重、打碎、充分搅拌,1,低,C1b 干制品口径词不规范,干制品宜用「干重」,口径词统一（需字典补「干重」）
设计器草稿,紫薯黑米猪里脊,生葵花籽仁,坚果种子类,FOOD,DRIED,干,生重、打碎、充分搅拌,1,低,C1b 干制品口径词不规范,干制品宜用「干重」,口径词统一（需字典补「干重」）
设计器草稿,羊肚菌芦笋糙米牛肉,生葵花籽仁,坚果种子类,FOOD,DRIED,干,生重、打碎、充分搅拌,1,低,C1b 干制品口径词不规范,干制品宜用「干重」,口径词统一（需字典补「干重」）
设计器草稿,羊肚菌芦笋糙米牛肉,生葵花籽仁,坚果种子类,FOOD,DRIED,干,生重、打碎、充分搅拌,1,低,C1b 干制品口径词不规范,干制品宜用「干重」,口径词统一（需字典补「干重」）
设计器草稿,羊肚菌芦笋糙米牛肉,生葵花籽仁,坚果种子类,FOOD,DRIED,干,生重、打碎、充分搅拌,1,低,C1b 干制品口径词不规范,干制品宜用「干重」,口径词统一（需字典补「干重」）
设计器草稿,羊肚菌芦笋糙米牛肉,生葵花籽仁,坚果种子类,FOOD,DRIED,干,生重、打碎、充分搅拌,1,低,C1b 干制品口径词不规范,干制品宜用「干重」,口径词统一（需字典补「干重」）
设计器草稿,羊肚菌芦笋糙米牛肉,生葵花籽仁,坚果种子类,FOOD,DRIED,干,生重、打碎、充分搅拌,1,低,C1b 干制品口径词不规范,干制品宜用「干重」,口径词统一（需字典补「干重」）
设计器草稿,羊肚菌芦笋糙米牛肉,巴西坚果,坚果种子类,FOOD,DRIED,干,生重、打碎、充分搅拌,1,低,C1b 干制品口径词不规范,干制品宜用「干重」,口径词统一（需字典补「干重」）
设计器草稿,羊肚菌芦笋糙米牛肉,巴西坚果,坚果种子类,FOOD,DRIED,干,生重、打碎、充分搅拌,1,低,C1b 干制品口径词不规范,干制品宜用「干重」,口径词统一（需字典补「干重」）
设计器草稿,羊肚菌芦笋糙米牛肉,巴西坚果,坚果种子类,FOOD,DRIED,干,生重、打碎、充分搅拌,1,低,C1b 干制品口径词不规范,干制品宜用「干重」,口径词统一（需字典补「干重」）
设计器草稿,羊肚菌芦笋糙米牛肉,巴西坚果,坚果种子类,FOOD,DRIED,干,生重、打碎、充分搅拌,1,低,C1b 干制品口径词不规范,干制品宜用「干重」,口径词统一（需字典补「干重」）
设计器草稿,羊肚菌芦笋糙米牛肉,巴西坚果,坚果种子类,FOOD,DRIED,干,生重、打碎、充分搅拌,1,低,C1b 干制品口径词不规范,干制品宜用「干重」,口径词统一（需字典补「干重」）
设计器草稿,羊肚菌芦笋糙米牛肉,小麦胚芽油,油脂类,FOOD,OIL,油脂,生重、充分搅拌,1,低,C1 冗余口径词（油/粉/补剂）,这类食材不因加热改变重量，口径词无意义（可安全删除）,删掉生重/熟重，保留处理步骤
设计器草稿,羊肚菌芦笋糙米牛肉,小麦胚芽油,油脂类,FOOD,OIL,油脂,生重、充分搅拌,1,低,C1 冗余口径词（油/粉/补剂）,这类食材不因加热改变重量，口径词无意义（可安全删除）,删掉生重/熟重，保留处理步骤
设计器草稿,羊肚菌芦笋糙米牛肉,小麦胚芽油,油脂类,FOOD,OIL,油脂,生重、充分搅拌,1,低,C1 冗余口径词（油/粉/补剂）,这类食材不因加热改变重量，口径词无意义（可安全删除）,删掉生重/熟重，保留处理步骤
设计器草稿,羊肚菌芦笋糙米牛肉,小麦胚芽油,油脂类,FOOD,OIL,油脂,生重、充分搅拌,1,低,C1 冗余口径词（油/粉/补剂）,这类食材不因加热改变重量，口径词无意义（可安全删除）,删掉生重/熟重，保留处理步骤
设计器草稿,羊肚菌芦笋糙米牛肉,小麦胚芽油,油脂类,FOOD,OIL,油脂,生重、充分搅拌,1,低,C1 冗余口径词（油/粉/补剂）,这类食材不因加热改变重量，口径词无意义（可安全删除）,删掉生重/熟重，保留处理步骤
设计器草稿,芋头燕麦火鸡胸,燕麦,谷类及制品,FOOD,DRIED,干,生重、打碎、充分搅拌,1,低,C1b 干制品口径词不规范,干制品宜用「干重」,口径词统一（需字典补「干重」）
设计器草稿,芋头燕麦火鸡胸,燕麦,谷类及制品,FOOD,DRIED,干,生重、打碎、充分搅拌,1,低,C1b 干制品口径词不规范,干制品宜用「干重」,口径词统一（需字典补「干重」）
设计器草稿,芋头燕麦火鸡胸,燕麦,谷类及制品,FOOD,DRIED,干,生重、打碎、充分搅拌,1,低,C1b 干制品口径词不规范,干制品宜用「干重」,口径词统一（需字典补「干重」）
设计器草稿,芋头燕麦火鸡胸,燕麦,谷类及制品,FOOD,DRIED,干,生重、打碎、充分搅拌,1,低,C1b 干制品口径词不规范,干制品宜用「干重」,口径词统一（需字典补「干重」）
设计器草稿,芋头燕麦火鸡胸,燕麦,谷类及制品,FOOD,DRIED,干,生重、打碎、充分搅拌,1,低,C1b 干制品口径词不规范,干制品宜用「干重」,口径词统一（需字典补「干重」）
设计器草稿,花卷 的鲜食食谱 06/27,海带片,乳类及制品,SUPPLEMENT,CONCENTRATE,浓缩补剂,(空),1,低,B3b 补剂/油/粉空文案,补剂/油/粉无生熟概念，按剂量称取即可，空文案影响小,批量套用「直接称取」模板
设计器草稿,花椰菜糙米鸭肉,火麻籽,坚果种子类,FOOD,DRIED,干,生重、打碎、充分搅拌,1,低,C1b 干制品口径词不规范,干制品宜用「干重」,口径词统一（需字典补「干重」）
设计器草稿,花椰菜糙米鸭肉,火麻籽,坚果种子类,FOOD,DRIED,干,生重、打碎、充分搅拌,1,低,C1b 干制品口径词不规范,干制品宜用「干重」,口径词统一（需字典补「干重」）
设计器草稿,花椰菜糙米鸭肉,火麻籽,坚果种子类,FOOD,DRIED,干,生重、打碎、充分搅拌,1,低,C1b 干制品口径词不规范,干制品宜用「干重」,口径词统一（需字典补「干重」）
设计器草稿,萝卜绿豆鸭胸猪里脊,巴旦木,坚果种子类,FOOD,DRIED,干,生重、打碎、充分搅拌,1,低,C1b 干制品口径词不规范,干制品宜用「干重」,口径词统一（需字典补「干重」）
设计器草稿,萝卜绿豆鸭胸猪里脊,巴旦木,坚果种子类,FOOD,DRIED,干,生重、打碎、充分搅拌,1,低,C1b 干制品口径词不规范,干制品宜用「干重」,口径词统一（需字典补「干重」）
设计器草稿,萝卜绿豆鸭胸猪里脊,巴旦木,坚果种子类,FOOD,DRIED,干,生重、打碎、充分搅拌,1,低,C1b 干制品口径词不规范,干制品宜用「干重」,口径词统一（需字典补「干重」）
设计器草稿,萝卜绿豆鸭胸猪里脊,巴旦木,坚果种子类,FOOD,DRIED,干,生重、打碎、充分搅拌,1,低,C1b 干制品口径词不规范,干制品宜用「干重」,口径词统一（需字典补「干重」）
设计器草稿,萝卜绿豆鸭胸猪里脊,巴旦木,坚果种子类,FOOD,DRIED,干,生重、打碎、充分搅拌,1,低,C1b 干制品口径词不规范,干制品宜用「干重」,口径词统一（需字典补「干重」）
设计器草稿,萝卜绿豆鸭胸猪里脊,白芝麻,坚果种子类,FOOD,DRIED,干,生重、充分搅拌,1,低,C1b 干制品口径词不规范,干制品宜用「干重」,口径词统一（需字典补「干重」）
设计器草稿,萝卜绿豆鸭胸猪里脊,白芝麻,坚果种子类,FOOD,DRIED,干,生重、充分搅拌,1,低,C1b 干制品口径词不规范,干制品宜用「干重」,口径词统一（需字典补「干重」）
设计器草稿,萝卜绿豆鸭胸猪里脊,白芝麻,坚果种子类,FOOD,DRIED,干,生重、充分搅拌,1,低,C1b 干制品口径词不规范,干制品宜用「干重」,口径词统一（需字典补「干重」）
设计器草稿,萝卜绿豆鸭胸猪里脊,白芝麻,坚果种子类,FOOD,DRIED,干,生重、充分搅拌,1,低,C1b 干制品口径词不规范,干制品宜用「干重」,口径词统一（需字典补「干重」）
设计器草稿,萝卜绿豆鸭胸猪里脊,白芝麻,坚果种子类,FOOD,DRIED,干,生重、充分搅拌,1,低,C1b 干制品口径词不规范,干制品宜用「干重」,口径词统一（需字典补「干重」）
设计器草稿,萝卜绿豆鸭胸猪里脊,鸡蛋壳粉,乳类及制品,SUPPLEMENT,CONCENTRATE,浓缩补剂,(空),1,低,B3b 补剂/油/粉空文案,补剂/油/粉无生熟概念，按剂量称取即可，空文案影响小,批量套用「直接称取」模板
设计器草稿,萝卜绿豆鸭胸猪里脊,鸡蛋壳粉,乳类及制品,SUPPLEMENT,CONCENTRATE,浓缩补剂,(空),1,低,B3b 补剂/油/粉空文案,补剂/油/粉无生熟概念，按剂量称取即可，空文案影响小,批量套用「直接称取」模板
设计器草稿,萝卜绿豆鸭胸猪里脊,鸡蛋壳粉,乳类及制品,SUPPLEMENT,CONCENTRATE,浓缩补剂,(空),1,低,B3b 补剂/油/粉空文案,补剂/油/粉无生熟概念，按剂量称取即可，空文案影响小,批量套用「直接称取」模板
设计器草稿,萝卜绿豆鸭胸猪里脊,鸡蛋壳粉,乳类及制品,SUPPLEMENT,CONCENTRATE,浓缩补剂,(空),1,低,B3b 补剂/油/粉空文案,补剂/油/粉无生熟概念，按剂量称取即可，空文案影响小,批量套用「直接称取」模板
设计器草稿,萝卜绿豆鸭胸猪里脊,鸡蛋壳粉,乳类及制品,SUPPLEMENT,CONCENTRATE,浓缩补剂,(空),1,低,B3b 补剂/油/粉空文案,补剂/油/粉无生熟概念，按剂量称取即可，空文案影响小,批量套用「直接称取」模板
设计器草稿,萝卜绿豆鸭胸猪里脊,海藻粉,乳类及制品,SUPPLEMENT,CONCENTRATE,浓缩补剂,(空),1,低,B3b 补剂/油/粉空文案,补剂/油/粉无生熟概念，按剂量称取即可，空文案影响小,批量套用「直接称取」模板
设计器草稿,萝卜绿豆鸭胸猪里脊,海藻粉,乳类及制品,SUPPLEMENT,CONCENTRATE,浓缩补剂,(空),1,低,B3b 补剂/油/粉空文案,补剂/油/粉无生熟概念，按剂量称取即可，空文案影响小,批量套用「直接称取」模板
设计器草稿,萝卜绿豆鸭胸猪里脊,海藻粉,乳类及制品,SUPPLEMENT,CONCENTRATE,浓缩补剂,(空),1,低,B3b 补剂/油/粉空文案,补剂/油/粉无生熟概念，按剂量称取即可，空文案影响小,批量套用「直接称取」模板
设计器草稿,萝卜绿豆鸭胸猪里脊,海藻粉,乳类及制品,SUPPLEMENT,CONCENTRATE,浓缩补剂,(空),1,低,B3b 补剂/油/粉空文案,补剂/油/粉无生熟概念，按剂量称取即可，空文案影响小,批量套用「直接称取」模板
设计器草稿,萝卜绿豆鸭胸猪里脊,海藻粉,乳类及制品,SUPPLEMENT,CONCENTRATE,浓缩补剂,(空),1,低,B3b 补剂/油/粉空文案,补剂/油/粉无生熟概念，按剂量称取即可，空文案影响小,批量套用「直接称取」模板
设计器草稿,藜麦兔里脊猪肉,鱼油胶囊,乳类及制品,SUPPLEMENT,CONCENTRATE,浓缩补剂,(空),1,低,B3b 补剂/油/粉空文案,补剂/油/粉无生熟概念，按剂量称取即可，空文案影响小,批量套用「直接称取」模板
设计器草稿,藜麦兔里脊猪肉,鱼油胶囊,乳类及制品,SUPPLEMENT,CONCENTRATE,浓缩补剂,(空),1,低,B3b 补剂/油/粉空文案,补剂/油/粉无生熟概念，按剂量称取即可，空文案影响小,批量套用「直接称取」模板
设计器草稿,藜麦兔里脊猪肉,鱼油胶囊,乳类及制品,SUPPLEMENT,CONCENTRATE,浓缩补剂,(空),1,低,B3b 补剂/油/粉空文案,补剂/油/粉无生熟概念，按剂量称取即可，空文案影响小,批量套用「直接称取」模板
设计器草稿,藜麦兔里脊猪肉,鱼油胶囊,乳类及制品,SUPPLEMENT,CONCENTRATE,浓缩补剂,(空),1,低,B3b 补剂/油/粉空文案,补剂/油/粉无生熟概念，按剂量称取即可，空文案影响小,批量套用「直接称取」模板
设计器草稿,藜麦兔里脊猪肉,鱼油胶囊,乳类及制品,SUPPLEMENT,CONCENTRATE,浓缩补剂,(空),1,低,B3b 补剂/油/粉空文案,补剂/油/粉无生熟概念，按剂量称取即可，空文案影响小,批量套用「直接称取」模板
设计器草稿,藜麦南瓜生蚝鸡腿牛肉,生葵花籽仁,坚果种子类,FOOD,DRIED,干,生重、打碎、充分搅拌,1,低,C1b 干制品口径词不规范,干制品宜用「干重」,口径词统一（需字典补「干重」）
设计器草稿,藜麦南瓜生蚝鸡腿牛肉,生葵花籽仁,坚果种子类,FOOD,DRIED,干,生重、打碎、充分搅拌,1,低,C1b 干制品口径词不规范,干制品宜用「干重」,口径词统一（需字典补「干重」）
设计器草稿,藜麦南瓜生蚝鸡腿牛肉,生葵花籽仁,坚果种子类,FOOD,DRIED,干,生重、打碎、充分搅拌,1,低,C1b 干制品口径词不规范,干制品宜用「干重」,口径词统一（需字典补「干重」）
设计器草稿,藜麦南瓜生蚝鸡腿牛肉,生葵花籽仁,坚果种子类,FOOD,DRIED,干,生重、打碎、充分搅拌,1,低,C1b 干制品口径词不规范,干制品宜用「干重」,口径词统一（需字典补「干重」）
设计器草稿,藜麦南瓜生蚝鸡腿牛肉,生葵花籽仁,坚果种子类,FOOD,DRIED,干,生重、打碎、充分搅拌,1,低,C1b 干制品口径词不规范,干制品宜用「干重」,口径词统一（需字典补「干重」）
设计器草稿,藜麦南瓜生蚝鸡腿牛肉,小麦胚芽油,油脂类,FOOD,OIL,油脂,生重、充分搅拌,1,低,C1 冗余口径词（油/粉/补剂）,这类食材不因加热改变重量，口径词无意义（可安全删除）,删掉生重/熟重，保留处理步骤
设计器草稿,藜麦南瓜生蚝鸡腿牛肉,小麦胚芽油,油脂类,FOOD,OIL,油脂,生重、充分搅拌,1,低,C1 冗余口径词（油/粉/补剂）,这类食材不因加热改变重量，口径词无意义（可安全删除）,删掉生重/熟重，保留处理步骤
设计器草稿,藜麦南瓜生蚝鸡腿牛肉,小麦胚芽油,油脂类,FOOD,OIL,油脂,生重、充分搅拌,1,低,C1 冗余口径词（油/粉/补剂）,这类食材不因加热改变重量，口径词无意义（可安全删除）,删掉生重/熟重，保留处理步骤
设计器草稿,藜麦南瓜生蚝鸡腿牛肉,小麦胚芽油,油脂类,FOOD,OIL,油脂,生重、充分搅拌,1,低,C1 冗余口径词（油/粉/补剂）,这类食材不因加热改变重量，口径词无意义（可安全删除）,删掉生重/熟重，保留处理步骤
设计器草稿,藜麦南瓜生蚝鸡腿牛肉,小麦胚芽油,油脂类,FOOD,OIL,油脂,生重、充分搅拌,1,低,C1 冗余口径词（油/粉/补剂）,这类食材不因加热改变重量，口径词无意义（可安全删除）,删掉生重/熟重，保留处理步骤
设计器草稿,西葫芦大米比目鱼鸡肉,燕麦,谷类及制品,FOOD,DRIED,干,生重、打碎、充分搅拌,1,低,C1b 干制品口径词不规范,干制品宜用「干重」,口径词统一（需字典补「干重」）
设计器草稿,西葫芦大米比目鱼鸡肉,燕麦,谷类及制品,FOOD,DRIED,干,生重、打碎、充分搅拌,1,低,C1b 干制品口径词不规范,干制品宜用「干重」,口径词统一（需字典补「干重」）
设计器草稿,西葫芦大米比目鱼鸡肉,小麦胚芽油,油脂类,FOOD,OIL,油脂,生重、充分搅拌,1,低,C1 冗余口径词（油/粉/补剂）,这类食材不因加热改变重量，口径词无意义（可安全删除）,删掉生重/熟重，保留处理步骤
设计器草稿,西葫芦大米比目鱼鸡肉,小麦胚芽油,油脂类,FOOD,OIL,油脂,生重、充分搅拌,1,低,C1 冗余口径词（油/粉/补剂）,这类食材不因加热改变重量，口径词无意义（可安全删除）,删掉生重/熟重，保留处理步骤
设计器草稿,财宝定制,小麦胚芽油,油脂类,FOOD,OIL,油脂,生重、充分搅拌,1,低,C1 冗余口径词（油/粉/补剂）,这类食材不因加热改变重量，口径词无意义（可安全删除）,删掉生重/熟重，保留处理步骤
设计器草稿,财宝定制,小麦胚芽油,油脂类,FOOD,OIL,油脂,生重、充分搅拌,1,低,C1 冗余口径词（油/粉/补剂）,这类食材不因加热改变重量，口径词无意义（可安全删除）,删掉生重/熟重，保留处理步骤
设计器草稿,财宝定制（牛肉）,燕麦,谷类及制品,FOOD,DRIED,干,生重、打碎、充分搅拌,1,低,C1b 干制品口径词不规范,干制品宜用「干重」,口径词统一（需字典补「干重」）
设计器草稿,财宝定制（牛肉）,生葵花籽仁,坚果种子类,FOOD,DRIED,干,生重、打碎、充分搅拌,1,低,C1b 干制品口径词不规范,干制品宜用「干重」,口径词统一（需字典补「干重」）
设计器草稿,财宝定制食谱,葡萄糖酸锌片,乳类及制品,SUPPLEMENT,CONCENTRATE,浓缩补剂,(空),1,低,B3b 补剂/油/粉空文案,补剂/油/粉无生熟概念，按剂量称取即可，空文案影响小,批量套用「直接称取」模板
设计器草稿,财宝的定制20260911,生葵花籽仁,坚果种子类,FOOD,DRIED,干,生重、打碎、充分搅拌,1,低,C1b 干制品口径词不规范,干制品宜用「干重」,口径词统一（需字典补「干重」）
设计器草稿,财宝的定制20260911,蛋氨酸锌(含铜),,SUPPLEMENT,CONCENTRATE,浓缩补剂,充分搅拌,1,低,E2 原料分类缺失,原料没有分类，前台展示与统计会缺项,补分类
设计器草稿,财宝的定制20260911,氨基酸螯合铜,,SUPPLEMENT,CONCENTRATE,浓缩补剂,打粉、充分搅拌,1,低,E2 原料分类缺失,原料没有分类，前台展示与统计会缺项,补分类
设计器草稿,雪莉 的鲜食食谱 09/11,橄榄油,油脂类,FOOD,OIL,油脂,生重、充分搅拌,1,低,C1 冗余口径词（油/粉/补剂）,这类食材不因加热改变重量，口径词无意义（可安全删除）,删掉生重/熟重，保留处理步骤
设计器草稿,青口贝虾仁鸡胸（幺鸡）,生葵花籽仁,坚果种子类,FOOD,DRIED,干,生重、打碎、充分搅拌,1,低,C1b 干制品口径词不规范,干制品宜用「干重」,口径词统一（需字典补「干重」）
设计器草稿,青口贝虾仁鸡胸（幺鸡）,生葵花籽仁,坚果种子类,FOOD,DRIED,干,生重、打碎、充分搅拌,1,低,C1b 干制品口径词不规范,干制品宜用「干重」,口径词统一（需字典补「干重」）
设计器草稿,青口贝虾仁鸡胸（幺鸡）,食用盐,调味品类,FOOD,DRIED,干,生重、充分搅拌,1,低,C1b 干制品口径词不规范,干制品宜用「干重」,口径词统一（需字典补「干重」）
设计器草稿,青口贝虾仁鸡胸（幺鸡）,食用盐,调味品类,FOOD,DRIED,干,生重、充分搅拌,1,低,C1b 干制品口径词不规范,干制品宜用「干重」,口径词统一（需字典补「干重」）
设计器草稿,青口贝虾仁鸡胸（幺鸡）,蛋氨酸锌(含铜),,SUPPLEMENT,CONCENTRATE,浓缩补剂,(空),2,低,E2 原料分类缺失 + B3b 补剂/油/粉空文案,原料没有分类，前台展示与统计会缺项；补剂/油/粉无生熟概念，按剂量称取即可，空文案影响小,补分类；批量套用「直接称取」模板
设计器草稿,青口贝虾仁鸡胸（幺鸡）,蛋氨酸锌(含铜),,SUPPLEMENT,CONCENTRATE,浓缩补剂,(空),2,低,E2 原料分类缺失 + B3b 补剂/油/粉空文案,原料没有分类，前台展示与统计会缺项；补剂/油/粉无生熟概念，按剂量称取即可，空文案影响小,补分类；批量套用「直接称取」模板
设计器草稿,青口贝虾仁鸡胸（幺鸡）,碘钾片,乳类及制品,SUPPLEMENT,CONCENTRATE,浓缩补剂,(空),1,低,B3b 补剂/油/粉空文案,补剂/油/粉无生熟概念，按剂量称取即可，空文案影响小,批量套用「直接称取」模板
设计器草稿,青口贝虾仁鸡胸（幺鸡）,碘钾片,乳类及制品,SUPPLEMENT,CONCENTRATE,浓缩补剂,(空),1,低,B3b 补剂/油/粉空文案,补剂/油/粉无生熟概念，按剂量称取即可，空文案影响小,批量套用「直接称取」模板
设计器草稿,青花鱼对虾牛肉(财宝),小麦胚芽油,油脂类,FOOD,OIL,油脂,生重、充分搅拌,1,低,C1 冗余口径词（油/粉/补剂）,这类食材不因加热改变重量，口径词无意义（可安全删除）,删掉生重/熟重，保留处理步骤
设计器草稿,青花鱼对虾牛肉(财宝),食用盐,调味品类,FOOD,DRIED,干,生重、充分搅拌,1,低,C1b 干制品口径词不规范,干制品宜用「干重」,口径词统一（需字典补「干重」）
设计器草稿,青花鱼对虾牛肉(财宝),蛋氨酸锌(含铜),,SUPPLEMENT,CONCENTRATE,浓缩补剂,充分搅拌,1,低,E2 原料分类缺失,原料没有分类，前台展示与统计会缺项,补分类
设计器草稿,马？,碳酸钙粉,乳类及制品,SUPPLEMENT,CONCENTRATE,浓缩补剂,生重、充分搅拌,1,低,C1 冗余口径词（油/粉/补剂）,这类食材不因加热改变重量，口径词无意义（可安全删除）,删掉生重/熟重，保留处理步骤
设计器草稿,马？,碘钾片,乳类及制品,SUPPLEMENT,CONCENTRATE,浓缩补剂,(空),1,低,B3b 补剂/油/粉空文案,补剂/油/粉无生熟概念，按剂量称取即可，空文案影响小,批量套用「直接称取」模板
设计器草稿,鳕鱼鸡蛋牛肉(路宝),B族维生素复合胶囊,,SUPPLEMENT,CONCENTRATE,浓缩补剂,(空),2,低,E2 原料分类缺失 + B3b 补剂/油/粉空文案,原料没有分类，前台展示与统计会缺项；补剂/油/粉无生熟概念，按剂量称取即可，空文案影响小,补分类；批量套用「直接称取」模板
设计器草稿,鳕鱼鸡蛋牛肉(路宝),B族维生素复合胶囊,,SUPPLEMENT,CONCENTRATE,浓缩补剂,(空),2,低,E2 原料分类缺失 + B3b 补剂/油/粉空文案,原料没有分类，前台展示与统计会缺项；补剂/油/粉无生熟概念，按剂量称取即可，空文案影响小,补分类；批量套用「直接称取」模板
设计器草稿,鸡兔-lp DV,白芝麻,坚果种子类,FOOD,DRIED,干,生重、充分搅拌,1,低,C1b 干制品口径词不规范,干制品宜用「干重」,口径词统一（需字典补「干重」）
设计器草稿,鸡兔-lp DV,柠檬酸钙粉,乳类及制品,SUPPLEMENT,POWDER,粉末,(空),1,低,B3b 补剂/油/粉空文案,补剂/油/粉无生熟概念，按剂量称取即可，空文案影响小,批量套用「直接称取」模板
设计器草稿,鸡兔-lp DV,柠檬酸钾胶囊,乳类及制品,SUPPLEMENT,CONCENTRATE,浓缩补剂,(空),1,低,B3b 补剂/油/粉空文案,补剂/油/粉无生熟概念，按剂量称取即可，空文案影响小,批量套用「直接称取」模板
设计器草稿,鸡兔-lp DV,氨基酸螯合铜,,SUPPLEMENT,CONCENTRATE,浓缩补剂,(空),2,低,E2 原料分类缺失 + B3b 补剂/油/粉空文案,原料没有分类，前台展示与统计会缺项；补剂/油/粉无生熟概念，按剂量称取即可，空文案影响小,补分类；批量套用「直接称取」模板
设计器草稿,鸡兔-lp DV,蛋氨酸锌(含铜),,SUPPLEMENT,CONCENTRATE,浓缩补剂,充分搅拌,1,低,E2 原料分类缺失,原料没有分类，前台展示与统计会缺项,补分类
设计器草稿,鸡兔-lp DV 碱,白芝麻,坚果种子类,FOOD,DRIED,干,生重、充分搅拌,1,低,C1b 干制品口径词不规范,干制品宜用「干重」,口径词统一（需字典补「干重」）
设计器草稿,鸡兔-lp DV 碱,柠檬酸钙粉,乳类及制品,SUPPLEMENT,POWDER,粉末,(空),1,低,B3b 补剂/油/粉空文案,补剂/油/粉无生熟概念，按剂量称取即可，空文案影响小,批量套用「直接称取」模板
设计器草稿,鸡兔-lp DV 碱,柠檬酸钾胶囊,乳类及制品,SUPPLEMENT,CONCENTRATE,浓缩补剂,(空),1,低,B3b 补剂/油/粉空文案,补剂/油/粉无生熟概念，按剂量称取即可，空文案影响小,批量套用「直接称取」模板
设计器草稿,鸡兔-lp DV 碱,氨基酸螯合铜,,SUPPLEMENT,CONCENTRATE,浓缩补剂,(空),2,低,E2 原料分类缺失 + B3b 补剂/油/粉空文案,原料没有分类，前台展示与统计会缺项；补剂/油/粉无生熟概念，按剂量称取即可，空文案影响小,补分类；批量套用「直接称取」模板
设计器草稿,鸡肉食谱,生南瓜籽仁,坚果种子类,FOOD,DRIED,干,生重、打碎、充分搅拌,1,低,C1b 干制品口径词不规范,干制品宜用「干重」,口径词统一（需字典补「干重」）
设计器草稿,鸡肉食谱,火麻籽,坚果种子类,FOOD,DRIED,干,生重、打碎、充分搅拌,1,低,C1b 干制品口径词不规范,干制品宜用「干重」,口径词统一（需字典补「干重」）
设计器草稿,鸡肉食谱,小麦胚芽油,油脂类,FOOD,OIL,油脂,生重、充分搅拌,1,低,C1 冗余口径词（油/粉/补剂）,这类食材不因加热改变重量，口径词无意义（可安全删除）,删掉生重/熟重，保留处理步骤
设计器草稿,鸡胸280-lp DV,白芝麻,坚果种子类,FOOD,DRIED,干,生重、充分搅拌,1,低,C1b 干制品口径词不规范,干制品宜用「干重」,口径词统一（需字典补「干重」）
设计器草稿,鸡胸280-lp DV,柠檬酸钙粉,乳类及制品,SUPPLEMENT,POWDER,粉末,(空),1,低,B3b 补剂/油/粉空文案,补剂/油/粉无生熟概念，按剂量称取即可，空文案影响小,批量套用「直接称取」模板
设计器草稿,鸡胸280-lp DV,柠檬酸钾胶囊,乳类及制品,SUPPLEMENT,CONCENTRATE,浓缩补剂,(空),1,低,B3b 补剂/油/粉空文案,补剂/油/粉无生熟概念，按剂量称取即可，空文案影响小,批量套用「直接称取」模板
设计器草稿,鸡胸280-lp DV,氨基酸螯合铜,,SUPPLEMENT,CONCENTRATE,浓缩补剂,(空),2,低,E2 原料分类缺失 + B3b 补剂/油/粉空文案,原料没有分类，前台展示与统计会缺项；补剂/油/粉无生熟概念，按剂量称取即可，空文案影响小,补分类；批量套用「直接称取」模板
设计器草稿,鸡胸280-lp DV,蛋氨酸锌(含铜),,SUPPLEMENT,CONCENTRATE,浓缩补剂,充分搅拌,1,低,E2 原料分类缺失,原料没有分类，前台展示与统计会缺项,补分类
设计器草稿,鸡胸280-lp DV碱,白芝麻,坚果种子类,FOOD,DRIED,干,生重、充分搅拌,1,低,C1b 干制品口径词不规范,干制品宜用「干重」,口径词统一（需字典补「干重」）
设计器草稿,鸡胸280-lp DV碱,柠檬酸钾胶囊,乳类及制品,SUPPLEMENT,CONCENTRATE,浓缩补剂,(空),1,低,B3b 补剂/油/粉空文案,补剂/油/粉无生熟概念，按剂量称取即可，空文案影响小,批量套用「直接称取」模板
设计器草稿,鸡胸280-lp DV碱,柠檬酸钙粉,乳类及制品,SUPPLEMENT,POWDER,粉末,(空),1,低,B3b 补剂/油/粉空文案,补剂/油/粉无生熟概念，按剂量称取即可，空文案影响小,批量套用「直接称取」模板
设计器草稿,鸡胸280-lp DV碱,氨基酸螯合铜,,SUPPLEMENT,CONCENTRATE,浓缩补剂,(空),2,低,E2 原料分类缺失 + B3b 补剂/油/粉空文案,原料没有分类，前台展示与统计会缺项；补剂/油/粉无生熟概念，按剂量称取即可，空文案影响小,补分类；批量套用「直接称取」模板
设计器草稿,鸡胸280-lp DV碱,蛋氨酸锌(含铜),,SUPPLEMENT,CONCENTRATE,浓缩补剂,充分搅拌,1,低,E2 原料分类缺失,原料没有分类，前台展示与统计会缺项,补分类
设计器草稿,鸡胸300 pj,白芝麻,坚果种子类,FOOD,DRIED,干,生重、充分搅拌,1,低,C1b 干制品口径词不规范,干制品宜用「干重」,口径词统一（需字典补「干重」）
设计器草稿,鸡胸300 pj,柠檬酸钙粉,乳类及制品,SUPPLEMENT,POWDER,粉末,(空),1,低,B3b 补剂/油/粉空文案,补剂/油/粉无生熟概念，按剂量称取即可，空文案影响小,批量套用「直接称取」模板
设计器草稿,鸡胸300 pj,蛋氨酸锌(含铜),,SUPPLEMENT,CONCENTRATE,浓缩补剂,充分搅拌,1,低,E2 原料分类缺失,原料没有分类，前台展示与统计会缺项,补分类
设计器草稿,鸡胸300 pj,氨基酸螯合铜,,SUPPLEMENT,CONCENTRATE,浓缩补剂,(空),2,低,E2 原料分类缺失 + B3b 补剂/油/粉空文案,原料没有分类，前台展示与统计会缺项；补剂/油/粉无生熟概念，按剂量称取即可，空文案影响小,补分类；批量套用「直接称取」模板
设计器草稿,鸡胸半餐-lp DV,白芝麻,坚果种子类,FOOD,DRIED,干,生重、充分搅拌,1,低,C1b 干制品口径词不规范,干制品宜用「干重」,口径词统一（需字典补「干重」）
设计器草稿,鸡胸半餐-lp DV,柠檬酸钙粉,乳类及制品,SUPPLEMENT,POWDER,粉末,(空),1,低,B3b 补剂/油/粉空文案,补剂/油/粉无生熟概念，按剂量称取即可，空文案影响小,批量套用「直接称取」模板
设计器草稿,鸡胸半餐-lp DV,柠檬酸钾胶囊,乳类及制品,SUPPLEMENT,CONCENTRATE,浓缩补剂,(空),1,低,B3b 补剂/油/粉空文案,补剂/油/粉无生熟概念，按剂量称取即可，空文案影响小,批量套用「直接称取」模板
设计器草稿,鸡胸半餐-lp DV,氨基酸螯合铜,,SUPPLEMENT,CONCENTRATE,浓缩补剂,(空),2,低,E2 原料分类缺失 + B3b 补剂/油/粉空文案,原料没有分类，前台展示与统计会缺项；补剂/油/粉无生熟概念，按剂量称取即可，空文案影响小,补分类；批量套用「直接称取」模板
设计器草稿,鸡胸半餐-lp DV 副本,白芝麻,坚果种子类,FOOD,DRIED,干,生重、充分搅拌,1,低,C1b 干制品口径词不规范,干制品宜用「干重」,口径词统一（需字典补「干重」）
设计器草稿,鸡胸半餐-lp DV 副本,柠檬酸钙粉,乳类及制品,SUPPLEMENT,POWDER,粉末,(空),1,低,B3b 补剂/油/粉空文案,补剂/油/粉无生熟概念，按剂量称取即可，空文案影响小,批量套用「直接称取」模板
设计器草稿,鸡胸半餐-lp DV 副本,柠檬酸钾胶囊,乳类及制品,SUPPLEMENT,CONCENTRATE,浓缩补剂,(空),1,低,B3b 补剂/油/粉空文案,补剂/油/粉无生熟概念，按剂量称取即可，空文案影响小,批量套用「直接称取」模板
设计器草稿,鸡胸半餐-lp DV 副本,氨基酸螯合铜,,SUPPLEMENT,CONCENTRATE,浓缩补剂,(空),2,低,E2 原料分类缺失 + B3b 补剂/油/粉空文案,原料没有分类，前台展示与统计会缺项；补剂/油/粉无生熟概念，按剂量称取即可，空文案影响小,补分类；批量套用「直接称取」模板
设计器草稿,鸡胸牛肉饭(幺鸡),小麦胚芽油,油脂类,FOOD,OIL,油脂,生重、充分搅拌,1,低,C1 冗余口径词（油/粉/补剂）,这类食材不因加热改变重量，口径词无意义（可安全删除）,删掉生重/熟重，保留处理步骤
设计器草稿,鸡胸牛肉饭(幺鸡),小麦胚芽油,油脂类,FOOD,OIL,油脂,生重、充分搅拌,1,低,C1 冗余口径词（油/粉/补剂）,这类食材不因加热改变重量，口径词无意义（可安全删除）,删掉生重/熟重，保留处理步骤
设计器草稿,鸡胸牛肉饭(幺鸡),小麦胚芽油,油脂类,FOOD,OIL,油脂,生重、充分搅拌,1,低,C1 冗余口径词（油/粉/补剂）,这类食材不因加热改变重量，口径词无意义（可安全删除）,删掉生重/熟重，保留处理步骤
设计器草稿,鸡胸牛肉饭(幺鸡),小麦胚芽油,油脂类,FOOD,OIL,油脂,生重、充分搅拌,1,低,C1 冗余口径词（油/粉/补剂）,这类食材不因加热改变重量，口径词无意义（可安全删除）,删掉生重/熟重，保留处理步骤
设计器草稿,鸡胸牛肉饭(幺鸡),小麦胚芽油,油脂类,FOOD,OIL,油脂,生重、充分搅拌,1,低,C1 冗余口径词（油/粉/补剂）,这类食材不因加热改变重量，口径词无意义（可安全删除）,删掉生重/熟重，保留处理步骤
设计器草稿,鸡胸牛肉饭(幺鸡),小麦胚芽油,油脂类,FOOD,OIL,油脂,生重、充分搅拌,1,低,C1 冗余口径词（油/粉/补剂）,这类食材不因加热改变重量，口径词无意义（可安全删除）,删掉生重/熟重，保留处理步骤
设计器草稿,鸡胸牛肉饭(幺鸡),火麻籽,坚果种子类,FOOD,DRIED,干,生重、打碎、充分搅拌,1,低,C1b 干制品口径词不规范,干制品宜用「干重」,口径词统一（需字典补「干重」）
设计器草稿,鸡胸牛肉饭(幺鸡),火麻籽,坚果种子类,FOOD,DRIED,干,生重、打碎、充分搅拌,1,低,C1b 干制品口径词不规范,干制品宜用「干重」,口径词统一（需字典补「干重」）
设计器草稿,鸡胸牛肉饭(幺鸡),火麻籽,坚果种子类,FOOD,DRIED,干,生重、打碎、充分搅拌,1,低,C1b 干制品口径词不规范,干制品宜用「干重」,口径词统一（需字典补「干重」）
设计器草稿,鸡胸牛肉饭(幺鸡),火麻籽,坚果种子类,FOOD,DRIED,干,生重、打碎、充分搅拌,1,低,C1b 干制品口径词不规范,干制品宜用「干重」,口径词统一（需字典补「干重」）
设计器草稿,鸡胸牛肉饭(幺鸡),火麻籽,坚果种子类,FOOD,DRIED,干,生重、打碎、充分搅拌,1,低,C1b 干制品口径词不规范,干制品宜用「干重」,口径词统一（需字典补「干重」）
设计器草稿,鸡胸牛肉饭(幺鸡),火麻籽,坚果种子类,FOOD,DRIED,干,生重、打碎、充分搅拌,1,低,C1b 干制品口径词不规范,干制品宜用「干重」,口径词统一（需字典补「干重」）
设计器草稿,鸡胸牛肉饭(幺鸡),蛋氨酸锌(含铜),,SUPPLEMENT,CONCENTRATE,浓缩补剂,充分搅拌,1,低,E2 原料分类缺失,原料没有分类，前台展示与统计会缺项,补分类
设计器草稿,鸡胸牛肉饭(幺鸡),丁香粉,调味品类,FOOD,POWDER,粉,(空),1,低,B3b 补剂/油/粉空文案,补剂/油/粉无生熟概念，按剂量称取即可，空文案影响小,批量套用「直接称取」模板
设计器草稿,鸡胸牛肉饭(幺鸡),蛋氨酸锌(含铜),,SUPPLEMENT,CONCENTRATE,浓缩补剂,充分搅拌,1,低,E2 原料分类缺失,原料没有分类，前台展示与统计会缺项,补分类
设计器草稿,鸡胸牛肉饭(幺鸡),蛋氨酸锌(含铜),,SUPPLEMENT,CONCENTRATE,浓缩补剂,充分搅拌,1,低,E2 原料分类缺失,原料没有分类，前台展示与统计会缺项,补分类
设计器草稿,鸡胸牛肉饭(幺鸡),丁香粉,调味品类,FOOD,POWDER,粉,(空),1,低,B3b 补剂/油/粉空文案,补剂/油/粉无生熟概念，按剂量称取即可，空文案影响小,批量套用「直接称取」模板
设计器草稿,鸡胸牛肉饭(幺鸡),蛋氨酸锌(含铜),,SUPPLEMENT,CONCENTRATE,浓缩补剂,充分搅拌,1,低,E2 原料分类缺失,原料没有分类，前台展示与统计会缺项,补分类
设计器草稿,鸡胸牛肉饭(幺鸡),蛋氨酸锌(含铜),,SUPPLEMENT,CONCENTRATE,浓缩补剂,充分搅拌,1,低,E2 原料分类缺失,原料没有分类，前台展示与统计会缺项,补分类
设计器草稿,鸡胸牛肉饭(幺鸡),蛋氨酸锌(含铜),,SUPPLEMENT,CONCENTRATE,浓缩补剂,充分搅拌,1,低,E2 原料分类缺失,原料没有分类，前台展示与统计会缺项,补分类
设计器草稿,鸡胸牛肉饭(幺鸡),氨基酸螯合铜,,SUPPLEMENT,CONCENTRATE,浓缩补剂,(空),2,低,E2 原料分类缺失 + B3b 补剂/油/粉空文案,原料没有分类，前台展示与统计会缺项；补剂/油/粉无生熟概念，按剂量称取即可，空文案影响小,补分类；批量套用「直接称取」模板
设计器草稿,鸡胸牛肉饭(幺鸡),氨基酸螯合铜,,SUPPLEMENT,CONCENTRATE,浓缩补剂,(空),2,低,E2 原料分类缺失 + B3b 补剂/油/粉空文案,原料没有分类，前台展示与统计会缺项；补剂/油/粉无生熟概念，按剂量称取即可，空文案影响小,补分类；批量套用「直接称取」模板
设计器草稿,鸡胸牛肉饭(幺鸡),B族维生素复合胶囊,,SUPPLEMENT,CONCENTRATE,浓缩补剂,充分搅拌,1,低,E2 原料分类缺失,原料没有分类，前台展示与统计会缺项,补分类
设计器草稿,鸡胸牛肉饭(幺鸡),B族维生素复合胶囊,,SUPPLEMENT,CONCENTRATE,浓缩补剂,充分搅拌,1,低,E2 原料分类缺失,原料没有分类，前台展示与统计会缺项,补分类
设计器草稿,鸡蛋鱼虾鸭胸(路宝),火麻籽,坚果种子类,FOOD,DRIED,干,生重、打碎、充分搅拌,1,低,C1b 干制品口径词不规范,干制品宜用「干重」,口径词统一（需字典补「干重」）
设计器草稿,鸡蛋鱼虾鸭胸(路宝),火麻籽,坚果种子类,FOOD,DRIED,干,生重、打碎、充分搅拌,1,低,C1b 干制品口径词不规范,干制品宜用「干重」,口径词统一（需字典补「干重」）
设计器草稿,鸡蛋鱼虾鸭胸(路宝),火麻籽,坚果种子类,FOOD,DRIED,干,生重、打碎、充分搅拌,1,低,C1b 干制品口径词不规范,干制品宜用「干重」,口径词统一（需字典补「干重」）
设计器草稿,鸡蛋鱼虾鸭胸(路宝),姜粉,调味品类,FOOD,POWDER,粉,(空),1,低,B3b 补剂/油/粉空文案,补剂/油/粉无生熟概念，按剂量称取即可，空文案影响小,批量套用「直接称取」模板
设计器草稿,鸡蛋鱼虾鸭胸(路宝),姜粉,调味品类,FOOD,POWDER,粉,(空),1,低,B3b 补剂/油/粉空文案,补剂/油/粉无生熟概念，按剂量称取即可，空文案影响小,批量套用「直接称取」模板
设计器草稿,鸡蛋鱼虾鸭胸(路宝),姜粉,调味品类,FOOD,POWDER,粉,(空),1,低,B3b 补剂/油/粉空文案,补剂/油/粉无生熟概念，按剂量称取即可，空文案影响小,批量套用「直接称取」模板
设计器草稿,鸡蛋鱼虾鸭胸(路宝),蛋氨酸锌(含铜),,SUPPLEMENT,CONCENTRATE,浓缩补剂,(空),2,低,E2 原料分类缺失 + B3b 补剂/油/粉空文案,原料没有分类，前台展示与统计会缺项；补剂/油/粉无生熟概念，按剂量称取即可，空文案影响小,补分类；批量套用「直接称取」模板
设计器草稿,鸡蛋鱼虾鸭胸(路宝),蛋氨酸锌(含铜),,SUPPLEMENT,CONCENTRATE,浓缩补剂,(空),2,低,E2 原料分类缺失 + B3b 补剂/油/粉空文案,原料没有分类，前台展示与统计会缺项；补剂/油/粉无生熟概念，按剂量称取即可，空文案影响小,补分类；批量套用「直接称取」模板
设计器草稿,鸡蛋鱼虾鸭胸(路宝),蛋氨酸锌(含铜),,SUPPLEMENT,CONCENTRATE,浓缩补剂,(空),2,低,E2 原料分类缺失 + B3b 补剂/油/粉空文案,原料没有分类，前台展示与统计会缺项；补剂/油/粉无生熟概念，按剂量称取即可，空文案影响小,补分类；批量套用「直接称取」模板
设计器草稿,鸭,白芝麻,坚果种子类,FOOD,DRIED,干,生重、充分搅拌,1,低,C1b 干制品口径词不规范,干制品宜用「干重」,口径词统一（需字典补「干重」）
设计器草稿,鸭,柠檬酸钙粉,乳类及制品,SUPPLEMENT,POWDER,粉末,(空),1,低,B3b 补剂/油/粉空文案,补剂/油/粉无生熟概念，按剂量称取即可，空文案影响小,批量套用「直接称取」模板
设计器草稿,鸭,氨基酸螯合铜,,SUPPLEMENT,CONCENTRATE,浓缩补剂,(空),2,低,E2 原料分类缺失 + B3b 补剂/油/粉空文案,原料没有分类，前台展示与统计会缺项；补剂/油/粉无生熟概念，按剂量称取即可，空文案影响小,补分类；批量套用「直接称取」模板
设计器草稿,鸭,蛋氨酸锌(含铜),,SUPPLEMENT,CONCENTRATE,浓缩补剂,充分搅拌,1,低,E2 原料分类缺失,原料没有分类，前台展示与统计会缺项,补分类
设计器草稿,鸭肉梨,生葵花籽仁,坚果种子类,FOOD,DRIED,干,生重、打碎、充分搅拌,1,低,C1b 干制品口径词不规范,干制品宜用「干重」,口径词统一（需字典补「干重」）
设计器草稿,鸭肉梨,蛋氨酸锌(含铜),,SUPPLEMENT,CONCENTRATE,浓缩补剂,充分搅拌,1,低,E2 原料分类缺失,原料没有分类，前台展示与统计会缺项,补分类
设计器草稿,鸭肉食谱,小麦胚芽油,油脂类,FOOD,OIL,油脂,生重、充分搅拌,1,低,C1 冗余口径词（油/粉/补剂）,这类食材不因加热改变重量，口径词无意义（可安全删除）,删掉生重/熟重，保留处理步骤
设计器草稿,鸭肉食谱,火麻籽,坚果种子类,FOOD,DRIED,干,生重、打碎、充分搅拌,1,低,C1b 干制品口径词不规范,干制品宜用「干重」,口径词统一（需字典补「干重」）
设计器草稿,黑米鳕鱼鸡胸,生葵花籽仁,坚果种子类,FOOD,DRIED,干,生重、打碎、充分搅拌,1,低,C1b 干制品口径词不规范,干制品宜用「干重」,口径词统一（需字典补「干重」）
设计器草稿,黑米鳕鱼鸡胸,生葵花籽仁,坚果种子类,FOOD,DRIED,干,生重、打碎、充分搅拌,1,低,C1b 干制品口径词不规范,干制品宜用「干重」,口径词统一（需字典补「干重」）
设计器草稿,黑米鳕鱼鸡胸,生葵花籽仁,坚果种子类,FOOD,DRIED,干,生重、打碎、充分搅拌,1,低,C1b 干制品口径词不规范,干制品宜用「干重」,口径词统一（需字典补「干重」）
设计器草稿,黑米鳕鱼鸡胸,奇亚籽,坚果种子类,FOOD,DRIED,干,生重、打碎、充分搅拌,1,低,C1b 干制品口径词不规范,干制品宜用「干重」,口径词统一（需字典补「干重」）
设计器草稿,黑米鳕鱼鸡胸,奇亚籽,坚果种子类,FOOD,DRIED,干,生重、打碎、充分搅拌,1,低,C1b 干制品口径词不规范,干制品宜用「干重」,口径词统一（需字典补「干重」）
设计器草稿,黑米鳕鱼鸡胸,奇亚籽,坚果种子类,FOOD,DRIED,干,生重、打碎、充分搅拌,1,低,C1b 干制品口径词不规范,干制品宜用「干重」,口径词统一（需字典补「干重」）